observation_key,gbif_id,observed_date,observed_at_utc,date_precision_days,year,month,bio_phase,latitude,longitude,coordinate_uncertainty_m,precision_class,commune_insee,commune_nom,departement_code,taxon_name,taxon_rank,basis_of_record,source_channel,dataset_key,license_code,attribution_required,non_commercial_only,n_source_records,n_source_datasets,source_gbif_ids,gbif_cluster_flag,is_first_in_commune,quality_flags,source_file,processed_at
20633eceebd50538,2473222879,2008-12-31,,1.0,2008,12,hiver_hivernage,46.423,-0.818,,inconnue,85080,Doix lès Fontaines,85,"Vespa velutina nigrithorax Buysson, 1905",SUBSPECIES,HUMAN_OBSERVATION,Inventaire national Frelon (MNHN),9fd6c3da-88f7-4df7-9a3f-3f3f9c703998,CC_BY_4_0,True,False,1,1,2473222879,False,True,Q08_incertitude_connue,gbif_20260923T091718Z/page_year-2008_offset-000000.json,2026-09-23T09:18:20Z
8cede411135082bf,2613609786,2008-12-31,,1.0,2008,12,hiver_hivernage,46.39,-0.841,5000.0,faible_5km,85148,Montreuil,85,"Vespa velutina nigrithorax Buysson, 1905",SUBSPECIES,HUMAN_OBSERVATION,CardObs (INPN),4145cd45-8a92-426d-be8b-bfbbf5209032,CC_BY_NC_4_0,True,True,1,1,2613609786,False,True,,gbif_20260923T091718Z/page_year-2008_offset-000000.json,2026-09-23T09:18:20Z
d445d2ebdc72f17b,2613605419,2009-08-06,,1.0,2009,8,ete_ouvrieres,46.57,-0.853,5000.0,faible_5km,85205,Saint-Cyr-des-Gâts,85,"Vespa velutina nigrithorax Buysson, 1905",SUBSPECIES,HUMAN_OBSERVATION,CardObs (INPN),4145cd45-8a92-426d-be8b-bfbbf5209032,CC_BY_NC_4_0,True,True,1,1,2613605419,False,True,,gbif_20260923T091718Z/page_year-2009_offset-000000.json,2026-09-23T09:18:20Z
f63bfe27dcba81e5,2473220329,2009-08-06,,1.0,2009,8,ete_ouvrieres,46.541,-0.905,,inconnue,85245,Saint-Martin-des-Fontaines,85,"Vespa velutina nigrithorax Buysson, 1905",SUBSPECIES,HUMAN_OBSERVATION,Inventaire national Frelon (MNHN),9fd6c3da-88f7-4df7-9a3f-3f3f9c703998,CC_BY_4_0,True,False,1,1,2473220329,False,True,Q08_incertitude_connue,gbif_20260923T091718Z/page_year-2009_offset-000000.json,2026-09-23T09:18:20Z
218057da26aa8426,2473182230,2009-09-03,,1.0,2009,9,automne_reproduction,46.455,-1.149,,inconnue,85128,Luçon,85,"Vespa velutina nigrithorax Buysson, 1905",SUBSPECIES,HUMAN_OBSERVATION,Inventaire national Frelon (MNHN),9fd6c3da-88f7-4df7-9a3f-3f3f9c703998,CC_BY_4_0,True,False,1,1,2473182230,False,True,Q08_incertitude_connue,gbif_20260923T091718Z/page_year-2009_offset-000000.json,2026-09-23T09:18:20Z
6e295b0ceeaf0560,2473182153,2009-09-03,,1.0,2009,9,automne_reproduction,47.129,-0.153,,inconnue,49215,Montreuil-Bellay,49,"Vespa velutina nigrithorax Buysson, 1905",SUBSPECIES,HUMAN_OBSERVATION,Inventaire national Frelon (MNHN),9fd6c3da-88f7-4df7-9a3f-3f3f9c703998,CC_BY_4_0,True,False,1,1,2473182153,False,True,Q08_incertitude_connue,gbif_20260923T091718Z/page_year-2009_offset-000000.json,2026-09-23T09:18:20Z
9014d970bdcebb16,2613612780,2009-09-03,,1.0,2009,9,automne_reproduction,47.134,-0.101,5000.0,faible_5km,49215,Montreuil-Bellay,49,"Vespa velutina nigrithorax Buysson, 1905",SUBSPECIES,HUMAN_OBSERVATION,CardObs (INPN),4145cd45-8a92-426d-be8b-bfbbf5209032,CC_BY_NC_4_0,True,True,1,1,2613612780,False,False,,gbif_20260923T091718Z/page_year-2009_offset-000000.json,2026-09-23T09:18:20Z
d396f3be2458a8d8,2613608373,2009-09-03,,1.0,2009,9,automne_reproduction,46.471,-1.107,5000.0,faible_5km,85216,Sainte-Gemme-la-Plaine,85,"Vespa velutina nigrithorax Buysson, 1905",SUBSPECIES,HUMAN_OBSERVATION,CardObs (INPN),4145cd45-8a92-426d-be8b-bfbbf5209032,CC_BY_NC_4_0,True,True,1,1,2613608373,False,True,,gbif_20260923T091718Z/page_year-2009_offset-000000.json,2026-09-23T09:18:20Z
a15c3ebb4e907243,2613611256,2009-09-10,,1.0,2009,9,automne_reproduction,46.485,-0.717,5000.0,faible_5km,85094,Foussais-Payré,85,"Vespa velutina nigrithorax Buysson, 1905",SUBSPECIES,HUMAN_OBSERVATION,CardObs (INPN),4145cd45-8a92-426d-be8b-bfbbf5209032,CC_BY_NC_4_0,True,True,1,1,2613611256,False,True,,gbif_20260923T091718Z/page_year-2009_offset-000000.json,2026-09-23T09:18:20Z
e39df32974620a32,2473220411,2009-09-10,,1.0,2009,9,automne_reproduction,46.471,-0.667,,inconnue,85227,Saint-Hilaire-des-Loges,85,"Vespa velutina nigrithorax Buysson, 1905",SUBSPECIES,HUMAN_OBSERVATION,Inventaire national Frelon (MNHN),9fd6c3da-88f7-4df7-9a3f-3f3f9c703998,CC_BY_4_0,True,False,1,1,2473220411,False,True,Q08_incertitude_connue,gbif_20260923T091718Z/page_year-2009_offset-000000.json,2026-09-23T09:18:20Z
0813393d409b346b,2613608403,2009-11-10,,1.0,2009,11,automne_reproduction,47.118,-0.628,5000.0,faible_5km,49109,Coron,49,"Vespa velutina nigrithorax Buysson, 1905",SUBSPECIES,HUMAN_OBSERVATION,CardObs (INPN),4145cd45-8a92-426d-be8b-bfbbf5209032,CC_BY_NC_4_0,True,True,1,1,2613608403,False,True,,gbif_20260923T091718Z/page_year-2009_offset-000000.json,2026-09-23T09:18:20Z
f16db13b28507882,2473185272,2009-11-10,,1.0,2009,11,automne_reproduction,47.125,-0.648,,inconnue,49109,Coron,49,"Vespa velutina nigrithorax Buysson, 1905",SUBSPECIES,HUMAN_OBSERVATION,Inventaire national Frelon (MNHN),9fd6c3da-88f7-4df7-9a3f-3f3f9c703998,CC_BY_4_0,True,False,1,1,2473185272,False,False,Q08_incertitude_connue,gbif_20260923T091718Z/page_year-2009_offset-000000.json,2026-09-23T09:18:20Z
c6875778c160ce9d,2473186800,2010-08-11,,1.0,2010,8,ete_ouvrieres,46.334,-0.675,20.0,precise_100m,85139,Le Mazeau,85,"Vespa velutina nigrithorax Buysson, 1905",SUBSPECIES,HUMAN_OBSERVATION,Inventaire national Frelon (MNHN),9fd6c3da-88f7-4df7-9a3f-3f3f9c703998,CC_BY_4_0,True,False,1,1,2473186800,False,True,,gbif_20260923T091718Z/page_year-2010_offset-000000.json,2026-09-23T09:18:20Z
7ec54cb2dfbb5c03,2473183808,2010-08-15,,1.0,2010,8,ete_ouvrieres,46.548,-0.641,3000.0,faible_5km,85087,Faymoreau,85,"Vespa velutina nigrithorax Buysson, 1905",SUBSPECIES,HUMAN_OBSERVATION,Inventaire national Frelon (MNHN),9fd6c3da-88f7-4df7-9a3f-3f3f9c703998,CC_BY_4_0,True,False,1,1,2473183808,False,True,,gbif_20260923T091718Z/page_year-2010_offset-000000.json,2026-09-23T09:18:20Z
2e99bd4b5116c131,2613604942,2010-08-20,,1.0,2010,8,ete_ouvrieres,46.93,-0.879,5000.0,faible_5km,85240,Saint-Malô-du-Bois,85,"Vespa velutina nigrithorax Buysson, 1905",SUBSPECIES,HUMAN_OBSERVATION,CardObs (INPN),4145cd45-8a92-426d-be8b-bfbbf5209032,CC_BY_NC_4_0,True,True,1,1,2613604942,False,True,,gbif_20260923T091718Z/page_year-2010_offset-000000.json,2026-09-23T09:18:20Z
438dcce586705b26,2473223619,2010-08-20,,1.0,2010,8,ete_ouvrieres,46.951,-0.893,3000.0,faible_5km,85238,Saint-Laurent-sur-Sèvre,85,"Vespa velutina nigrithorax Buysson, 1905",SUBSPECIES,HUMAN_OBSERVATION,Inventaire national Frelon (MNHN),9fd6c3da-88f7-4df7-9a3f-3f3f9c703998,CC_BY_4_0,True,False,1,1,2473223619,False,True,,gbif_20260923T091718Z/page_year-2010_offset-000000.json,2026-09-23T09:18:20Z
582f9972e183ea7c,2613608976,2010-08-21,,1.0,2010,8,ete_ouvrieres,47.181,-1.426,5000.0,faible_5km,44215,Vertou,44,"Vespa velutina nigrithorax Buysson, 1905",SUBSPECIES,HUMAN_OBSERVATION,CardObs (INPN),4145cd45-8a92-426d-be8b-bfbbf5209032,CC_BY_NC_4_0,True,True,1,1,2613608976,False,True,,gbif_20260923T091718Z/page_year-2010_offset-000000.json,2026-09-23T09:18:20Z
8a43d33554076f59,2473185822,2010-08-21,,1.0,2010,8,ete_ouvrieres,47.208,-1.456,3000.0,faible_5km,44009,Basse-Goulaine,44,"Vespa velutina nigrithorax Buysson, 1905",SUBSPECIES,HUMAN_OBSERVATION,Inventaire national Frelon (MNHN),9fd6c3da-88f7-4df7-9a3f-3f3f9c703998,CC_BY_4_0,True,False,1,1,2473185822,False,True,,gbif_20260923T091718Z/page_year-2010_offset-000000.json,2026-09-23T09:18:20Z
4e7f64561552f6f9,2613612124,2010-08-26,,1.0,2010,8,ete_ouvrieres,46.57,-0.853,5000.0,faible_5km,85205,Saint-Cyr-des-Gâts,85,"Vespa velutina nigrithorax Buysson, 1905",SUBSPECIES,HUMAN_OBSERVATION,CardObs (INPN),4145cd45-8a92-426d-be8b-bfbbf5209032,CC_BY_NC_4_0,True,True,1,1,2613612124,False,False,,gbif_20260923T091718Z/page_year-2010_offset-000000.json,2026-09-23T09:18:20Z
5aee3de3c4dff650,2473185812,2010-08-26,,1.0,2010,8,ete_ouvrieres,46.569,-0.917,20.0,precise_100m,85237,Saint-Laurent-de-la-Salle,85,"Vespa velutina nigrithorax Buysson, 1905",SUBSPECIES,HUMAN_OBSERVATION,Inventaire national Frelon (MNHN),9fd6c3da-88f7-4df7-9a3f-3f3f9c703998,CC_BY_4_0,True,False,1,1,2473185812,False,True,,gbif_20260923T091718Z/page_year-2010_offset-000000.json,2026-09-23T09:18:20Z
0f91871f778bb03a,2473184825,2010-08-30,,1.0,2010,8,ete_ouvrieres,46.549,-1.407,20.0,precise_100m,85026,La Boissière-des-Landes,85,"Vespa velutina nigrithorax Buysson, 1905",SUBSPECIES,HUMAN_OBSERVATION,Inventaire national Frelon (MNHN),9fd6c3da-88f7-4df7-9a3f-3f3f9c703998,CC_BY_4_0,True,False,1,1,2473184825,False,True,,gbif_20260923T091718Z/page_year-2010_offset-000000.json,2026-09-23T09:18:20Z
70a61f3b42b245bd,2473223368,2010-08-30,,1.0,2010,8,ete_ouvrieres,46.548,-1.407,,inconnue,85026,La Boissière-des-Landes,85,"Vespa velutina nigrithorax Buysson, 1905",SUBSPECIES,HUMAN_OBSERVATION,Inventaire national Frelon (MNHN),9fd6c3da-88f7-4df7-9a3f-3f3f9c703998,CC_BY_4_0,True,False,1,1,2473223368,False,False,Q08_incertitude_connue,gbif_20260923T091718Z/page_year-2010_offset-000000.json,2026-09-23T09:18:20Z
e6f804639a1a21b0,2613610748,2010-08-30,,1.0,2010,8,ete_ouvrieres,46.551,-1.375,5000.0,faible_5km,85213,Rives de l'Yon,85,"Vespa velutina nigrithorax Buysson, 1905",SUBSPECIES,HUMAN_OBSERVATION,CardObs (INPN),4145cd45-8a92-426d-be8b-bfbbf5209032,CC_BY_NC_4_0,True,True,2,1,2613610748;2613611678,False,True,,gbif_20260923T091718Z/page_year-2010_offset-000000.json,2026-09-23T09:18:20Z
0e20bda4362be2a2,2473223077,2010-09-01,,1.0,2010,9,automne_reproduction,47.246,-1.532,,inconnue,44109,Nantes,44,"Vespa velutina nigrithorax Buysson, 1905",SUBSPECIES,HUMAN_OBSERVATION,Inventaire national Frelon (MNHN),9fd6c3da-88f7-4df7-9a3f-3f3f9c703998,CC_BY_4_0,True,False,1,1,2473223077,False,True,Q08_incertitude_connue,gbif_20260923T091718Z/page_year-2010_offset-000000.json,2026-09-23T09:18:20Z
95a37191d27a8576,2613612973,2010-09-01,,1.0,2010,9,automne_reproduction,47.266,-1.565,5000.0,faible_5km,44109,Nantes,44,"Vespa velutina nigrithorax Buysson, 1905",SUBSPECIES,HUMAN_OBSERVATION,CardObs (INPN),4145cd45-8a92-426d-be8b-bfbbf5209032,CC_BY_NC_4_0,True,True,1,1,2613612973,False,False,,gbif_20260923T091718Z/page_year-2010_offset-000000.json,2026-09-23T09:18:20Z
87f130a1b2e71ff3,2473221049,2010-09-11,,1.0,2010,9,automne_reproduction,46.334,-0.713,3000.0,faible_5km,85269,Saint-Sigismond,85,"Vespa velutina nigrithorax Buysson, 1905",SUBSPECIES,HUMAN_OBSERVATION,Inventaire national Frelon (MNHN),9fd6c3da-88f7-4df7-9a3f-3f3f9c703998,CC_BY_4_0,True,False,1,1,2473221049,False,True,,gbif_20260923T091718Z/page_year-2010_offset-000000.json,2026-09-23T09:18:20Z
0757c0588178a113,2613604257,2010-09-13,,1.0,2010,9,automne_reproduction,46.836,-1.003,5000.0,faible_5km,85109,Les Herbiers,85,"Vespa velutina nigrithorax Buysson, 1905",SUBSPECIES,HUMAN_OBSERVATION,CardObs (INPN),4145cd45-8a92-426d-be8b-bfbbf5209032,CC_BY_NC_4_0,True,True,2,1,2613604257;2613612414,False,True,,gbif_20260923T091718Z/page_year-2010_offset-000000.json,2026-09-23T09:18:20Z
6d725e9b130673ad,2473182896,2010-09-13,,1.0,2010,9,automne_reproduction,46.87,-1.021,20.0,precise_100m,85109,Les Herbiers,85,"Vespa velutina nigrithorax Buysson, 1905",SUBSPECIES,HUMAN_OBSERVATION,Inventaire national Frelon (MNHN),9fd6c3da-88f7-4df7-9a3f-3f3f9c703998,CC_BY_4_0,True,False,1,1,2473182896,False,False,,gbif_20260923T091718Z/page_year-2010_offset-000000.json,2026-09-23T09:18:20Z
eecdbeae7d7592c1,2473223341,2010-09-13,,1.0,2010,9,automne_reproduction,46.87,-1.018,,inconnue,85109,Les Herbiers,85,"Vespa velutina nigrithorax Buysson, 1905",SUBSPECIES,HUMAN_OBSERVATION,Inventaire national Frelon (MNHN),9fd6c3da-88f7-4df7-9a3f-3f3f9c703998,CC_BY_4_0,True,False,1,1,2473223341,False,False,Q08_incertitude_connue,gbif_20260923T091718Z/page_year-2010_offset-000000.json,2026-09-23T09:18:20Z
1606fb2fe032d4d0,2473186256,2010-09-22,,1.0,2010,9,automne_reproduction,47.987,-0.57,,inconnue,53009,Arquenay,53,"Vespa velutina nigrithorax Buysson, 1905",SUBSPECIES,HUMAN_OBSERVATION,Inventaire national Frelon (MNHN),9fd6c3da-88f7-4df7-9a3f-3f3f9c703998,CC_BY_4_0,True,False,1,1,2473186256,False,True,Q08_incertitude_connue,gbif_20260923T091718Z/page_year-2010_offset-000000.json,2026-09-23T09:18:20Z
89e2931391284093,2613604353,2010-09-22,,1.0,2010,9,automne_reproduction,48.022,-0.556,5000.0,faible_5km,53025,Bazougers,53,"Vespa velutina nigrithorax Buysson, 1905",SUBSPECIES,HUMAN_OBSERVATION,CardObs (INPN),4145cd45-8a92-426d-be8b-bfbbf5209032,CC_BY_NC_4_0,True,True,1,1,2613604353,False,True,,gbif_20260923T091718Z/page_year-2010_offset-000000.json,2026-09-23T09:18:20Z
a3faf49405bf7796,4566677474,2010-09-25,,1.0,2010,9,automne_reproduction,46.318,-0.667,,inconnue,85139,Le Mazeau,85,"Vespa velutina nigrithorax Buysson, 1905",SUBSPECIES,HUMAN_OBSERVATION,ONF,47a47805-6777-4ac5-aa62-c0b998ebefcb,CC_BY_4_0,True,False,1,1,4566677474,False,False,Q08_incertitude_connue,gbif_20260923T091718Z/page_year-2010_offset-000000.json,2026-09-23T09:18:20Z
13e8b7e26a7a1578,2473220995,2010-10-06,,1.0,2010,10,automne_reproduction,46.525,-1.0,20.0,precise_100m,85209,Saint-Étienne-de-Brillouet,85,"Vespa velutina nigrithorax Buysson, 1905",SUBSPECIES,HUMAN_OBSERVATION,Inventaire national Frelon (MNHN),9fd6c3da-88f7-4df7-9a3f-3f3f9c703998,CC_BY_4_0,True,False,2,1,2473217957;2473220995,False,True,,gbif_20260923T091718Z/page_year-2010_offset-000000.json,2026-09-23T09:18:20Z
c4e1ec954e507fe0,2613609266,2010-10-06,,1.0,2010,10,automne_reproduction,46.566,-0.984,5000.0,faible_5km,85056,La Chapelle-Thémer,85,"Vespa velutina nigrithorax Buysson, 1905",SUBSPECIES,HUMAN_OBSERVATION,CardObs (INPN),4145cd45-8a92-426d-be8b-bfbbf5209032,CC_BY_NC_4_0,True,True,2,1,2613609266;2613610962,False,True,,gbif_20260923T091718Z/page_year-2010_offset-000000.json,2026-09-23T09:18:20Z
7c0822a288c0b0ed,2613605350,2010-10-12,,1.0,2010,10,automne_reproduction,46.57,-0.853,5000.0,faible_5km,85205,Saint-Cyr-des-Gâts,85,"Vespa velutina nigrithorax Buysson, 1905",SUBSPECIES,HUMAN_OBSERVATION,CardObs (INPN),4145cd45-8a92-426d-be8b-bfbbf5209032,CC_BY_NC_4_0,True,True,2,1,2613605350;2613610562,False,False,,gbif_20260923T091718Z/page_year-2010_offset-000000.json,2026-09-23T09:18:20Z
d9255c72653f7266,2473220980,2010-10-12,,1.0,2010,10,automne_reproduction,46.57,-0.881,20.0,precise_100m,85205,Saint-Cyr-des-Gâts,85,"Vespa velutina nigrithorax Buysson, 1905",SUBSPECIES,HUMAN_OBSERVATION,Inventaire national Frelon (MNHN),9fd6c3da-88f7-4df7-9a3f-3f3f9c703998,CC_BY_4_0,True,False,2,1,2473185562;2473220980,False,False,,gbif_20260923T091718Z/page_year-2010_offset-000000.json,2026-09-23T09:18:20Z
4eda4058cfe89241,2473184176,2010-10-13,,1.0,2010,10,automne_reproduction,47.646,0.158,,inconnue,72176,Le Lude,72,"Vespa velutina nigrithorax Buysson, 1905",SUBSPECIES,HUMAN_OBSERVATION,Inventaire national Frelon (MNHN),9fd6c3da-88f7-4df7-9a3f-3f3f9c703998,CC_BY_4_0,True,False,1,1,2473184176,False,True,Q08_incertitude_connue,gbif_20260923T091718Z/page_year-2010_offset-000000.json,2026-09-23T09:18:20Z
b70fb29de5ccda8e,2613608945,2010-10-13,,1.0,2010,10,automne_reproduction,47.68,0.134,5000.0,faible_5km,72175,Luché-Pringé,72,"Vespa velutina nigrithorax Buysson, 1905",SUBSPECIES,HUMAN_OBSERVATION,CardObs (INPN),4145cd45-8a92-426d-be8b-bfbbf5209032,CC_BY_NC_4_0,True,True,1,1,2613608945,False,True,,gbif_20260923T091718Z/page_year-2010_offset-000000.json,2026-09-23T09:18:20Z
ad73c12c08bd96f1,2613603680,2010-10-26,,1.0,2010,10,automne_reproduction,46.48,-0.847,5000.0,faible_5km,85126,Longèves,85,"Vespa velutina nigrithorax Buysson, 1905",SUBSPECIES,HUMAN_OBSERVATION,CardObs (INPN),4145cd45-8a92-426d-be8b-bfbbf5209032,CC_BY_NC_4_0,True,True,1,1,2613603680,False,True,,gbif_20260923T091718Z/page_year-2010_offset-000000.json,2026-09-23T09:18:20Z
e7990c3508d1d515,2473186551,2010-10-26,,1.0,2010,10,automne_reproduction,46.447,-0.874,,inconnue,85009,Auchay-sur-Vendée,85,"Vespa velutina nigrithorax Buysson, 1905",SUBSPECIES,HUMAN_OBSERVATION,Inventaire national Frelon (MNHN),9fd6c3da-88f7-4df7-9a3f-3f3f9c703998,CC_BY_4_0,True,False,1,1,2473186551,False,True,Q08_incertitude_connue,gbif_20260923T091718Z/page_year-2010_offset-000000.json,2026-09-23T09:18:20Z
2f5006cc754df692,2473219753,2010-10-28,,1.0,2010,10,automne_reproduction,46.505,-0.849,3321.0,faible_5km,85281,Sérigné,85,"Vespa velutina nigrithorax Buysson, 1905",SUBSPECIES,HUMAN_OBSERVATION,Inventaire national Frelon (MNHN),9fd6c3da-88f7-4df7-9a3f-3f3f9c703998,CC_BY_4_0,True,False,1,1,2473219753,False,True,,gbif_20260923T091718Z/page_year-2010_offset-000000.json,2026-09-23T09:18:20Z
826fd117e00f47c6,2613607343,2010-10-28,,1.0,2010,10,automne_reproduction,46.48,-0.847,5000.0,faible_5km,85126,Longèves,85,"Vespa velutina nigrithorax Buysson, 1905",SUBSPECIES,HUMAN_OBSERVATION,CardObs (INPN),4145cd45-8a92-426d-be8b-bfbbf5209032,CC_BY_NC_4_0,True,True,2,1,2613607343;2613615297,False,False,,gbif_20260923T091718Z/page_year-2010_offset-000000.json,2026-09-23T09:18:20Z
96312b0170b156ba,2473186768,2010-10-28,,1.0,2010,10,automne_reproduction,46.5,-0.838,20.0,precise_100m,85281,Sérigné,85,"Vespa velutina nigrithorax Buysson, 1905",SUBSPECIES,HUMAN_OBSERVATION,Inventaire national Frelon (MNHN),9fd6c3da-88f7-4df7-9a3f-3f3f9c703998,CC_BY_4_0,True,False,1,1,2473186768,False,False,,gbif_20260923T091718Z/page_year-2010_offset-000000.json,2026-09-23T09:18:20Z
2b9be14e50328eb7,2473221030,2010-11-23,,1.0,2010,11,automne_reproduction,46.619,-0.912,20.0,precise_100m,85040,La Caillère-Saint-Hilaire,85,"Vespa velutina nigrithorax Buysson, 1905",SUBSPECIES,HUMAN_OBSERVATION,Inventaire national Frelon (MNHN),9fd6c3da-88f7-4df7-9a3f-3f3f9c703998,CC_BY_4_0,True,False,1,1,2473221030,False,True,,gbif_20260923T091718Z/page_year-2010_offset-000000.json,2026-09-23T09:18:20Z
7c7d119810fd7a79,2613604868,2010-11-23,,1.0,2010,11,automne_reproduction,46.66,-0.86,5000.0,faible_5km,85154,Mouilleron-Saint-Germain,85,"Vespa velutina nigrithorax Buysson, 1905",SUBSPECIES,HUMAN_OBSERVATION,CardObs (INPN),4145cd45-8a92-426d-be8b-bfbbf5209032,CC_BY_NC_4_0,True,True,2,1,2613604868;2613605877,False,True,,gbif_20260923T091718Z/page_year-2010_offset-000000.json,2026-09-23T09:18:20Z
e0fcb600cc43eddf,2473222364,2010-11-23,,1.0,2010,11,automne_reproduction,46.621,-0.914,,inconnue,85040,La Caillère-Saint-Hilaire,85,"Vespa velutina nigrithorax Buysson, 1905",SUBSPECIES,HUMAN_OBSERVATION,Inventaire national Frelon (MNHN),9fd6c3da-88f7-4df7-9a3f-3f3f9c703998,CC_BY_4_0,True,False,1,1,2473222364,False,False,Q08_incertitude_connue,gbif_20260923T091718Z/page_year-2010_offset-000000.json,2026-09-23T09:18:20Z
c2faaf678c662af5,2473220744,2010-12-31,,1.0,2010,12,hiver_hivernage,46.975,-1.311,,inconnue,85146,Montaigu-Vendée,85,"Vespa velutina nigrithorax Buysson, 1905",SUBSPECIES,HUMAN_OBSERVATION,Inventaire national Frelon (MNHN),9fd6c3da-88f7-4df7-9a3f-3f3f9c703998,CC_BY_4_0,True,False,1,1,2473220744,False,True,Q08_incertitude_connue,gbif_20260923T091718Z/page_year-2010_offset-000000.json,2026-09-23T09:18:20Z
ef6b8901b455cbba,2613608934,2010-12-31,,1.0,2010,12,hiver_hivernage,47.006,-1.28,5000.0,faible_5km,85146,Montaigu-Vendée,85,"Vespa velutina nigrithorax Buysson, 1905",SUBSPECIES,HUMAN_OBSERVATION,CardObs (INPN),4145cd45-8a92-426d-be8b-bfbbf5209032,CC_BY_NC_4_0,True,True,1,1,2613608934,False,False,,gbif_20260923T091718Z/page_year-2010_offset-000000.json,2026-09-23T09:18:20Z
040e8e69bfd0ae78,2473186407,2011-07-06,,1.0,2011,7,ete_ouvrieres,47.451,-0.53,,inconnue,49007,Angers,49,"Vespa velutina nigrithorax Buysson, 1905",SUBSPECIES,HUMAN_OBSERVATION,Inventaire national Frelon (MNHN),9fd6c3da-88f7-4df7-9a3f-3f3f9c703998,CC_BY_4_0,True,False,1,1,2473186407,False,True,Q08_incertitude_connue,gbif_20260923T091718Z/page_year-2011_offset-000000.json,2026-09-23T09:18:20Z
7d6c8a5554c33922,2613614197,2011-07-06,,1.0,2011,7,ete_ouvrieres,47.482,-0.52,5000.0,faible_5km,49007,Angers,49,"Vespa velutina nigrithorax Buysson, 1905",SUBSPECIES,HUMAN_OBSERVATION,CardObs (INPN),4145cd45-8a92-426d-be8b-bfbbf5209032,CC_BY_NC_4_0,True,True,1,1,2613614197,False,False,,gbif_20260923T091718Z/page_year-2011_offset-000000.json,2026-09-23T09:18:20Z
042a53935aa2381d,2613608644,2011-08-01,,1.0,2011,8,ete_ouvrieres,46.372,-1.36,5000.0,faible_5km,85104,Grues,85,"Vespa velutina nigrithorax Buysson, 1905",SUBSPECIES,HUMAN_OBSERVATION,CardObs (INPN),4145cd45-8a92-426d-be8b-bfbbf5209032,CC_BY_NC_4_0,True,True,1,1,2613608644,False,True,,gbif_20260923T091718Z/page_year-2011_offset-000000.json,2026-09-23T09:18:20Z
4c64e2f74896bbb1,2473220768,2011-08-01,,1.0,2011,8,ete_ouvrieres,46.399,-1.303,,inconnue,85104,Grues,85,"Vespa velutina nigrithorax Buysson, 1905",SUBSPECIES,HUMAN_OBSERVATION,Inventaire national Frelon (MNHN),9fd6c3da-88f7-4df7-9a3f-3f3f9c703998,CC_BY_4_0,True,False,1,1,2473220768,False,False,Q08_incertitude_connue,gbif_20260923T091718Z/page_year-2011_offset-000000.json,2026-09-23T09:18:20Z
a094db318ce8efbf,2613614719,2011-08-03,,1.0,2011,8,ete_ouvrieres,46.48,-0.847,5000.0,faible_5km,85126,Longèves,85,"Vespa velutina nigrithorax Buysson, 1905",SUBSPECIES,HUMAN_OBSERVATION,CardObs (INPN),4145cd45-8a92-426d-be8b-bfbbf5209032,CC_BY_NC_4_0,True,True,1,1,2613614719,False,False,,gbif_20260923T091718Z/page_year-2011_offset-000000.json,2026-09-23T09:18:20Z
c13b537a46f30304,2473223365,2011-08-03,,1.0,2011,8,ete_ouvrieres,46.519,-0.899,,inconnue,85110,L'Hermenault,85,"Vespa velutina nigrithorax Buysson, 1905",SUBSPECIES,HUMAN_OBSERVATION,Inventaire national Frelon (MNHN),9fd6c3da-88f7-4df7-9a3f-3f3f9c703998,CC_BY_4_0,True,False,1,1,2473223365,False,True,Q08_incertitude_connue,gbif_20260923T091718Z/page_year-2011_offset-000000.json,2026-09-23T09:18:20Z
b1ea438d6e5c1bf9,2473182585,2011-08-06,,1.0,2011,8,ete_ouvrieres,46.355,-1.078,,inconnue,85267,Sainte-Radégonde-des-Noyers,85,"Vespa velutina nigrithorax Buysson, 1905",SUBSPECIES,HUMAN_OBSERVATION,Inventaire national Frelon (MNHN),9fd6c3da-88f7-4df7-9a3f-3f3f9c703998,CC_BY_4_0,True,False,1,1,2473182585,False,True,Q08_incertitude_connue,gbif_20260923T091718Z/page_year-2011_offset-000000.json,2026-09-23T09:18:20Z
faeb964cc2526ccc,2613609342,2011-08-06,,1.0,2011,8,ete_ouvrieres,46.381,-1.1,5000.0,faible_5km,85049,Champagné-les-Marais,85,"Vespa velutina nigrithorax Buysson, 1905",SUBSPECIES,HUMAN_OBSERVATION,CardObs (INPN),4145cd45-8a92-426d-be8b-bfbbf5209032,CC_BY_NC_4_0,True,True,1,1,2613609342,False,True,,gbif_20260923T091718Z/page_year-2011_offset-000000.json,2026-09-23T09:18:20Z
570319e5790b782c,2613614919,2011-08-08,,1.0,2011,8,ete_ouvrieres,46.381,-1.1,5000.0,faible_5km,85049,Champagné-les-Marais,85,"Vespa velutina nigrithorax Buysson, 1905",SUBSPECIES,HUMAN_OBSERVATION,CardObs (INPN),4145cd45-8a92-426d-be8b-bfbbf5209032,CC_BY_NC_4_0,True,True,1,1,2613614919,False,False,,gbif_20260923T091718Z/page_year-2011_offset-000000.json,2026-09-23T09:18:20Z
923b8de246254019,2473182586,2011-08-08,,1.0,2011,8,ete_ouvrieres,46.378,-1.088,,inconnue,85185,Puyravault,85,"Vespa velutina nigrithorax Buysson, 1905",SUBSPECIES,HUMAN_OBSERVATION,Inventaire national Frelon (MNHN),9fd6c3da-88f7-4df7-9a3f-3f3f9c703998,CC_BY_4_0,True,False,1,1,2473182586,False,True,Q08_incertitude_connue,gbif_20260923T091718Z/page_year-2011_offset-000000.json,2026-09-23T09:18:20Z
594025d6e6556d2b,2613611133,2011-08-11,,1.0,2011,8,ete_ouvrieres,46.471,-1.107,5000.0,faible_5km,85216,Sainte-Gemme-la-Plaine,85,"Vespa velutina nigrithorax Buysson, 1905",SUBSPECIES,HUMAN_OBSERVATION,CardObs (INPN),4145cd45-8a92-426d-be8b-bfbbf5209032,CC_BY_NC_4_0,True,True,1,1,2613611133,False,False,,gbif_20260923T091718Z/page_year-2011_offset-000000.json,2026-09-23T09:18:20Z
db567d8b46cca79b,2473184556,2011-08-11,,1.0,2011,8,ete_ouvrieres,46.451,-1.164,4102.0,faible_5km,85128,Luçon,85,"Vespa velutina nigrithorax Buysson, 1905",SUBSPECIES,HUMAN_OBSERVATION,Inventaire national Frelon (MNHN),9fd6c3da-88f7-4df7-9a3f-3f3f9c703998,CC_BY_4_0,True,False,1,1,2473184556,False,False,,gbif_20260923T091718Z/page_year-2011_offset-000000.json,2026-09-23T09:18:20Z
1703223ca1a4d073,2473222650,2011-08-12,,1.0,2011,8,ete_ouvrieres,47.15,-1.989,3000.0,faible_5km,44038,Chauvé,44,"Vespa velutina nigrithorax Buysson, 1905",SUBSPECIES,HUMAN_OBSERVATION,Inventaire national Frelon (MNHN),9fd6c3da-88f7-4df7-9a3f-3f3f9c703998,CC_BY_4_0,True,False,1,1,2473222650,False,True,,gbif_20260923T091718Z/page_year-2011_offset-000000.json,2026-09-23T09:18:20Z
e38e3b761c06f3f5,2613605398,2011-08-12,,1.0,2011,8,ete_ouvrieres,47.159,-1.953,5000.0,faible_5km,44005,Chaumes-en-Retz,44,"Vespa velutina nigrithorax Buysson, 1905",SUBSPECIES,HUMAN_OBSERVATION,CardObs (INPN),4145cd45-8a92-426d-be8b-bfbbf5209032,CC_BY_NC_4_0,True,True,1,1,2613605398,False,True,,gbif_20260923T091718Z/page_year-2011_offset-000000.json,2026-09-23T09:18:20Z
0e4433a2b59b9895,2613603533,2011-08-13,,1.0,2011,8,ete_ouvrieres,46.48,-0.847,5000.0,faible_5km,85126,Longèves,85,"Vespa velutina nigrithorax Buysson, 1905",SUBSPECIES,HUMAN_OBSERVATION,CardObs (INPN),4145cd45-8a92-426d-be8b-bfbbf5209032,CC_BY_NC_4_0,True,True,1,1,2613603533,False,False,,gbif_20260923T091718Z/page_year-2011_offset-000000.json,2026-09-23T09:18:20Z
88dcdc4dee28055f,2473183558,2011-08-13,,1.0,2011,8,ete_ouvrieres,46.475,-0.805,,inconnue,85092,Fontenay-le-Comte,85,"Vespa velutina nigrithorax Buysson, 1905",SUBSPECIES,HUMAN_OBSERVATION,Inventaire national Frelon (MNHN),9fd6c3da-88f7-4df7-9a3f-3f3f9c703998,CC_BY_4_0,True,False,1,1,2473183558,False,True,Q08_incertitude_connue,gbif_20260923T091718Z/page_year-2011_offset-000000.json,2026-09-23T09:18:20Z
2b3c9f20a53684ab,2473222409,2011-08-16,,1.0,2011,8,ete_ouvrieres,47.401,-2.462,20.0,precise_100m,44097,Mesquer,44,"Vespa velutina nigrithorax Buysson, 1905",SUBSPECIES,HUMAN_OBSERVATION,Inventaire national Frelon (MNHN),9fd6c3da-88f7-4df7-9a3f-3f3f9c703998,CC_BY_4_0,True,False,1,1,2473222409,False,True,,gbif_20260923T091718Z/page_year-2011_offset-000000.json,2026-09-23T09:18:20Z
048dcd6c73fe7067,2613612270,2011-08-17,,1.0,2011,8,ete_ouvrieres,46.48,-0.847,5000.0,faible_5km,85126,Longèves,85,"Vespa velutina nigrithorax Buysson, 1905",SUBSPECIES,HUMAN_OBSERVATION,CardObs (INPN),4145cd45-8a92-426d-be8b-bfbbf5209032,CC_BY_NC_4_0,True,True,1,1,2613612270,False,False,,gbif_20260923T091718Z/page_year-2011_offset-000000.json,2026-09-23T09:18:20Z
66b910fd67736f7e,2613611338,2011-08-17,,1.0,2011,8,ete_ouvrieres,46.656,-0.99,5000.0,faible_5km,85051,Chantonnay,85,"Vespa velutina nigrithorax Buysson, 1905",SUBSPECIES,HUMAN_OBSERVATION,CardObs (INPN),4145cd45-8a92-426d-be8b-bfbbf5209032,CC_BY_NC_4_0,True,True,1,1,2613611338,False,True,,gbif_20260923T091718Z/page_year-2011_offset-000000.json,2026-09-23T09:18:20Z
ed43a11c6b6b80be,2473220735,2011-08-17,,1.0,2011,8,ete_ouvrieres,46.472,-0.86,2520.0,faible_5km,85126,Longèves,85,"Vespa velutina nigrithorax Buysson, 1905",SUBSPECIES,HUMAN_OBSERVATION,Inventaire national Frelon (MNHN),9fd6c3da-88f7-4df7-9a3f-3f3f9c703998,CC_BY_4_0,True,False,1,1,2473220735,False,False,,gbif_20260923T091718Z/page_year-2011_offset-000000.json,2026-09-23T09:18:20Z
9bd537c4aab08502,2613613785,2011-08-18,,1.0,2011,8,ete_ouvrieres,46.399,-0.581,5000.0,faible_5km,85020,Benet,85,"Vespa velutina nigrithorax Buysson, 1905",SUBSPECIES,HUMAN_OBSERVATION,CardObs (INPN),4145cd45-8a92-426d-be8b-bfbbf5209032,CC_BY_NC_4_0,True,True,1,1,2613613785,False,True,,gbif_20260923T091718Z/page_year-2011_offset-000000.json,2026-09-23T09:18:20Z
e0ce0b3b241a2ff1,2473184594,2011-08-18,,1.0,2011,8,ete_ouvrieres,46.37,-0.6,,inconnue,85020,Benet,85,"Vespa velutina nigrithorax Buysson, 1905",SUBSPECIES,HUMAN_OBSERVATION,Inventaire national Frelon (MNHN),9fd6c3da-88f7-4df7-9a3f-3f3f9c703998,CC_BY_4_0,True,False,1,1,2473184594,False,False,Q08_incertitude_connue,gbif_20260923T091718Z/page_year-2011_offset-000000.json,2026-09-23T09:18:20Z
5f7b9640f371e2bc,2613605999,2011-08-22,,1.0,2011,8,ete_ouvrieres,46.381,-1.1,5000.0,faible_5km,85049,Champagné-les-Marais,85,"Vespa velutina nigrithorax Buysson, 1905",SUBSPECIES,HUMAN_OBSERVATION,CardObs (INPN),4145cd45-8a92-426d-be8b-bfbbf5209032,CC_BY_NC_4_0,True,True,1,1,2613605999,False,False,,gbif_20260923T091718Z/page_year-2011_offset-000000.json,2026-09-23T09:18:20Z
e182ef573136ebce,2613612547,2011-08-22,,1.0,2011,8,ete_ouvrieres,46.656,-0.99,5000.0,faible_5km,85051,Chantonnay,85,"Vespa velutina nigrithorax Buysson, 1905",SUBSPECIES,HUMAN_OBSERVATION,CardObs (INPN),4145cd45-8a92-426d-be8b-bfbbf5209032,CC_BY_NC_4_0,True,True,1,1,2613612547,False,False,,gbif_20260923T091718Z/page_year-2011_offset-000000.json,2026-09-23T09:18:20Z
254cd1c7dcd9fb60,2473185518,2011-08-23,,1.0,2011,8,ete_ouvrieres,46.416,-0.665,4739.0,faible_5km,85162,Rives-d'Autise,85,"Vespa velutina nigrithorax Buysson, 1905",SUBSPECIES,HUMAN_OBSERVATION,Inventaire national Frelon (MNHN),9fd6c3da-88f7-4df7-9a3f-3f3f9c703998,CC_BY_4_0,True,False,2,1,2473185518;2473217911,False,True,,gbif_20260923T091718Z/page_year-2011_offset-000000.json,2026-09-23T09:18:20Z
7b3ab8567c630d31,2613607162,2011-08-23,,1.0,2011,8,ete_ouvrieres,46.395,-0.711,5000.0,faible_5km,85028,Bouillé-Courdault,85,"Vespa velutina nigrithorax Buysson, 1905",SUBSPECIES,HUMAN_OBSERVATION,CardObs (INPN),4145cd45-8a92-426d-be8b-bfbbf5209032,CC_BY_NC_4_0,True,True,2,1,2613607162;2613613185,False,True,,gbif_20260923T091718Z/page_year-2011_offset-000000.json,2026-09-23T09:18:20Z
368d1fed528a7de6,2473186820,2011-08-24,,1.0,2011,8,ete_ouvrieres,47.512,-1.168,3000.0,faible_5km,44180,Vallons-de-l'Erdre,44,"Vespa velutina nigrithorax Buysson, 1905",SUBSPECIES,HUMAN_OBSERVATION,Inventaire national Frelon (MNHN),9fd6c3da-88f7-4df7-9a3f-3f3f9c703998,CC_BY_4_0,True,False,1,1,2473186820,False,True,,gbif_20260923T091718Z/page_year-2011_offset-000000.json,2026-09-23T09:18:20Z
6f45aee92db3d870,2613614622,2011-08-24,,1.0,2011,8,ete_ouvrieres,47.55,-1.19,5000.0,faible_5km,44180,Vallons-de-l'Erdre,44,"Vespa velutina nigrithorax Buysson, 1905",SUBSPECIES,HUMAN_OBSERVATION,CardObs (INPN),4145cd45-8a92-426d-be8b-bfbbf5209032,CC_BY_NC_4_0,True,True,1,1,2613614622,False,False,,gbif_20260923T091718Z/page_year-2011_offset-000000.json,2026-09-23T09:18:20Z
d0f6f7744bc74473,2473222319,2011-08-24,,1.0,2011,8,ete_ouvrieres,46.514,-1.012,2968.0,faible_5km,85209,Saint-Étienne-de-Brillouet,85,"Vespa velutina nigrithorax Buysson, 1905",SUBSPECIES,HUMAN_OBSERVATION,Inventaire national Frelon (MNHN),9fd6c3da-88f7-4df7-9a3f-3f3f9c703998,CC_BY_4_0,True,False,1,1,2473222319,False,False,,gbif_20260923T091718Z/page_year-2011_offset-000000.json,2026-09-23T09:18:20Z
e3f571b74ac7ece6,2613613833,2011-08-24,,1.0,2011,8,ete_ouvrieres,46.476,-0.977,5000.0,faible_5km,85158,Mouzeuil-Saint-Martin,85,"Vespa velutina nigrithorax Buysson, 1905",SUBSPECIES,HUMAN_OBSERVATION,CardObs (INPN),4145cd45-8a92-426d-be8b-bfbbf5209032,CC_BY_NC_4_0,True,True,1,1,2613613833,False,True,,gbif_20260923T091718Z/page_year-2011_offset-000000.json,2026-09-23T09:18:20Z
2d5b20b7f603f82a,2473222398,2011-09-07,,1.0,2011,9,automne_reproduction,46.652,-1.43,20.0,precise_100m,85191,La Roche-sur-Yon,85,"Vespa velutina nigrithorax Buysson, 1905",SUBSPECIES,HUMAN_OBSERVATION,Inventaire national Frelon (MNHN),9fd6c3da-88f7-4df7-9a3f-3f3f9c703998,CC_BY_4_0,True,False,1,1,2473222398,False,True,,gbif_20260923T091718Z/page_year-2011_offset-000000.json,2026-09-23T09:18:20Z
f147d1ccc98db83b,2613610499,2011-09-07,,1.0,2011,9,automne_reproduction,46.641,-1.382,5000.0,faible_5km,85191,La Roche-sur-Yon,85,"Vespa velutina nigrithorax Buysson, 1905",SUBSPECIES,HUMAN_OBSERVATION,CardObs (INPN),4145cd45-8a92-426d-be8b-bfbbf5209032,CC_BY_NC_4_0,True,True,1,1,2613610499,False,False,,gbif_20260923T091718Z/page_year-2011_offset-000000.json,2026-09-23T09:18:20Z
0c7c7c200eae7bc4,2473223651,2011-09-09,,1.0,2011,9,automne_reproduction,47.216,0.051,3000.0,faible_5km,49219,Montsoreau,49,"Vespa velutina nigrithorax Buysson, 1905",SUBSPECIES,HUMAN_OBSERVATION,Inventaire national Frelon (MNHN),9fd6c3da-88f7-4df7-9a3f-3f3f9c703998,CC_BY_4_0,True,False,1,1,2473223651,False,True,,gbif_20260923T091718Z/page_year-2011_offset-000000.json,2026-09-23T09:18:20Z
694e727455f78950,2613613279,2011-09-09,,1.0,2011,9,automne_reproduction,47.227,0.026,5000.0,faible_5km,49358,Turquant,49,"Vespa velutina nigrithorax Buysson, 1905",SUBSPECIES,HUMAN_OBSERVATION,CardObs (INPN),4145cd45-8a92-426d-be8b-bfbbf5209032,CC_BY_NC_4_0,True,True,1,1,2613613279,False,True,,gbif_20260923T091718Z/page_year-2011_offset-000000.json,2026-09-23T09:18:20Z
b06e8bf2677dddef,2475445530,2011-09-09,,1.0,2011,9,automne_reproduction,47.144,-2.184,3596.0,faible_5km,44126,La Plaine-sur-Mer,44,"Vespa velutina Lepeletier, 1836",SPECIES,HUMAN_OBSERVATION,Autre inventaire,54facf62-bf0c-43e7-9972-4fdc407fa6c5,CC_BY_4_0,True,False,2,1,2475445530;2475631501,False,True,,gbif_20260923T091718Z/page_year-2011_offset-000000.json,2026-09-23T09:18:20Z
d0c2f8e93553142e,2613603498,2011-09-09,,1.0,2011,9,automne_reproduction,47.148,-2.216,5000.0,faible_5km,44126,La Plaine-sur-Mer,44,"Vespa velutina Lepeletier, 1836",SPECIES,HUMAN_OBSERVATION,CardObs (INPN),4145cd45-8a92-426d-be8b-bfbbf5209032,CC_BY_NC_4_0,True,True,2,1,2613603498;2613614513,False,False,,gbif_20260923T091718Z/page_year-2011_offset-000000.json,2026-09-23T09:18:20Z
7d1182f390d4314e,2613608330,2011-09-16,,1.0,2011,9,automne_reproduction,47.17,-1.689,5000.0,faible_5km,44024,Brains,44,"Vespa velutina nigrithorax Buysson, 1905",SUBSPECIES,HUMAN_OBSERVATION,CardObs (INPN),4145cd45-8a92-426d-be8b-bfbbf5209032,CC_BY_NC_4_0,True,True,1,1,2613608330,False,True,,gbif_20260923T091718Z/page_year-2011_offset-000000.json,2026-09-23T09:18:20Z
ffbd8e1d9d9e5952,2473222651,2011-09-16,,1.0,2011,9,automne_reproduction,47.19,-1.69,3000.0,faible_5km,44101,La Montagne,44,"Vespa velutina nigrithorax Buysson, 1905",SUBSPECIES,HUMAN_OBSERVATION,Inventaire national Frelon (MNHN),9fd6c3da-88f7-4df7-9a3f-3f3f9c703998,CC_BY_4_0,True,False,1,1,2473222651,False,True,,gbif_20260923T091718Z/page_year-2011_offset-000000.json,2026-09-23T09:18:20Z
09011604e518f2fa,2613610911,2011-09-20,,1.0,2011,9,automne_reproduction,47.181,-1.426,5000.0,faible_5km,44215,Vertou,44,"Vespa velutina nigrithorax Buysson, 1905",SUBSPECIES,HUMAN_OBSERVATION,CardObs (INPN),4145cd45-8a92-426d-be8b-bfbbf5209032,CC_BY_NC_4_0,True,True,1,1,2613610911,False,False,,gbif_20260923T091718Z/page_year-2011_offset-000000.json,2026-09-23T09:18:20Z
7dc5c71ffc0b5e50,2473183638,2011-09-20,,1.0,2011,9,automne_reproduction,47.164,-1.47,20.0,precise_100m,44215,Vertou,44,"Vespa velutina nigrithorax Buysson, 1905",SUBSPECIES,HUMAN_OBSERVATION,Inventaire national Frelon (MNHN),9fd6c3da-88f7-4df7-9a3f-3f3f9c703998,CC_BY_4_0,True,False,1,1,2473183638,False,False,,gbif_20260923T091718Z/page_year-2011_offset-000000.json,2026-09-23T09:18:20Z
721e277722ea00be,2473205418,2011-09-25,,1.0,2011,9,automne_reproduction,47.062,-1.998,3000.0,faible_5km,44106,Les Moutiers-en-Retz,44,"Vespa velutina nigrithorax Buysson, 1905",SUBSPECIES,HUMAN_OBSERVATION,Inventaire national Frelon (MNHN),9fd6c3da-88f7-4df7-9a3f-3f3f9c703998,CC_BY_4_0,True,False,1,1,2473205418,False,True,,gbif_20260923T091718Z/page_year-2011_offset-000000.json,2026-09-23T09:18:20Z
37551e612937b94a,2613604082,2011-09-27,,1.0,2011,9,automne_reproduction,47.02,-0.885,5000.0,faible_5km,49099,Cholet,49,"Vespa velutina nigrithorax Buysson, 1905",SUBSPECIES,HUMAN_OBSERVATION,CardObs (INPN),4145cd45-8a92-426d-be8b-bfbbf5209032,CC_BY_NC_4_0,True,True,1,1,2613604082,False,True,,gbif_20260923T091718Z/page_year-2011_offset-000000.json,2026-09-23T09:18:20Z
b6450cd73df1075f,2473183624,2011-09-27,,1.0,2011,9,automne_reproduction,47.042,-0.882,20.0,precise_100m,49099,Cholet,49,"Vespa velutina nigrithorax Buysson, 1905",SUBSPECIES,HUMAN_OBSERVATION,Inventaire national Frelon (MNHN),9fd6c3da-88f7-4df7-9a3f-3f3f9c703998,CC_BY_4_0,True,False,1,1,2473183624,False,False,,gbif_20260923T091718Z/page_year-2011_offset-000000.json,2026-09-23T09:18:20Z
045bad5c8ba14d8a,2613611499,2011-10-03,,1.0,2011,10,automne_reproduction,47.366,-1.308,5000.0,faible_5km,44048,Couffé,44,"Vespa velutina nigrithorax Buysson, 1905",SUBSPECIES,HUMAN_OBSERVATION,CardObs (INPN),4145cd45-8a92-426d-be8b-bfbbf5209032,CC_BY_NC_4_0,True,True,1,1,2613611499,False,True,,gbif_20260923T091718Z/page_year-2011_offset-000000.json,2026-09-23T09:18:20Z
8bc1c23f0424fc9c,2473183402,2011-10-03,,1.0,2011,10,automne_reproduction,47.336,-1.312,,inconnue,44028,Le Cellier,44,"Vespa velutina nigrithorax Buysson, 1905",SUBSPECIES,HUMAN_OBSERVATION,Inventaire national Frelon (MNHN),9fd6c3da-88f7-4df7-9a3f-3f3f9c703998,CC_BY_4_0,True,False,1,1,2473183402,False,True,Q08_incertitude_connue,gbif_20260923T091718Z/page_year-2011_offset-000000.json,2026-09-23T09:18:20Z
7a6fd474576df3eb,3848781895,2011-11-28,,1.0,2011,11,automne_reproduction,46.412,-1.272,3055.0,faible_5km,85207,Saint-Denis-du-Payré,85,"Vespa velutina Lepeletier, 1836",SPECIES,HUMAN_OBSERVATION,LPO,da076629-fb18-4558-a9c1-6eaa55d69056,CC_BY_4_0,True,False,1,1,3848781895,False,True,,gbif_20260923T091718Z/page_year-2011_offset-000000.json,2026-09-23T09:18:20Z
45aba2f47319f73d,2613605327,2011-12-04,,1.0,2011,12,hiver_hivernage,47.266,-1.565,5000.0,faible_5km,44109,Nantes,44,"Vespa velutina nigrithorax Buysson, 1905",SUBSPECIES,HUMAN_OBSERVATION,CardObs (INPN),4145cd45-8a92-426d-be8b-bfbbf5209032,CC_BY_NC_4_0,True,True,1,1,2613605327,False,False,,gbif_20260923T091718Z/page_year-2011_offset-000000.json,2026-09-23T09:18:20Z
5adae6f7cdd0524e,2473217983,2011-12-04,,1.0,2011,12,hiver_hivernage,47.243,-1.549,20.0,precise_100m,44109,Nantes,44,"Vespa velutina nigrithorax Buysson, 1905",SUBSPECIES,HUMAN_OBSERVATION,Inventaire national Frelon (MNHN),9fd6c3da-88f7-4df7-9a3f-3f3f9c703998,CC_BY_4_0,True,False,1,1,2473217983,False,False,,gbif_20260923T091718Z/page_year-2011_offset-000000.json,2026-09-23T09:18:20Z
0c62c3441525c555,2473220890,2011-12-05,,1.0,2011,12,hiver_hivernage,47.181,-1.5,20.0,precise_100m,44215,Vertou,44,"Vespa velutina nigrithorax Buysson, 1905",SUBSPECIES,HUMAN_OBSERVATION,Inventaire national Frelon (MNHN),9fd6c3da-88f7-4df7-9a3f-3f3f9c703998,CC_BY_4_0,True,False,1,1,2473220890,False,False,,gbif_20260923T091718Z/page_year-2011_offset-000000.json,2026-09-23T09:18:20Z
78c22d3791a8b520,2613606116,2011-12-05,,1.0,2011,12,hiver_hivernage,47.176,-1.558,5000.0,faible_5km,44143,Rezé,44,"Vespa velutina nigrithorax Buysson, 1905",SUBSPECIES,HUMAN_OBSERVATION,CardObs (INPN),4145cd45-8a92-426d-be8b-bfbbf5209032,CC_BY_NC_4_0,True,True,1,1,2613606116,False,True,,gbif_20260923T091718Z/page_year-2011_offset-000000.json,2026-09-23T09:18:20Z
f6ce3e46ba1fee33,2510657666,2011-12-05,,1.0,2011,12,hiver_hivernage,47.816,0.555,4079.0,faible_5km,72103,Courdemanche,72,"Vespa velutina nigrithorax Buysson, 1905",SUBSPECIES,HUMAN_OBSERVATION,Inventaire national Frelon (MNHN),a1077e55-120b-4c31-9a6b-ca7c210f5b04,CC_BY_4_0,True,False,1,1,2510657666,False,True,,gbif_20260923T091718Z/page_year-2011_offset-000000.json,2026-09-23T09:18:20Z
e7070e58138a71da,2613606338,2011-12-18,,1.0,2011,12,hiver_hivernage,47.779,0.529,5000.0,faible_5km,72314,Saint-Pierre-du-Lorouër,72,"Vespa velutina nigrithorax Buysson, 1905",SUBSPECIES,HUMAN_OBSERVATION,CardObs (INPN),4145cd45-8a92-426d-be8b-bfbbf5209032,CC_BY_NC_4_0,True,True,1,1,2613606338,False,True,,gbif_20260923T091718Z/page_year-2011_offset-000000.json,2026-09-23T09:18:20Z
f3e273aedcc2f690,2473182715,2011-12-18,,1.0,2011,12,hiver_hivernage,47.806,0.578,20.0,precise_100m,72279,Saint-Georges-de-la-Couée,72,"Vespa velutina nigrithorax Buysson, 1905",SUBSPECIES,HUMAN_OBSERVATION,Inventaire national Frelon (MNHN),9fd6c3da-88f7-4df7-9a3f-3f3f9c703998,CC_BY_4_0,True,False,1,1,2473182715,False,True,,gbif_20260923T091718Z/page_year-2011_offset-000000.json,2026-09-23T09:18:20Z
6c77f9dd6ee73f7b,2473183842,2011-12-31,,1.0,2011,12,hiver_hivernage,46.38,-0.934,20.0,precise_100m,85286,La Taillée,85,"Vespa velutina nigrithorax Buysson, 1905",SUBSPECIES,HUMAN_OBSERVATION,Inventaire national Frelon (MNHN),9fd6c3da-88f7-4df7-9a3f-3f3f9c703998,CC_BY_4_0,True,False,1,1,2473183842,False,True,,gbif_20260923T091718Z/page_year-2011_offset-000000.json,2026-09-23T09:18:20Z
a06231f3ec5aa803,2613614336,2011-12-31,,1.0,2011,12,hiver_hivernage,46.386,-0.97,5000.0,faible_5km,85304,Vouillé-les-Marais,85,"Vespa velutina nigrithorax Buysson, 1905",SUBSPECIES,HUMAN_OBSERVATION,CardObs (INPN),4145cd45-8a92-426d-be8b-bfbbf5209032,CC_BY_NC_4_0,True,True,1,1,2613614336,False,True,,gbif_20260923T091718Z/page_year-2011_offset-000000.json,2026-09-23T09:18:20Z
b5bbbedaaf4bfa43,2613609192,2011-12-31,,1.0,2011,12,hiver_hivernage,47.366,-1.308,5000.0,faible_5km,44048,Couffé,44,"Vespa velutina nigrithorax Buysson, 1905",SUBSPECIES,HUMAN_OBSERVATION,CardObs (INPN),4145cd45-8a92-426d-be8b-bfbbf5209032,CC_BY_NC_4_0,True,True,1,1,2613609192,False,False,,gbif_20260923T091718Z/page_year-2011_offset-000000.json,2026-09-23T09:18:20Z
f1060cea4ce68208,2473182880,2011-12-31,,1.0,2011,12,hiver_hivernage,47.326,-1.33,20.0,precise_100m,44028,Le Cellier,44,"Vespa velutina nigrithorax Buysson, 1905",SUBSPECIES,HUMAN_OBSERVATION,Inventaire national Frelon (MNHN),9fd6c3da-88f7-4df7-9a3f-3f3f9c703998,CC_BY_4_0,True,False,1,1,2473182880,False,False,,gbif_20260923T091718Z/page_year-2011_offset-000000.json,2026-09-23T09:18:20Z
01b23cb4bba175d5,3072933425,2012-01-01,,366.0,2012,,,46.859,-0.9,5000.0,faible_5km,85242,Saint-Mars-la-Réorthe,85,"Vespa velutina Lepeletier, 1836",SPECIES,HUMAN_OBSERVATION,Inventaire national Frelon (MNHN),f946666e-67dc-4848-9fa8-2162f3559e33,CC_BY_4_0,True,False,1,1,3072933425,False,True,,gbif_20260923T091718Z/page_year-2012_offset-000000.json,2026-09-23T09:18:20Z
5c65bff550591419,2473184823,2012-07-16,,1.0,2012,7,ete_ouvrieres,46.744,-1.616,20.0,precise_100m,85003,Aizenay,85,"Vespa velutina nigrithorax Buysson, 1905",SUBSPECIES,HUMAN_OBSERVATION,Inventaire national Frelon (MNHN),9fd6c3da-88f7-4df7-9a3f-3f3f9c703998,CC_BY_4_0,True,False,1,1,2473184823,False,True,,gbif_20260923T091718Z/page_year-2012_offset-000000.json,2026-09-23T09:18:20Z
9a202447c020f69d,2613607180,2012-07-16,,1.0,2012,7,ete_ouvrieres,46.721,-1.651,5000.0,faible_5km,85003,Aizenay,85,"Vespa velutina nigrithorax Buysson, 1905",SUBSPECIES,HUMAN_OBSERVATION,CardObs (INPN),4145cd45-8a92-426d-be8b-bfbbf5209032,CC_BY_NC_4_0,True,True,1,1,2613607180,False,False,,gbif_20260923T091718Z/page_year-2012_offset-000000.json,2026-09-23T09:18:20Z
9e3c79553076f5cd,2613608698,2012-07-19,,1.0,2012,7,ete_ouvrieres,48.4,0.095,5000.0,faible_5km,72006,Arçonnay,72,"Vespa velutina nigrithorax Buysson, 1905",SUBSPECIES,HUMAN_OBSERVATION,CardObs (INPN),4145cd45-8a92-426d-be8b-bfbbf5209032,CC_BY_NC_4_0,True,True,1,1,2613608698,False,True,,gbif_20260923T091718Z/page_year-2012_offset-000000.json,2026-09-23T09:18:20Z
a26882c5ed071a3b,2473217902,2012-08-01,,1.0,2012,8,ete_ouvrieres,47.163,-1.496,,inconnue,44215,Vertou,44,"Vespa velutina nigrithorax Buysson, 1905",SUBSPECIES,HUMAN_OBSERVATION,Inventaire national Frelon (MNHN),9fd6c3da-88f7-4df7-9a3f-3f3f9c703998,CC_BY_4_0,True,False,1,1,2473217902,False,False,Q08_incertitude_connue,gbif_20260923T091718Z/page_year-2012_offset-000000.json,2026-09-23T09:18:20Z
f9ddafa7c01ae033,2613610589,2012-08-01,,1.0,2012,8,ete_ouvrieres,47.176,-1.558,5000.0,faible_5km,44143,Rezé,44,"Vespa velutina nigrithorax Buysson, 1905",SUBSPECIES,HUMAN_OBSERVATION,CardObs (INPN),4145cd45-8a92-426d-be8b-bfbbf5209032,CC_BY_NC_4_0,True,True,1,1,2613610589,False,False,,gbif_20260923T091718Z/page_year-2012_offset-000000.json,2026-09-23T09:18:20Z
5133eb2988cd5dd9,2613612377,2012-08-11,,1.0,2012,8,ete_ouvrieres,46.641,-1.382,5000.0,faible_5km,85191,La Roche-sur-Yon,85,"Vespa velutina nigrithorax Buysson, 1905",SUBSPECIES,HUMAN_OBSERVATION,CardObs (INPN),4145cd45-8a92-426d-be8b-bfbbf5209032,CC_BY_NC_4_0,True,True,1,1,2613612377,False,False,,gbif_20260923T091718Z/page_year-2012_offset-000000.json,2026-09-23T09:18:20Z
a31f8587b28428df,2473220978,2012-08-11,,1.0,2012,8,ete_ouvrieres,46.664,-1.43,20.0,precise_100m,85191,La Roche-sur-Yon,85,"Vespa velutina nigrithorax Buysson, 1905",SUBSPECIES,HUMAN_OBSERVATION,Inventaire national Frelon (MNHN),9fd6c3da-88f7-4df7-9a3f-3f3f9c703998,CC_BY_4_0,True,False,1,1,2473220978,False,False,,gbif_20260923T091718Z/page_year-2012_offset-000000.json,2026-09-23T09:18:20Z
7431a78bc83e7305,2613606968,2012-08-17,,1.0,2012,8,ete_ouvrieres,46.906,-1.535,5000.0,faible_5km,44081,Legé,44,"Vespa velutina nigrithorax Buysson, 1905",SUBSPECIES,HUMAN_OBSERVATION,CardObs (INPN),4145cd45-8a92-426d-be8b-bfbbf5209032,CC_BY_NC_4_0,True,True,1,1,2613606968,False,True,,gbif_20260923T091718Z/page_year-2012_offset-000000.json,2026-09-23T09:18:20Z
c31a167e1205e86b,2473220979,2012-08-17,,1.0,2012,8,ete_ouvrieres,46.936,-1.508,20.0,precise_100m,85190,Rocheservière,85,"Vespa velutina nigrithorax Buysson, 1905",SUBSPECIES,HUMAN_OBSERVATION,Inventaire national Frelon (MNHN),9fd6c3da-88f7-4df7-9a3f-3f3f9c703998,CC_BY_4_0,True,False,1,1,2473220979,False,True,,gbif_20260923T091718Z/page_year-2012_offset-000000.json,2026-09-23T09:18:20Z
428aea9c6a60c07f,2473186754,2012-08-20,,1.0,2012,8,ete_ouvrieres,46.768,-1.508,20.0,precise_100m,85178,Le Poiré-sur-Vie,85,"Vespa velutina nigrithorax Buysson, 1905",SUBSPECIES,HUMAN_OBSERVATION,Inventaire national Frelon (MNHN),9fd6c3da-88f7-4df7-9a3f-3f3f9c703998,CC_BY_4_0,True,False,1,1,2473186754,False,True,,gbif_20260923T091718Z/page_year-2012_offset-000000.json,2026-09-23T09:18:20Z
577efbb0f841d22b,2473185842,2012-08-20,,1.0,2012,8,ete_ouvrieres,47.999,0.211,3000.0,faible_5km,72181,Le Mans,72,"Vespa velutina nigrithorax Buysson, 1905",SUBSPECIES,HUMAN_OBSERVATION,Inventaire national Frelon (MNHN),9fd6c3da-88f7-4df7-9a3f-3f3f9c703998,CC_BY_4_0,True,False,1,1,2473185842,False,True,,gbif_20260923T091718Z/page_year-2012_offset-000000.json,2026-09-23T09:18:20Z
9693db35afddaa22,2613607259,2012-08-20,,1.0,2012,8,ete_ouvrieres,48.043,0.248,5000.0,faible_5km,72328,Sargé-lès-le-Mans,72,"Vespa velutina nigrithorax Buysson, 1905",SUBSPECIES,HUMAN_OBSERVATION,CardObs (INPN),4145cd45-8a92-426d-be8b-bfbbf5209032,CC_BY_NC_4_0,True,True,1,1,2613607259,False,True,,gbif_20260923T091718Z/page_year-2012_offset-000000.json,2026-09-23T09:18:20Z
c527725497432051,2613610357,2012-08-20,,1.0,2012,8,ete_ouvrieres,46.726,-1.52,5000.0,faible_5km,85098,La Genétouze,85,"Vespa velutina nigrithorax Buysson, 1905",SUBSPECIES,HUMAN_OBSERVATION,CardObs (INPN),4145cd45-8a92-426d-be8b-bfbbf5209032,CC_BY_NC_4_0,True,True,1,1,2613610357,False,True,,gbif_20260923T091718Z/page_year-2012_offset-000000.json,2026-09-23T09:18:20Z
90a41f791f94821f,2613614223,2012-08-26,,1.0,2012,8,ete_ouvrieres,47.266,-1.565,5000.0,faible_5km,44109,Nantes,44,"Vespa velutina nigrithorax Buysson, 1905",SUBSPECIES,HUMAN_OBSERVATION,CardObs (INPN),4145cd45-8a92-426d-be8b-bfbbf5209032,CC_BY_NC_4_0,True,True,1,1,2613614223,False,False,,gbif_20260923T091718Z/page_year-2012_offset-000000.json,2026-09-23T09:18:20Z
c286c59e15d6fc27,2473186824,2012-08-26,,1.0,2012,8,ete_ouvrieres,47.246,-1.598,3000.0,faible_5km,44114,Orvault,44,"Vespa velutina nigrithorax Buysson, 1905",SUBSPECIES,HUMAN_OBSERVATION,Inventaire national Frelon (MNHN),9fd6c3da-88f7-4df7-9a3f-3f3f9c703998,CC_BY_4_0,True,False,1,1,2473186824,False,True,,gbif_20260923T091718Z/page_year-2012_offset-000000.json,2026-09-23T09:18:20Z
0ce6f9bc18e7bf49,2473183821,2012-08-28,,1.0,2012,8,ete_ouvrieres,47.565,-1.627,3000.0,faible_5km,44113,Nozay,44,"Vespa velutina nigrithorax Buysson, 1905",SUBSPECIES,HUMAN_OBSERVATION,Inventaire national Frelon (MNHN),9fd6c3da-88f7-4df7-9a3f-3f3f9c703998,CC_BY_4_0,True,False,1,1,2473183821,False,True,,gbif_20260923T091718Z/page_year-2012_offset-000000.json,2026-09-23T09:18:20Z
3547db034be8fa48,2613612044,2012-08-28,,1.0,2012,8,ete_ouvrieres,47.535,-1.588,5000.0,faible_5km,44138,Puceul,44,"Vespa velutina nigrithorax Buysson, 1905",SUBSPECIES,HUMAN_OBSERVATION,CardObs (INPN),4145cd45-8a92-426d-be8b-bfbbf5209032,CC_BY_NC_4_0,True,True,1,1,2613612044,False,True,,gbif_20260923T091718Z/page_year-2012_offset-000000.json,2026-09-23T09:18:20Z
9293de9afd116b37,2613605521,2012-08-28,,1.0,2012,8,ete_ouvrieres,47.266,-1.565,5000.0,faible_5km,44109,Nantes,44,"Vespa velutina nigrithorax Buysson, 1905",SUBSPECIES,HUMAN_OBSERVATION,CardObs (INPN),4145cd45-8a92-426d-be8b-bfbbf5209032,CC_BY_NC_4_0,True,True,1,1,2613605521,False,False,,gbif_20260923T091718Z/page_year-2012_offset-000000.json,2026-09-23T09:18:20Z
a4b60fd55d263b23,2473220729,2012-08-28,,1.0,2012,8,ete_ouvrieres,47.224,-1.575,,inconnue,44109,Nantes,44,"Vespa velutina nigrithorax Buysson, 1905",SUBSPECIES,HUMAN_OBSERVATION,Inventaire national Frelon (MNHN),9fd6c3da-88f7-4df7-9a3f-3f3f9c703998,CC_BY_4_0,True,False,1,1,2473220729,False,False,Q08_incertitude_connue,gbif_20260923T091718Z/page_year-2012_offset-000000.json,2026-09-23T09:18:20Z
0749058f1277e784,2473218265,2012-08-31,,1.0,2012,8,ete_ouvrieres,47.008,-0.745,3000.0,faible_5km,49192,Maulévrier,49,"Vespa velutina nigrithorax Buysson, 1905",SUBSPECIES,HUMAN_OBSERVATION,Inventaire national Frelon (MNHN),9fd6c3da-88f7-4df7-9a3f-3f3f9c703998,CC_BY_4_0,True,False,1,1,2473218265,False,True,,gbif_20260923T091718Z/page_year-2012_offset-000000.json,2026-09-23T09:18:20Z
47e24120fd0fea97,2613605892,2012-08-31,,1.0,2012,8,ete_ouvrieres,47.024,-0.754,5000.0,faible_5km,49192,Maulévrier,49,"Vespa velutina nigrithorax Buysson, 1905",SUBSPECIES,HUMAN_OBSERVATION,CardObs (INPN),4145cd45-8a92-426d-be8b-bfbbf5209032,CC_BY_NC_4_0,True,True,1,1,2613605892,False,False,,gbif_20260923T091718Z/page_year-2012_offset-000000.json,2026-09-23T09:18:20Z
347b24404662708f,2473219745,2012-09-10,,1.0,2012,9,automne_reproduction,47.271,-1.612,,inconnue,44114,Orvault,44,"Vespa velutina nigrithorax Buysson, 1905",SUBSPECIES,HUMAN_OBSERVATION,Inventaire national Frelon (MNHN),9fd6c3da-88f7-4df7-9a3f-3f3f9c703998,CC_BY_4_0,True,False,1,1,2473219745,False,False,Q08_incertitude_connue,gbif_20260923T091718Z/page_year-2012_offset-000000.json,2026-09-23T09:18:20Z
3cc17c519939b291,2613607298,2012-09-10,,1.0,2012,9,automne_reproduction,47.266,-1.565,5000.0,faible_5km,44109,Nantes,44,"Vespa velutina nigrithorax Buysson, 1905",SUBSPECIES,HUMAN_OBSERVATION,CardObs (INPN),4145cd45-8a92-426d-be8b-bfbbf5209032,CC_BY_NC_4_0,True,True,1,1,2613607298,False,False,,gbif_20260923T091718Z/page_year-2012_offset-000000.json,2026-09-23T09:18:20Z
ecfebec51804fc85,2473233491,2012-09-10,,1.0,2012,9,automne_reproduction,47.709,-0.085,20.0,precise_100m,72154,La Flèche,72,"Vespa velutina nigrithorax Buysson, 1905",SUBSPECIES,HUMAN_OBSERVATION,Inventaire national Frelon (MNHN),9fd6c3da-88f7-4df7-9a3f-3f3f9c703998,CC_BY_4_0,True,False,1,1,2473233491,False,True,,gbif_20260923T091718Z/page_year-2012_offset-000000.json,2026-09-23T09:18:20Z
ae85831e5368d9b8,2613604719,2012-09-30,,1.0,2012,9,automne_reproduction,47.276,-1.301,5000.0,faible_5km,44029,Divatte-sur-Loire,44,"Vespa velutina nigrithorax Buysson, 1905",SUBSPECIES,HUMAN_OBSERVATION,CardObs (INPN),4145cd45-8a92-426d-be8b-bfbbf5209032,CC_BY_NC_4_0,True,True,1,1,2613604719,False,True,,gbif_20260923T091718Z/page_year-2012_offset-000000.json,2026-09-23T09:18:20Z
bc0efa70b01204b8,2473183882,2012-09-30,,1.0,2012,9,automne_reproduction,47.238,-1.345,3000.0,faible_5km,44084,Le Loroux-Bottereau,44,"Vespa velutina nigrithorax Buysson, 1905",SUBSPECIES,HUMAN_OBSERVATION,Inventaire national Frelon (MNHN),9fd6c3da-88f7-4df7-9a3f-3f3f9c703998,CC_BY_4_0,True,False,1,1,2473183882,False,True,,gbif_20260923T091718Z/page_year-2012_offset-000000.json,2026-09-23T09:18:20Z
f2437a153315e2c9,4595901570,2012-09-30,,1.0,2012,9,automne_reproduction,46.41,-1.537,,inconnue,85127,Longeville-sur-Mer,85,"Vespa velutina Lepeletier, 1836",SPECIES,HUMAN_OBSERVATION,SPIPOLL,0797c245-3f7f-42db-b822-550a36b2a922,CC_BY_4_0,True,False,1,1,4595901570,False,True,Q08_incertitude_connue,gbif_20260923T091718Z/page_year-2012_offset-000000.json,2026-09-23T09:18:20Z
8253834fa92a7a8b,2613605158,2012-10-01,,1.0,2012,10,automne_reproduction,46.721,-1.651,5000.0,faible_5km,85003,Aizenay,85,"Vespa velutina nigrithorax Buysson, 1905",SUBSPECIES,HUMAN_OBSERVATION,CardObs (INPN),4145cd45-8a92-426d-be8b-bfbbf5209032,CC_BY_NC_4_0,True,True,2,1,2613605158;2613610540,False,False,,gbif_20260923T091718Z/page_year-2012_offset-000000.json,2026-09-23T09:18:20Z
d28cdf53ff523324,2613613418,2012-10-01,,1.0,2012,10,automne_reproduction,47.41,0.148,5000.0,faible_5km,49228,Noyant-Villages,49,"Vespa velutina nigrithorax Buysson, 1905",SUBSPECIES,HUMAN_OBSERVATION,CardObs (INPN),4145cd45-8a92-426d-be8b-bfbbf5209032,CC_BY_NC_4_0,True,True,1,1,2613613418,False,True,,gbif_20260923T091718Z/page_year-2012_offset-000000.json,2026-09-23T09:18:20Z
edc5d8bd5005c7d3,2473184822,2012-10-01,,1.0,2012,10,automne_reproduction,46.756,-1.683,20.0,precise_100m,85130,Maché,85,"Vespa velutina nigrithorax Buysson, 1905",SUBSPECIES,HUMAN_OBSERVATION,Inventaire national Frelon (MNHN),9fd6c3da-88f7-4df7-9a3f-3f3f9c703998,CC_BY_4_0,True,False,1,1,2473184822,False,True,,gbif_20260923T091718Z/page_year-2012_offset-000000.json,2026-09-23T09:18:20Z
ee800584c99df2de,2473220034,2012-10-01,,1.0,2012,10,automne_reproduction,46.755,-1.686,20.0,precise_100m,85130,Maché,85,"Vespa velutina nigrithorax Buysson, 1905",SUBSPECIES,HUMAN_OBSERVATION,Inventaire national Frelon (MNHN),9fd6c3da-88f7-4df7-9a3f-3f3f9c703998,CC_BY_4_0,True,False,1,1,2473220034,False,False,,gbif_20260923T091718Z/page_year-2012_offset-000000.json,2026-09-23T09:18:20Z
f20a7dd10d859e24,2473223685,2012-10-01,,1.0,2012,10,automne_reproduction,47.439,0.167,3000.0,faible_5km,49228,Noyant-Villages,49,"Vespa velutina nigrithorax Buysson, 1905",SUBSPECIES,HUMAN_OBSERVATION,Inventaire national Frelon (MNHN),9fd6c3da-88f7-4df7-9a3f-3f3f9c703998,CC_BY_4_0,True,False,1,1,2473223685,False,False,,gbif_20260923T091718Z/page_year-2012_offset-000000.json,2026-09-23T09:18:20Z
39ce978dba56183d,2613614713,2012-10-03,,1.0,2012,10,automne_reproduction,46.911,-1.404,5000.0,faible_5km,85108,L'Herbergement,85,"Vespa velutina nigrithorax Buysson, 1905",SUBSPECIES,HUMAN_OBSERVATION,CardObs (INPN),4145cd45-8a92-426d-be8b-bfbbf5209032,CC_BY_NC_4_0,True,True,1,1,2613614713,False,True,,gbif_20260923T091718Z/page_year-2012_offset-000000.json,2026-09-23T09:18:20Z
66467429a3893399,2473182805,2012-10-03,,1.0,2012,10,automne_reproduction,46.91,-1.37,20.0,precise_100m,85108,L'Herbergement,85,"Vespa velutina nigrithorax Buysson, 1905",SUBSPECIES,HUMAN_OBSERVATION,Inventaire national Frelon (MNHN),9fd6c3da-88f7-4df7-9a3f-3f3f9c703998,CC_BY_4_0,True,False,1,1,2473182805,False,False,,gbif_20260923T091718Z/page_year-2012_offset-000000.json,2026-09-23T09:18:20Z
65e10c9695797dc7,2613604027,2012-10-07,,1.0,2012,10,automne_reproduction,47.02,-0.885,5000.0,faible_5km,49099,Cholet,49,"Vespa velutina Lepeletier, 1836",SPECIES,HUMAN_OBSERVATION,CardObs (INPN),4145cd45-8a92-426d-be8b-bfbbf5209032,CC_BY_NC_4_0,True,True,3,1,2613604027;2613605163;2613612815,False,False,,gbif_20260923T091718Z/page_year-2012_offset-000000.json,2026-09-23T09:18:20Z
0bd8ff9bf0c07368,2613609863,2012-11-04,,1.0,2012,11,automne_reproduction,47.159,-1.953,5000.0,faible_5km,44005,Chaumes-en-Retz,44,"Vespa velutina nigrithorax Buysson, 1905",SUBSPECIES,HUMAN_OBSERVATION,CardObs (INPN),4145cd45-8a92-426d-be8b-bfbbf5209032,CC_BY_NC_4_0,True,True,1,1,2613609863,False,False,,gbif_20260923T091718Z/page_year-2012_offset-000000.json,2026-09-23T09:18:20Z
edcf0357fa266606,2473203011,2012-11-04,,1.0,2012,11,automne_reproduction,47.117,-1.971,3000.0,faible_5km,44005,Chaumes-en-Retz,44,"Vespa velutina nigrithorax Buysson, 1905",SUBSPECIES,HUMAN_OBSERVATION,Inventaire national Frelon (MNHN),9fd6c3da-88f7-4df7-9a3f-3f3f9c703998,CC_BY_4_0,True,False,1,1,2473203011,False,False,,gbif_20260923T091718Z/page_year-2012_offset-000000.json,2026-09-23T09:18:20Z
24a9f162b157b2f6,2613612400,2012-11-11,,1.0,2012,11,automne_reproduction,47.015,-1.017,5000.0,faible_5km,49301,Sèvremoine,49,"Vespa velutina nigrithorax Buysson, 1905",SUBSPECIES,HUMAN_OBSERVATION,CardObs (INPN),4145cd45-8a92-426d-be8b-bfbbf5209032,CC_BY_NC_4_0,True,True,1,1,2613612400,False,True,,gbif_20260923T091718Z/page_year-2012_offset-000000.json,2026-09-23T09:18:20Z
fcc7c37955e0dd44,2473185511,2012-11-11,,1.0,2012,11,automne_reproduction,46.999,-0.97,,inconnue,85151,Mortagne-sur-Sèvre,85,"Vespa velutina nigrithorax Buysson, 1905",SUBSPECIES,HUMAN_OBSERVATION,Inventaire national Frelon (MNHN),9fd6c3da-88f7-4df7-9a3f-3f3f9c703998,CC_BY_4_0,True,False,1,1,2473185511,False,True,Q08_incertitude_connue,gbif_20260923T091718Z/page_year-2012_offset-000000.json,2026-09-23T09:18:20Z
1bbcac8f1442cbfb,2473218110,2012-11-12,,1.0,2012,11,automne_reproduction,47.196,-1.571,20.0,precise_100m,44143,Rezé,44,"Vespa velutina nigrithorax Buysson, 1905",SUBSPECIES,HUMAN_OBSERVATION,Inventaire national Frelon (MNHN),9fd6c3da-88f7-4df7-9a3f-3f3f9c703998,CC_BY_4_0,True,False,1,1,2473218110,False,False,,gbif_20260923T091718Z/page_year-2012_offset-000000.json,2026-09-23T09:18:20Z
472a3668c4f49e1d,2613604003,2012-11-12,,1.0,2012,11,automne_reproduction,47.176,-1.558,5000.0,faible_5km,44143,Rezé,44,"Vespa velutina nigrithorax Buysson, 1905",SUBSPECIES,HUMAN_OBSERVATION,CardObs (INPN),4145cd45-8a92-426d-be8b-bfbbf5209032,CC_BY_NC_4_0,True,True,1,1,2613604003,False,False,,gbif_20260923T091718Z/page_year-2012_offset-000000.json,2026-09-23T09:18:20Z
7a5ad2b1bc5a212a,2613612452,2012-11-12,,1.0,2012,11,automne_reproduction,47.266,-1.565,5000.0,faible_5km,44109,Nantes,44,"Vespa velutina nigrithorax Buysson, 1905",SUBSPECIES,HUMAN_OBSERVATION,CardObs (INPN),4145cd45-8a92-426d-be8b-bfbbf5209032,CC_BY_NC_4_0,True,True,1,1,2613612452,False,False,,gbif_20260923T091718Z/page_year-2012_offset-000000.json,2026-09-23T09:18:20Z
afaabb8b55f2f444,2473182875,2012-11-12,,1.0,2012,11,automne_reproduction,47.274,-1.514,20.0,precise_100m,44109,Nantes,44,"Vespa velutina nigrithorax Buysson, 1905",SUBSPECIES,HUMAN_OBSERVATION,Inventaire national Frelon (MNHN),9fd6c3da-88f7-4df7-9a3f-3f3f9c703998,CC_BY_4_0,True,False,1,1,2473182875,False,False,,gbif_20260923T091718Z/page_year-2012_offset-000000.json,2026-09-23T09:18:20Z
b682965e1c18c98d,2613608455,2012-11-12,,1.0,2012,11,automne_reproduction,47.118,-0.628,5000.0,faible_5km,49109,Coron,49,"Vespa velutina nigrithorax Buysson, 1905",SUBSPECIES,HUMAN_OBSERVATION,CardObs (INPN),4145cd45-8a92-426d-be8b-bfbbf5209032,CC_BY_NC_4_0,True,True,1,1,2613608455,False,False,,gbif_20260923T091718Z/page_year-2012_offset-000000.json,2026-09-23T09:18:20Z
de98b1bee9506c57,2473221073,2012-11-12,,1.0,2012,11,automne_reproduction,47.127,-0.641,20.0,precise_100m,49109,Coron,49,"Vespa velutina nigrithorax Buysson, 1905",SUBSPECIES,HUMAN_OBSERVATION,Inventaire national Frelon (MNHN),9fd6c3da-88f7-4df7-9a3f-3f3f9c703998,CC_BY_4_0,True,False,1,1,2473221073,False,False,,gbif_20260923T091718Z/page_year-2012_offset-000000.json,2026-09-23T09:18:20Z
a86a99b79cd68077,2613607907,2012-11-16,,1.0,2012,11,automne_reproduction,46.811,-1.658,5000.0,faible_5km,85260,Saint-Paul-Mont-Penit,85,"Vespa velutina nigrithorax Buysson, 1905",SUBSPECIES,HUMAN_OBSERVATION,CardObs (INPN),4145cd45-8a92-426d-be8b-bfbbf5209032,CC_BY_NC_4_0,True,True,1,1,2613607907,False,True,,gbif_20260923T091718Z/page_year-2012_offset-000000.json,2026-09-23T09:18:20Z
b7807ab8d9fe4fe2,2473182806,2012-11-16,,1.0,2012,11,automne_reproduction,46.805,-1.616,20.0,precise_100m,85169,Palluau,85,"Vespa velutina nigrithorax Buysson, 1905",SUBSPECIES,HUMAN_OBSERVATION,Inventaire national Frelon (MNHN),9fd6c3da-88f7-4df7-9a3f-3f3f9c703998,CC_BY_4_0,True,False,1,1,2473182806,False,True,,gbif_20260923T091718Z/page_year-2012_offset-000000.json,2026-09-23T09:18:20Z
993e0e69b7bbdc33,2473182839,2012-11-27,,1.0,2012,11,automne_reproduction,47.254,-1.55,20.0,precise_100m,44109,Nantes,44,"Vespa velutina nigrithorax Buysson, 1905",SUBSPECIES,HUMAN_OBSERVATION,Inventaire national Frelon (MNHN),9fd6c3da-88f7-4df7-9a3f-3f3f9c703998,CC_BY_4_0,True,False,1,1,2473182839,False,False,,gbif_20260923T091718Z/page_year-2012_offset-000000.json,2026-09-23T09:18:20Z
9ada9c17f83ea76d,2613608864,2012-11-27,,1.0,2012,11,automne_reproduction,47.266,-1.565,5000.0,faible_5km,44109,Nantes,44,"Vespa velutina nigrithorax Buysson, 1905",SUBSPECIES,HUMAN_OBSERVATION,CardObs (INPN),4145cd45-8a92-426d-be8b-bfbbf5209032,CC_BY_NC_4_0,True,True,1,1,2613608864,False,False,,gbif_20260923T091718Z/page_year-2012_offset-000000.json,2026-09-23T09:18:20Z
5697e9aa2ff8be7a,2473182807,2012-12-01,,1.0,2012,12,hiver_hivernage,47.259,-0.086,20.0,precise_100m,49328,Saumur,49,"Vespa velutina nigrithorax Buysson, 1905",SUBSPECIES,HUMAN_OBSERVATION,Inventaire national Frelon (MNHN),9fd6c3da-88f7-4df7-9a3f-3f3f9c703998,CC_BY_4_0,True,False,1,1,2473182807,False,True,,gbif_20260923T091718Z/page_year-2012_offset-000000.json,2026-09-23T09:18:20Z
6e565fce3d8f5120,2613607215,2012-12-01,,1.0,2012,12,hiver_hivernage,47.224,-0.106,5000.0,faible_5km,49123,Distré,49,"Vespa velutina nigrithorax Buysson, 1905",SUBSPECIES,HUMAN_OBSERVATION,CardObs (INPN),4145cd45-8a92-426d-be8b-bfbbf5209032,CC_BY_NC_4_0,True,True,1,1,2613607215,False,True,,gbif_20260923T091718Z/page_year-2012_offset-000000.json,2026-09-23T09:18:20Z
c51001a1a4e78806,2473222630,2012-12-08,,1.0,2012,12,hiver_hivernage,47.217,-1.547,20.0,precise_100m,44109,Nantes,44,"Vespa velutina nigrithorax Buysson, 1905",SUBSPECIES,HUMAN_OBSERVATION,Inventaire national Frelon (MNHN),9fd6c3da-88f7-4df7-9a3f-3f3f9c703998,CC_BY_4_0,True,False,1,1,2473222630,False,False,,gbif_20260923T091718Z/page_year-2012_offset-000000.json,2026-09-23T09:18:20Z
c6ed91431cee1f59,2613605825,2012-12-08,,1.0,2012,12,hiver_hivernage,47.176,-1.558,5000.0,faible_5km,44143,Rezé,44,"Vespa velutina nigrithorax Buysson, 1905",SUBSPECIES,HUMAN_OBSERVATION,CardObs (INPN),4145cd45-8a92-426d-be8b-bfbbf5209032,CC_BY_NC_4_0,True,True,1,1,2613605825,False,False,,gbif_20260923T091718Z/page_year-2012_offset-000000.json,2026-09-23T09:18:20Z
3092325bce69458f,2473205063,2012-12-23,,1.0,2012,12,hiver_hivernage,47.086,-1.613,20.0,precise_100m,44041,La Chevrolière,44,"Vespa velutina nigrithorax Buysson, 1905",SUBSPECIES,HUMAN_OBSERVATION,Inventaire national Frelon (MNHN),9fd6c3da-88f7-4df7-9a3f-3f3f9c703998,CC_BY_4_0,True,False,1,1,2473205063,False,True,,gbif_20260923T091718Z/page_year-2012_offset-000000.json,2026-09-23T09:18:20Z
b440189633f10c04,2613607922,2012-12-23,,1.0,2012,12,hiver_hivernage,47.086,-1.55,5000.0,faible_5km,44014,Le Bignon,44,"Vespa velutina nigrithorax Buysson, 1905",SUBSPECIES,HUMAN_OBSERVATION,CardObs (INPN),4145cd45-8a92-426d-be8b-bfbbf5209032,CC_BY_NC_4_0,True,True,2,1,2613607922;2613612284,False,True,,gbif_20260923T091718Z/page_year-2012_offset-000000.json,2026-09-23T09:18:20Z
bc89d5cb7ec6fa3f,2473238977,2012-12-23,,1.0,2012,12,hiver_hivernage,47.087,-1.613,20.0,precise_100m,44041,La Chevrolière,44,"Vespa velutina nigrithorax Buysson, 1905",SUBSPECIES,HUMAN_OBSERVATION,Inventaire national Frelon (MNHN),9fd6c3da-88f7-4df7-9a3f-3f3f9c703998,CC_BY_4_0,True,False,1,1,2473238977,False,False,,gbif_20260923T091718Z/page_year-2012_offset-000000.json,2026-09-23T09:18:20Z
97cbbfdacfdc3728,2613614785,2012-12-30,,1.0,2012,12,hiver_hivernage,47.154,-2.085,5000.0,faible_5km,44131,Pornic,44,"Vespa velutina nigrithorax Buysson, 1905",SUBSPECIES,HUMAN_OBSERVATION,CardObs (INPN),4145cd45-8a92-426d-be8b-bfbbf5209032,CC_BY_NC_4_0,True,True,1,1,2613614785,False,True,,gbif_20260923T091718Z/page_year-2012_offset-000000.json,2026-09-23T09:18:20Z
9d0bc92b37c5aa33,2473220089,2012-12-30,,1.0,2012,12,hiver_hivernage,47.115,-2.104,3000.0,faible_5km,44131,Pornic,44,"Vespa velutina nigrithorax Buysson, 1905",SUBSPECIES,HUMAN_OBSERVATION,Inventaire national Frelon (MNHN),9fd6c3da-88f7-4df7-9a3f-3f3f9c703998,CC_BY_4_0,True,False,1,1,2473220089,False,False,,gbif_20260923T091718Z/page_year-2012_offset-000000.json,2026-09-23T09:18:20Z
0e3aab78c0a9b2d2,2473182745,2012-12-31,,1.0,2012,12,hiver_hivernage,47.348,-1.254,20.0,precise_100m,44115,Oudon,44,"Vespa velutina nigrithorax Buysson, 1905",SUBSPECIES,HUMAN_OBSERVATION,Inventaire national Frelon (MNHN),9fd6c3da-88f7-4df7-9a3f-3f3f9c703998,CC_BY_4_0,True,False,1,1,2473182745,False,True,,gbif_20260923T091718Z/page_year-2012_offset-000000.json,2026-09-23T09:18:20Z
183dd1241db741df,2613614603,2012-12-31,,1.0,2012,12,hiver_hivernage,47.366,-1.308,5000.0,faible_5km,44048,Couffé,44,"Vespa velutina nigrithorax Buysson, 1905",SUBSPECIES,HUMAN_OBSERVATION,CardObs (INPN),4145cd45-8a92-426d-be8b-bfbbf5209032,CC_BY_NC_4_0,True,True,1,1,2613614603,False,False,,gbif_20260923T091718Z/page_year-2012_offset-000000.json,2026-09-23T09:18:20Z
2a2b932993744ab0,2473223680,2012-12-31,,1.0,2012,12,hiver_hivernage,47.261,-1.622,20.0,precise_100m,44114,Orvault,44,"Vespa velutina nigrithorax Buysson, 1905",SUBSPECIES,HUMAN_OBSERVATION,Inventaire national Frelon (MNHN),9fd6c3da-88f7-4df7-9a3f-3f3f9c703998,CC_BY_4_0,True,False,1,1,2473223680,False,False,,gbif_20260923T091718Z/page_year-2012_offset-000000.json,2026-09-23T09:18:20Z
36b46e617281c71e,2473183804,2012-12-31,,1.0,2012,12,hiver_hivernage,47.26,-1.623,20.0,precise_100m,44114,Orvault,44,"Vespa velutina nigrithorax Buysson, 1905",SUBSPECIES,HUMAN_OBSERVATION,Inventaire national Frelon (MNHN),9fd6c3da-88f7-4df7-9a3f-3f3f9c703998,CC_BY_4_0,True,False,1,1,2473183804,False,False,,gbif_20260923T091718Z/page_year-2012_offset-000000.json,2026-09-23T09:18:20Z
735e70fce07525d2,2613608803,2012-12-31,,1.0,2012,12,hiver_hivernage,47.266,-1.565,5000.0,faible_5km,44109,Nantes,44,"Vespa velutina nigrithorax Buysson, 1905",SUBSPECIES,HUMAN_OBSERVATION,CardObs (INPN),4145cd45-8a92-426d-be8b-bfbbf5209032,CC_BY_NC_4_0,True,True,3,1,2613608803;2613610651;2613613331,False,False,,gbif_20260923T091718Z/page_year-2012_offset-000000.json,2026-09-23T09:18:20Z
f27a7ccabb395aa1,2473185837,2012-12-31,,1.0,2012,12,hiver_hivernage,47.223,-1.58,20.0,precise_100m,44109,Nantes,44,"Vespa velutina nigrithorax Buysson, 1905",SUBSPECIES,HUMAN_OBSERVATION,Inventaire national Frelon (MNHN),9fd6c3da-88f7-4df7-9a3f-3f3f9c703998,CC_BY_4_0,True,False,1,1,2473185837,False,False,,gbif_20260923T091718Z/page_year-2012_offset-000000.json,2026-09-23T09:18:20Z
d6c4f5d91641b4eb,4595754203,2013-04-24,,1.0,2013,4,printemps_fondatrices,46.45,-1.693,,inconnue,85288,Talmont-Saint-Hilaire,85,"Vespa velutina Lepeletier, 1836",SPECIES,HUMAN_OBSERVATION,SPIPOLL,0797c245-3f7f-42db-b822-550a36b2a922,CC_BY_4_0,True,False,1,1,4595754203,False,True,Q08_incertitude_connue,gbif_20260923T091718Z/page_year-2013_offset-000000.json,2026-09-23T09:18:20Z
39b18f94e40cb731,2475555004,2013-05-03,,1.0,2013,5,printemps_fondatrices,46.376,-1.07,,inconnue,85267,Sainte-Radégonde-des-Noyers,85,"Vespa velutina Lepeletier, 1836",SPECIES,HUMAN_OBSERVATION,Autre inventaire,54facf62-bf0c-43e7-9972-4fdc407fa6c5,CC_BY_4_0,True,False,2,1,2475555004;2475703048,False,False,Q08_incertitude_connue,gbif_20260923T091718Z/page_year-2013_offset-000000.json,2026-09-23T09:18:20Z
ac71e87ca16ccea6,2613607153,2013-05-03,,1.0,2013,5,printemps_fondatrices,46.381,-1.1,5000.0,faible_5km,85049,Champagné-les-Marais,85,"Vespa velutina Lepeletier, 1836",SPECIES,HUMAN_OBSERVATION,CardObs (INPN),4145cd45-8a92-426d-be8b-bfbbf5209032,CC_BY_NC_4_0,True,True,2,1,2613607153;2613610091,False,False,,gbif_20260923T091718Z/page_year-2013_offset-000000.json,2026-09-23T09:18:20Z
4bb290a66ab57fc9,2613609540,2013-07-01,,1.0,2013,7,ete_ouvrieres,47.266,-1.565,5000.0,faible_5km,44109,Nantes,44,"Vespa velutina nigrithorax Buysson, 1905",SUBSPECIES,HUMAN_OBSERVATION,CardObs (INPN),4145cd45-8a92-426d-be8b-bfbbf5209032,CC_BY_NC_4_0,True,True,1,1,2613609540,False,False,,gbif_20260923T091718Z/page_year-2013_offset-000000.json,2026-09-23T09:18:20Z
921a8d8abbea7926,2473182900,2013-07-01,,1.0,2013,7,ete_ouvrieres,47.248,-1.533,20.0,precise_100m,44109,Nantes,44,"Vespa velutina nigrithorax Buysson, 1905",SUBSPECIES,HUMAN_OBSERVATION,Inventaire national Frelon (MNHN),9fd6c3da-88f7-4df7-9a3f-3f3f9c703998,CC_BY_4_0,True,False,1,1,2473182900,False,False,,gbif_20260923T091718Z/page_year-2013_offset-000000.json,2026-09-23T09:18:20Z
5d1732484c7f0909,2473185790,2013-07-03,,1.0,2013,7,ete_ouvrieres,46.784,-1.603,20.0,precise_100m,85055,La Chapelle-Palluau,85,"Vespa velutina nigrithorax Buysson, 1905",SUBSPECIES,HUMAN_OBSERVATION,Inventaire national Frelon (MNHN),9fd6c3da-88f7-4df7-9a3f-3f3f9c703998,CC_BY_4_0,True,False,1,1,2473185790,False,True,,gbif_20260923T091718Z/page_year-2013_offset-000000.json,2026-09-23T09:18:20Z
853bbd1654f36f3f,2613613444,2013-07-03,,1.0,2013,7,ete_ouvrieres,46.811,-1.658,5000.0,faible_5km,85260,Saint-Paul-Mont-Penit,85,"Vespa velutina nigrithorax Buysson, 1905",SUBSPECIES,HUMAN_OBSERVATION,CardObs (INPN),4145cd45-8a92-426d-be8b-bfbbf5209032,CC_BY_NC_4_0,True,True,1,1,2613613444,False,False,,gbif_20260923T091718Z/page_year-2013_offset-000000.json,2026-09-23T09:18:20Z
b04a856c2a018131,2613611640,2013-07-18,,1.0,2013,7,ete_ouvrieres,47.02,-0.885,5000.0,faible_5km,49099,Cholet,49,"Vespa velutina nigrithorax Buysson, 1905",SUBSPECIES,HUMAN_OBSERVATION,CardObs (INPN),4145cd45-8a92-426d-be8b-bfbbf5209032,CC_BY_NC_4_0,True,True,1,1,2613611640,False,False,,gbif_20260923T091718Z/page_year-2013_offset-000000.json,2026-09-23T09:18:20Z
ed6c35ab33defedd,2473183843,2013-07-18,,1.0,2013,7,ete_ouvrieres,47.046,-0.885,20.0,precise_100m,49099,Cholet,49,"Vespa velutina nigrithorax Buysson, 1905",SUBSPECIES,HUMAN_OBSERVATION,Inventaire national Frelon (MNHN),9fd6c3da-88f7-4df7-9a3f-3f3f9c703998,CC_BY_4_0,True,False,1,1,2473183843,False,False,,gbif_20260923T091718Z/page_year-2013_offset-000000.json,2026-09-23T09:18:20Z
3e19c1fe1367f400,2473182804,2013-07-22,,1.0,2013,7,ete_ouvrieres,46.632,-1.397,20.0,precise_100m,85191,La Roche-sur-Yon,85,"Vespa velutina nigrithorax Buysson, 1905",SUBSPECIES,HUMAN_OBSERVATION,Inventaire national Frelon (MNHN),9fd6c3da-88f7-4df7-9a3f-3f3f9c703998,CC_BY_4_0,True,False,1,1,2473182804,False,False,,gbif_20260923T091718Z/page_year-2013_offset-000000.json,2026-09-23T09:18:20Z
9e388080076a6445,2613607508,2013-07-22,,1.0,2013,7,ete_ouvrieres,46.641,-1.382,5000.0,faible_5km,85191,La Roche-sur-Yon,85,"Vespa velutina nigrithorax Buysson, 1905",SUBSPECIES,HUMAN_OBSERVATION,CardObs (INPN),4145cd45-8a92-426d-be8b-bfbbf5209032,CC_BY_NC_4_0,True,True,1,1,2613607508,False,False,,gbif_20260923T091718Z/page_year-2013_offset-000000.json,2026-09-23T09:18:20Z
6c6de5ef19f1af69,2473218189,2013-07-30,,1.0,2013,7,ete_ouvrieres,46.936,-1.513,20.0,precise_100m,85190,Rocheservière,85,"Vespa velutina nigrithorax Buysson, 1905",SUBSPECIES,HUMAN_OBSERVATION,Inventaire national Frelon (MNHN),9fd6c3da-88f7-4df7-9a3f-3f3f9c703998,CC_BY_4_0,True,False,1,1,2473218189,False,False,,gbif_20260923T091718Z/page_year-2013_offset-000000.json,2026-09-23T09:18:20Z
9b705401ef48e45a,2613603328,2013-07-30,,1.0,2013,7,ete_ouvrieres,46.906,-1.535,5000.0,faible_5km,44081,Legé,44,"Vespa velutina nigrithorax Buysson, 1905",SUBSPECIES,HUMAN_OBSERVATION,CardObs (INPN),4145cd45-8a92-426d-be8b-bfbbf5209032,CC_BY_NC_4_0,True,True,1,1,2613603328,False,False,,gbif_20260923T091718Z/page_year-2013_offset-000000.json,2026-09-23T09:18:20Z
0952e421a1948ef1,2473185876,2013-08-01,,1.0,2013,8,ete_ouvrieres,46.932,-1.742,3000.0,faible_5km,44157,Saint-Étienne-de-Mer-Morte,44,"Vespa velutina nigrithorax Buysson, 1905",SUBSPECIES,HUMAN_OBSERVATION,Inventaire national Frelon (MNHN),9fd6c3da-88f7-4df7-9a3f-3f3f9c703998,CC_BY_4_0,True,False,1,1,2473185876,False,True,,gbif_20260923T091718Z/page_year-2013_offset-000000.json,2026-09-23T09:18:20Z
c2465838428d7135,2613607905,2013-08-01,,1.0,2013,8,ete_ouvrieres,46.895,-1.797,5000.0,faible_5km,85096,La Garnache,85,"Vespa velutina nigrithorax Buysson, 1905",SUBSPECIES,HUMAN_OBSERVATION,CardObs (INPN),4145cd45-8a92-426d-be8b-bfbbf5209032,CC_BY_NC_4_0,True,True,1,1,2613607905,False,True,,gbif_20260923T091718Z/page_year-2013_offset-000000.json,2026-09-23T09:18:20Z
89e43bda00352961,2473185877,2013-08-10,,1.0,2013,8,ete_ouvrieres,47.163,-1.486,3000.0,faible_5km,44215,Vertou,44,"Vespa velutina nigrithorax Buysson, 1905",SUBSPECIES,HUMAN_OBSERVATION,Inventaire national Frelon (MNHN),9fd6c3da-88f7-4df7-9a3f-3f3f9c703998,CC_BY_4_0,True,False,1,1,2473185877,False,False,,gbif_20260923T091718Z/page_year-2013_offset-000000.json,2026-09-23T09:18:20Z
eae119b905628f72,2613604091,2013-08-10,,1.0,2013,8,ete_ouvrieres,47.181,-1.426,5000.0,faible_5km,44215,Vertou,44,"Vespa velutina nigrithorax Buysson, 1905",SUBSPECIES,HUMAN_OBSERVATION,CardObs (INPN),4145cd45-8a92-426d-be8b-bfbbf5209032,CC_BY_NC_4_0,True,True,1,1,2613604091,False,False,,gbif_20260923T091718Z/page_year-2013_offset-000000.json,2026-09-23T09:18:20Z
594dd0f27e53693c,2473186753,2013-08-12,,1.0,2013,8,ete_ouvrieres,46.748,-1.741,20.0,precise_100m,85006,Apremont,85,"Vespa velutina nigrithorax Buysson, 1905",SUBSPECIES,HUMAN_OBSERVATION,Inventaire national Frelon (MNHN),9fd6c3da-88f7-4df7-9a3f-3f3f9c703998,CC_BY_4_0,True,False,1,1,2473186753,False,True,,gbif_20260923T091718Z/page_year-2013_offset-000000.json,2026-09-23T09:18:20Z
8ac709c7e24af338,2613606553,2013-08-12,,1.0,2013,8,ete_ouvrieres,46.716,-1.781,5000.0,faible_5km,85070,Coëx,85,"Vespa velutina nigrithorax Buysson, 1905",SUBSPECIES,HUMAN_OBSERVATION,CardObs (INPN),4145cd45-8a92-426d-be8b-bfbbf5209032,CC_BY_NC_4_0,True,True,1,1,2613606553,False,True,,gbif_20260923T091718Z/page_year-2013_offset-000000.json,2026-09-23T09:18:20Z
13974067a8c8d2a3,2613613311,2013-08-15,,1.0,2013,8,ete_ouvrieres,47.07,-1.945,5000.0,faible_5km,44021,Villeneuve-en-Retz,44,"Vespa velutina nigrithorax Buysson, 1905",SUBSPECIES,HUMAN_OBSERVATION,CardObs (INPN),4145cd45-8a92-426d-be8b-bfbbf5209032,CC_BY_NC_4_0,True,True,1,1,2613613311,False,True,,gbif_20260923T091718Z/page_year-2013_offset-000000.json,2026-09-23T09:18:20Z
f2f2efa8bbdddba0,2473185878,2013-08-15,,1.0,2013,8,ete_ouvrieres,47.043,-1.953,3000.0,faible_5km,44021,Villeneuve-en-Retz,44,"Vespa velutina nigrithorax Buysson, 1905",SUBSPECIES,HUMAN_OBSERVATION,Inventaire national Frelon (MNHN),9fd6c3da-88f7-4df7-9a3f-3f3f9c703998,CC_BY_4_0,True,False,1,1,2473185878,False,False,,gbif_20260923T091718Z/page_year-2013_offset-000000.json,2026-09-23T09:18:20Z
3dfc6f9878100836,2473222523,2013-08-22,,1.0,2013,8,ete_ouvrieres,47.29,-2.248,20.0,precise_100m,44184,Saint-Nazaire,44,"Vespa velutina nigrithorax Buysson, 1905",SUBSPECIES,HUMAN_OBSERVATION,Inventaire national Frelon (MNHN),9fd6c3da-88f7-4df7-9a3f-3f3f9c703998,CC_BY_4_0,True,False,1,1,2473222523,False,True,,gbif_20260923T091718Z/page_year-2013_offset-000000.json,2026-09-23T09:18:20Z
a9d5ec9732352a86,2613609261,2013-08-22,,1.0,2013,8,ete_ouvrieres,47.327,-2.234,5000.0,faible_5km,44168,Saint-Joachim,44,"Vespa velutina nigrithorax Buysson, 1905",SUBSPECIES,HUMAN_OBSERVATION,CardObs (INPN),4145cd45-8a92-426d-be8b-bfbbf5209032,CC_BY_NC_4_0,True,True,1,1,2613609261,False,True,,gbif_20260923T091718Z/page_year-2013_offset-000000.json,2026-09-23T09:18:20Z
64e80ea47d42dc93,2473221078,2013-08-24,,1.0,2013,8,ete_ouvrieres,47.281,-2.355,3000.0,faible_5km,44055,La Baule-Escoublac,44,"Vespa velutina nigrithorax Buysson, 1905",SUBSPECIES,HUMAN_OBSERVATION,Inventaire national Frelon (MNHN),9fd6c3da-88f7-4df7-9a3f-3f3f9c703998,CC_BY_4_0,True,False,1,1,2473221078,False,True,,gbif_20260923T091718Z/page_year-2013_offset-000000.json,2026-09-23T09:18:20Z
7192187efa430bcb,2473186856,2013-08-24,,1.0,2013,8,ete_ouvrieres,47.152,-1.988,3000.0,faible_5km,44038,Chauvé,44,"Vespa velutina nigrithorax Buysson, 1905",SUBSPECIES,HUMAN_OBSERVATION,Inventaire national Frelon (MNHN),9fd6c3da-88f7-4df7-9a3f-3f3f9c703998,CC_BY_4_0,True,False,1,1,2473186856,False,False,,gbif_20260923T091718Z/page_year-2013_offset-000000.json,2026-09-23T09:18:20Z
ee40c8f9aa4b22f1,2613603458,2013-08-24,,1.0,2013,8,ete_ouvrieres,47.159,-1.953,5000.0,faible_5km,44005,Chaumes-en-Retz,44,"Vespa velutina nigrithorax Buysson, 1905",SUBSPECIES,HUMAN_OBSERVATION,CardObs (INPN),4145cd45-8a92-426d-be8b-bfbbf5209032,CC_BY_NC_4_0,True,True,1,1,2613603458,False,False,,gbif_20260923T091718Z/page_year-2013_offset-000000.json,2026-09-23T09:18:20Z
fe823420a56ab395,2613606232,2013-08-24,,1.0,2013,8,ete_ouvrieres,47.321,-2.366,5000.0,faible_5km,44069,Guérande,44,"Vespa velutina nigrithorax Buysson, 1905",SUBSPECIES,HUMAN_OBSERVATION,CardObs (INPN),4145cd45-8a92-426d-be8b-bfbbf5209032,CC_BY_NC_4_0,True,True,1,1,2613606232,False,True,,gbif_20260923T091718Z/page_year-2013_offset-000000.json,2026-09-23T09:18:20Z
0d2be93fada240bc,2613610135,2013-08-27,,1.0,2013,8,ete_ouvrieres,46.726,-1.52,5000.0,faible_5km,85098,La Genétouze,85,"Vespa velutina nigrithorax Buysson, 1905",SUBSPECIES,HUMAN_OBSERVATION,CardObs (INPN),4145cd45-8a92-426d-be8b-bfbbf5209032,CC_BY_NC_4_0,True,True,1,1,2613610135,False,False,,gbif_20260923T091718Z/page_year-2013_offset-000000.json,2026-09-23T09:18:20Z
c38a4d329f72a13a,2473186752,2013-08-27,,1.0,2013,8,ete_ouvrieres,46.746,-1.573,20.0,precise_100m,85003,Aizenay,85,"Vespa velutina nigrithorax Buysson, 1905",SUBSPECIES,HUMAN_OBSERVATION,Inventaire national Frelon (MNHN),9fd6c3da-88f7-4df7-9a3f-3f3f9c703998,CC_BY_4_0,True,False,1,1,2473186752,False,False,,gbif_20260923T091718Z/page_year-2013_offset-000000.json,2026-09-23T09:18:20Z
740bd3ab53ca035c,2613606504,2013-08-28,,1.0,2013,8,ete_ouvrieres,46.71,-1.912,5000.0,faible_5km,85088,Le Fenouiller,85,"Vespa velutina nigrithorax Buysson, 1905",SUBSPECIES,HUMAN_OBSERVATION,CardObs (INPN),4145cd45-8a92-426d-be8b-bfbbf5209032,CC_BY_NC_4_0,True,True,1,1,2613606504,False,True,,gbif_20260923T091718Z/page_year-2013_offset-000000.json,2026-09-23T09:18:20Z
d9c7f8b9c5ede27f,2473183778,2013-08-28,,1.0,2013,8,ete_ouvrieres,46.7,-1.886,20.0,precise_100m,85222,Saint-Gilles-Croix-de-Vie,85,"Vespa velutina nigrithorax Buysson, 1905",SUBSPECIES,HUMAN_OBSERVATION,Inventaire national Frelon (MNHN),9fd6c3da-88f7-4df7-9a3f-3f3f9c703998,CC_BY_4_0,True,False,1,1,2473183778,False,True,,gbif_20260923T091718Z/page_year-2013_offset-000000.json,2026-09-23T09:18:20Z
7caa0967b29de3ad,2613611953,2013-08-31,,1.0,2013,8,ete_ouvrieres,47.224,-0.106,5000.0,faible_5km,49123,Distré,49,"Vespa velutina nigrithorax Buysson, 1905",SUBSPECIES,HUMAN_OBSERVATION,CardObs (INPN),4145cd45-8a92-426d-be8b-bfbbf5209032,CC_BY_NC_4_0,True,True,1,1,2613611953,False,False,,gbif_20260923T091718Z/page_year-2013_offset-000000.json,2026-09-23T09:18:20Z
953f1eb8a9a62183,2473238957,2013-08-31,,1.0,2013,8,ete_ouvrieres,47.195,-0.125,20.0,precise_100m,49112,Le Coudray-Macouard,49,"Vespa velutina nigrithorax Buysson, 1905",SUBSPECIES,HUMAN_OBSERVATION,Inventaire national Frelon (MNHN),9fd6c3da-88f7-4df7-9a3f-3f3f9c703998,CC_BY_4_0,True,False,1,1,2473238957,False,True,,gbif_20260923T091718Z/page_year-2013_offset-000000.json,2026-09-23T09:18:20Z
19021932620ffc58,2473183885,2013-09-01,,1.0,2013,9,automne_reproduction,47.186,-1.54,3000.0,faible_5km,44143,Rezé,44,"Vespa velutina nigrithorax Buysson, 1905",SUBSPECIES,HUMAN_OBSERVATION,Inventaire national Frelon (MNHN),9fd6c3da-88f7-4df7-9a3f-3f3f9c703998,CC_BY_4_0,True,False,1,1,2473183885,False,False,,gbif_20260923T091718Z/page_year-2013_offset-000000.json,2026-09-23T09:18:20Z
256bf08e18bd8142,2613613074,2013-09-01,,1.0,2013,9,automne_reproduction,47.176,-1.558,5000.0,faible_5km,44143,Rezé,44,"Vespa velutina nigrithorax Buysson, 1905",SUBSPECIES,HUMAN_OBSERVATION,CardObs (INPN),4145cd45-8a92-426d-be8b-bfbbf5209032,CC_BY_NC_4_0,True,True,1,1,2613613074,False,False,,gbif_20260923T091718Z/page_year-2013_offset-000000.json,2026-09-23T09:18:20Z
d01ea5fc57c9b075,2613613743,2013-09-01,,1.0,2013,9,automne_reproduction,47.02,-0.885,5000.0,faible_5km,49099,Cholet,49,"Vespa velutina nigrithorax Buysson, 1905",SUBSPECIES,HUMAN_OBSERVATION,CardObs (INPN),4145cd45-8a92-426d-be8b-bfbbf5209032,CC_BY_NC_4_0,True,True,1,1,2613613743,False,False,,gbif_20260923T091718Z/page_year-2013_offset-000000.json,2026-09-23T09:18:20Z
dcf883e08c957d02,2473223689,2013-09-01,,1.0,2013,9,automne_reproduction,47.065,-0.87,3000.0,faible_5km,49099,Cholet,49,"Vespa velutina nigrithorax Buysson, 1905",SUBSPECIES,HUMAN_OBSERVATION,Inventaire national Frelon (MNHN),9fd6c3da-88f7-4df7-9a3f-3f3f9c703998,CC_BY_4_0,True,False,1,1,2473223689,False,False,,gbif_20260923T091718Z/page_year-2013_offset-000000.json,2026-09-23T09:18:20Z
232262b278d4fd25,2473222596,2013-09-03,,1.0,2013,9,automne_reproduction,46.928,-1.4,20.0,precise_100m,85197,Montréverd,85,"Vespa velutina nigrithorax Buysson, 1905",SUBSPECIES,HUMAN_OBSERVATION,Inventaire national Frelon (MNHN),9fd6c3da-88f7-4df7-9a3f-3f3f9c703998,CC_BY_4_0,True,False,1,1,2473222596,False,True,,gbif_20260923T091718Z/page_year-2013_offset-000000.json,2026-09-23T09:18:20Z
ef0d0a3fcfd5424b,2613613293,2013-09-03,,1.0,2013,9,automne_reproduction,46.911,-1.404,5000.0,faible_5km,85108,L'Herbergement,85,"Vespa velutina nigrithorax Buysson, 1905",SUBSPECIES,HUMAN_OBSERVATION,CardObs (INPN),4145cd45-8a92-426d-be8b-bfbbf5209032,CC_BY_NC_4_0,True,True,1,1,2613613293,False,False,,gbif_20260923T091718Z/page_year-2013_offset-000000.json,2026-09-23T09:18:20Z
633d4a0f20419338,2613608457,2013-09-04,,1.0,2013,9,automne_reproduction,46.906,-1.535,5000.0,faible_5km,44081,Legé,44,"Vespa velutina nigrithorax Buysson, 1905",SUBSPECIES,HUMAN_OBSERVATION,CardObs (INPN),4145cd45-8a92-426d-be8b-bfbbf5209032,CC_BY_NC_4_0,True,True,1,1,2613608457,False,False,,gbif_20260923T091718Z/page_year-2013_offset-000000.json,2026-09-23T09:18:20Z
e2f7f9c5614c2d52,2473220031,2013-09-04,,1.0,2013,9,automne_reproduction,46.894,-1.583,20.0,precise_100m,44081,Legé,44,"Vespa velutina nigrithorax Buysson, 1905",SUBSPECIES,HUMAN_OBSERVATION,Inventaire national Frelon (MNHN),9fd6c3da-88f7-4df7-9a3f-3f3f9c703998,CC_BY_4_0,True,False,1,1,2473220031,False,False,,gbif_20260923T091718Z/page_year-2013_offset-000000.json,2026-09-23T09:18:20Z
66e2bc0b60540c12,2473205007,2013-09-07,,1.0,2013,9,automne_reproduction,47.155,-2.179,3000.0,faible_5km,44126,La Plaine-sur-Mer,44,"Vespa velutina nigrithorax Buysson, 1905",SUBSPECIES,HUMAN_OBSERVATION,Inventaire national Frelon (MNHN),9fd6c3da-88f7-4df7-9a3f-3f3f9c703998,CC_BY_4_0,True,False,1,1,2473205007,False,False,,gbif_20260923T091718Z/page_year-2013_offset-000000.json,2026-09-23T09:18:20Z
cdd28db149ae508c,2613604766,2013-09-07,,1.0,2013,9,automne_reproduction,47.148,-2.216,5000.0,faible_5km,44126,La Plaine-sur-Mer,44,"Vespa velutina nigrithorax Buysson, 1905",SUBSPECIES,HUMAN_OBSERVATION,CardObs (INPN),4145cd45-8a92-426d-be8b-bfbbf5209032,CC_BY_NC_4_0,True,True,1,1,2613604766,False,False,,gbif_20260923T091718Z/page_year-2013_offset-000000.json,2026-09-23T09:18:20Z
08fe0003400c134e,2473184779,2013-09-09,,1.0,2013,9,automne_reproduction,47.259,-1.344,20.0,precise_100m,44029,Divatte-sur-Loire,44,"Vespa velutina nigrithorax Buysson, 1905",SUBSPECIES,HUMAN_OBSERVATION,Inventaire national Frelon (MNHN),9fd6c3da-88f7-4df7-9a3f-3f3f9c703998,CC_BY_4_0,True,False,1,1,2473184779,False,False,,gbif_20260923T091718Z/page_year-2013_offset-000000.json,2026-09-23T09:18:20Z
58728c76c5e878f3,2613610215,2013-09-09,,1.0,2013,9,automne_reproduction,47.276,-1.301,5000.0,faible_5km,44029,Divatte-sur-Loire,44,"Vespa velutina nigrithorax Buysson, 1905",SUBSPECIES,HUMAN_OBSERVATION,CardObs (INPN),4145cd45-8a92-426d-be8b-bfbbf5209032,CC_BY_NC_4_0,True,True,1,1,2613610215,False,False,,gbif_20260923T091718Z/page_year-2013_offset-000000.json,2026-09-23T09:18:20Z
8accdd8b79fb4fcd,2473220032,2013-09-11,,1.0,2013,9,automne_reproduction,46.745,-1.6,20.0,precise_100m,85003,Aizenay,85,"Vespa velutina nigrithorax Buysson, 1905",SUBSPECIES,HUMAN_OBSERVATION,Inventaire national Frelon (MNHN),9fd6c3da-88f7-4df7-9a3f-3f3f9c703998,CC_BY_4_0,True,False,1,1,2473220032,False,False,,gbif_20260923T091718Z/page_year-2013_offset-000000.json,2026-09-23T09:18:20Z
cbf59eef3a6377ee,2613603689,2013-09-11,,1.0,2013,9,automne_reproduction,46.721,-1.651,5000.0,faible_5km,85003,Aizenay,85,"Vespa velutina nigrithorax Buysson, 1905",SUBSPECIES,HUMAN_OBSERVATION,CardObs (INPN),4145cd45-8a92-426d-be8b-bfbbf5209032,CC_BY_NC_4_0,True,True,1,1,2613603689,False,False,,gbif_20260923T091718Z/page_year-2013_offset-000000.json,2026-09-23T09:18:20Z
cc42b699531fd146,2473203042,2013-09-15,,1.0,2013,9,automne_reproduction,47.508,-1.937,3000.0,faible_5km,44128,Plessé,44,"Vespa velutina nigrithorax Buysson, 1905",SUBSPECIES,HUMAN_OBSERVATION,Inventaire national Frelon (MNHN),9fd6c3da-88f7-4df7-9a3f-3f3f9c703998,CC_BY_4_0,True,False,1,1,2473203042,False,True,,gbif_20260923T091718Z/page_year-2013_offset-000000.json,2026-09-23T09:18:20Z
f74c0d87113fc531,2613606009,2013-09-15,,1.0,2013,9,automne_reproduction,47.519,-1.986,5000.0,faible_5km,44068,Guenrouet,44,"Vespa velutina nigrithorax Buysson, 1905",SUBSPECIES,HUMAN_OBSERVATION,CardObs (INPN),4145cd45-8a92-426d-be8b-bfbbf5209032,CC_BY_NC_4_0,True,True,1,1,2613606009,False,True,,gbif_20260923T091718Z/page_year-2013_offset-000000.json,2026-09-23T09:18:20Z
25ccfa6b7adb71bc,2613603835,2013-09-21,,1.0,2013,9,automne_reproduction,47.725,-1.338,5000.0,faible_5km,44036,Châteaubriant,44,"Vespa velutina nigrithorax Buysson, 1905",SUBSPECIES,HUMAN_OBSERVATION,CardObs (INPN),4145cd45-8a92-426d-be8b-bfbbf5209032,CC_BY_NC_4_0,True,True,1,1,2613603835,False,True,,gbif_20260923T091718Z/page_year-2013_offset-000000.json,2026-09-23T09:18:20Z
502d47f4ccaffbf4,2473186781,2013-09-21,,1.0,2013,9,automne_reproduction,47.327,-1.788,20.0,precise_100m,44203,Le Temple-de-Bretagne,44,"Vespa velutina nigrithorax Buysson, 1905",SUBSPECIES,HUMAN_OBSERVATION,Inventaire national Frelon (MNHN),9fd6c3da-88f7-4df7-9a3f-3f3f9c703998,CC_BY_4_0,True,False,1,1,2473186781,False,True,,gbif_20260923T091718Z/page_year-2013_offset-000000.json,2026-09-23T09:18:20Z
5a7c4b0b86987000,2473186853,2013-09-21,,1.0,2013,9,automne_reproduction,47.724,-1.37,20.0,precise_100m,44036,Châteaubriant,44,"Vespa velutina nigrithorax Buysson, 1905",SUBSPECIES,HUMAN_OBSERVATION,Inventaire national Frelon (MNHN),9fd6c3da-88f7-4df7-9a3f-3f3f9c703998,CC_BY_4_0,True,False,1,1,2473186853,False,False,,gbif_20260923T091718Z/page_year-2013_offset-000000.json,2026-09-23T09:18:20Z
80465b03298261f6,2613607839,2013-09-21,,1.0,2013,9,automne_reproduction,47.345,-1.837,5000.0,faible_5km,44089,Malville,44,"Vespa velutina nigrithorax Buysson, 1905",SUBSPECIES,HUMAN_OBSERVATION,CardObs (INPN),4145cd45-8a92-426d-be8b-bfbbf5209032,CC_BY_NC_4_0,True,True,1,1,2613607839,False,True,,gbif_20260923T091718Z/page_year-2013_offset-000000.json,2026-09-23T09:18:20Z
06457f1bf0da10e6,2473186560,2013-09-24,,1.0,2013,9,automne_reproduction,47.28,-2.237,,inconnue,44184,Saint-Nazaire,44,"Vespa velutina nigrithorax Buysson, 1905",SUBSPECIES,HUMAN_OBSERVATION,Inventaire national Frelon (MNHN),9fd6c3da-88f7-4df7-9a3f-3f3f9c703998,CC_BY_4_0,True,False,1,1,2473186560,False,False,Q08_incertitude_connue,gbif_20260923T091718Z/page_year-2013_offset-000000.json,2026-09-23T09:18:20Z
fb83245b1a991e22,2473220977,2013-09-25,,1.0,2013,9,automne_reproduction,46.662,-1.896,20.0,precise_100m,85035,Bretignolles-sur-Mer,85,"Vespa velutina nigrithorax Buysson, 1905",SUBSPECIES,HUMAN_OBSERVATION,Inventaire national Frelon (MNHN),9fd6c3da-88f7-4df7-9a3f-3f3f9c703998,CC_BY_4_0,True,False,1,1,2473220977,False,True,,gbif_20260923T091718Z/page_year-2013_offset-000000.json,2026-09-23T09:18:20Z
93b8df1cd555ffcf,2613608921,2013-09-30,,1.0,2013,9,automne_reproduction,47.857,-0.01,5000.0,faible_5km,72195,Mézeray,72,"Vespa velutina nigrithorax Buysson, 1905",SUBSPECIES,HUMAN_OBSERVATION,CardObs (INPN),4145cd45-8a92-426d-be8b-bfbbf5209032,CC_BY_NC_4_0,True,True,1,1,2613608921,False,True,,gbif_20260923T091718Z/page_year-2013_offset-000000.json,2026-09-23T09:18:20Z
bf310d807692993c,2473234644,2013-09-30,,1.0,2013,9,automne_reproduction,47.888,0.025,3000.0,faible_5km,72346,La Suze-sur-Sarthe,72,"Vespa velutina nigrithorax Buysson, 1905",SUBSPECIES,HUMAN_OBSERVATION,Inventaire national Frelon (MNHN),9fd6c3da-88f7-4df7-9a3f-3f3f9c703998,CC_BY_4_0,True,False,1,1,2473234644,False,True,,gbif_20260923T091718Z/page_year-2013_offset-000000.json,2026-09-23T09:18:20Z
dc04b090c81c4f74,2473218188,2013-10-02,,1.0,2013,10,automne_reproduction,46.744,-1.607,20.0,precise_100m,85003,Aizenay,85,"Vespa velutina nigrithorax Buysson, 1905",SUBSPECIES,HUMAN_OBSERVATION,Inventaire national Frelon (MNHN),9fd6c3da-88f7-4df7-9a3f-3f3f9c703998,CC_BY_4_0,True,False,1,1,2473218188,False,False,,gbif_20260923T091718Z/page_year-2013_offset-000000.json,2026-09-23T09:18:20Z
f68d43257f64052d,2613614972,2013-10-02,,1.0,2013,10,automne_reproduction,46.721,-1.651,5000.0,faible_5km,85003,Aizenay,85,"Vespa velutina nigrithorax Buysson, 1905",SUBSPECIES,HUMAN_OBSERVATION,CardObs (INPN),4145cd45-8a92-426d-be8b-bfbbf5209032,CC_BY_NC_4_0,True,True,1,1,2613614972,False,False,,gbif_20260923T091718Z/page_year-2013_offset-000000.json,2026-09-23T09:18:20Z
a6863fc6c43c4efa,2473238913,2013-10-03,,1.0,2013,10,automne_reproduction,47.988,0.285,3000.0,faible_5km,72058,Changé,72,"Vespa velutina nigrithorax Buysson, 1905",SUBSPECIES,HUMAN_OBSERVATION,Inventaire national Frelon (MNHN),9fd6c3da-88f7-4df7-9a3f-3f3f9c703998,CC_BY_4_0,True,False,1,1,2473238913,False,True,,gbif_20260923T091718Z/page_year-2013_offset-000000.json,2026-09-23T09:18:20Z
f9d5c25ff09bdaac,2613605912,2013-10-03,,1.0,2013,10,automne_reproduction,47.953,0.253,5000.0,faible_5km,72260,Ruaudin,72,"Vespa velutina nigrithorax Buysson, 1905",SUBSPECIES,HUMAN_OBSERVATION,CardObs (INPN),4145cd45-8a92-426d-be8b-bfbbf5209032,CC_BY_NC_4_0,True,True,1,1,2613605912,False,True,,gbif_20260923T091718Z/page_year-2013_offset-000000.json,2026-09-23T09:18:20Z
80caa84884fdc2ce,2473185791,2013-10-04,,1.0,2013,10,automne_reproduction,46.713,-1.912,20.0,precise_100m,85088,Le Fenouiller,85,"Vespa velutina nigrithorax Buysson, 1905",SUBSPECIES,HUMAN_OBSERVATION,Inventaire national Frelon (MNHN),9fd6c3da-88f7-4df7-9a3f-3f3f9c703998,CC_BY_4_0,True,False,1,1,2473185791,False,False,,gbif_20260923T091718Z/page_year-2013_offset-000000.json,2026-09-23T09:18:20Z
a438d294f46b4cbc,2613608151,2013-10-04,,1.0,2013,10,automne_reproduction,46.71,-1.912,5000.0,faible_5km,85088,Le Fenouiller,85,"Vespa velutina nigrithorax Buysson, 1905",SUBSPECIES,HUMAN_OBSERVATION,CardObs (INPN),4145cd45-8a92-426d-be8b-bfbbf5209032,CC_BY_NC_4_0,True,True,1,1,2613608151,False,False,,gbif_20260923T091718Z/page_year-2013_offset-000000.json,2026-09-23T09:18:20Z
500d7e4043aed77c,2473234645,2013-10-06,,1.0,2013,10,automne_reproduction,47.287,-2.51,3000.0,faible_5km,44049,Le Croisic,44,"Vespa velutina nigrithorax Buysson, 1905",SUBSPECIES,HUMAN_OBSERVATION,Inventaire national Frelon (MNHN),9fd6c3da-88f7-4df7-9a3f-3f3f9c703998,CC_BY_4_0,True,False,1,1,2473234645,False,True,,gbif_20260923T091718Z/page_year-2013_offset-000000.json,2026-09-23T09:18:20Z
5642169ef6fe0a85,2613604081,2013-10-06,,1.0,2013,10,automne_reproduction,47.315,-2.498,5000.0,faible_5km,44211,La Turballe,44,"Vespa velutina nigrithorax Buysson, 1905",SUBSPECIES,HUMAN_OBSERVATION,CardObs (INPN),4145cd45-8a92-426d-be8b-bfbbf5209032,CC_BY_NC_4_0,True,True,1,1,2613604081,False,True,,gbif_20260923T091718Z/page_year-2013_offset-000000.json,2026-09-23T09:18:20Z
741cb6b415f7cf59,2473182598,2013-10-09,,1.0,2013,10,automne_reproduction,47.264,-1.526,,inconnue,44109,Nantes,44,"Vespa velutina nigrithorax Buysson, 1905",SUBSPECIES,HUMAN_OBSERVATION,Inventaire national Frelon (MNHN),9fd6c3da-88f7-4df7-9a3f-3f3f9c703998,CC_BY_4_0,True,False,1,1,2473182598,False,False,Q08_incertitude_connue,gbif_20260923T091718Z/page_year-2013_offset-000000.json,2026-09-23T09:18:20Z
f503a8d954d78f7b,2613607250,2013-10-09,,1.0,2013,10,automne_reproduction,47.266,-1.565,5000.0,faible_5km,44109,Nantes,44,"Vespa velutina nigrithorax Buysson, 1905",SUBSPECIES,HUMAN_OBSERVATION,CardObs (INPN),4145cd45-8a92-426d-be8b-bfbbf5209032,CC_BY_NC_4_0,True,True,1,1,2613607250,False,False,,gbif_20260923T091718Z/page_year-2013_offset-000000.json,2026-09-23T09:18:20Z
08473271b2c25461,2473185735,2013-10-10,,1.0,2013,10,automne_reproduction,47.27,-1.52,20.0,precise_100m,44109,Nantes,44,"Vespa velutina nigrithorax Buysson, 1905",SUBSPECIES,HUMAN_OBSERVATION,Inventaire national Frelon (MNHN),9fd6c3da-88f7-4df7-9a3f-3f3f9c703998,CC_BY_4_0,True,False,1,1,2473185735,False,False,,gbif_20260923T091718Z/page_year-2013_offset-000000.json,2026-09-23T09:18:20Z
09d3259606fb3c7c,2473223554,2013-10-10,,1.0,2013,10,automne_reproduction,47.263,-1.526,20.0,precise_100m,44109,Nantes,44,"Vespa velutina nigrithorax Buysson, 1905",SUBSPECIES,HUMAN_OBSERVATION,Inventaire national Frelon (MNHN),9fd6c3da-88f7-4df7-9a3f-3f3f9c703998,CC_BY_4_0,True,False,1,1,2473223554,False,False,,gbif_20260923T091718Z/page_year-2013_offset-000000.json,2026-09-23T09:18:20Z
d014a3c6bead4da0,2613604487,2013-10-10,,1.0,2013,10,automne_reproduction,47.266,-1.565,5000.0,faible_5km,44109,Nantes,44,"Vespa velutina nigrithorax Buysson, 1905",SUBSPECIES,HUMAN_OBSERVATION,CardObs (INPN),4145cd45-8a92-426d-be8b-bfbbf5209032,CC_BY_NC_4_0,True,True,2,1,2613604487;2613612300,False,False,,gbif_20260923T091718Z/page_year-2013_offset-000000.json,2026-09-23T09:18:20Z
0ac8b46b876ee9f6,2473186812,2013-10-12,,1.0,2013,10,automne_reproduction,47.085,-1.27,20.0,precise_100m,44063,Gétigné,44,"Vespa velutina nigrithorax Buysson, 1905",SUBSPECIES,HUMAN_OBSERVATION,Inventaire national Frelon (MNHN),9fd6c3da-88f7-4df7-9a3f-3f3f9c703998,CC_BY_4_0,True,False,1,1,2473186812,False,True,,gbif_20260923T091718Z/page_year-2013_offset-000000.json,2026-09-23T09:18:20Z
cb67b93388f9041d,2613604078,2013-10-12,,1.0,2013,10,automne_reproduction,47.096,-1.287,5000.0,faible_5km,44043,Clisson,44,"Vespa velutina nigrithorax Buysson, 1905",SUBSPECIES,HUMAN_OBSERVATION,CardObs (INPN),4145cd45-8a92-426d-be8b-bfbbf5209032,CC_BY_NC_4_0,True,True,1,1,2613604078,False,True,,gbif_20260923T091718Z/page_year-2013_offset-000000.json,2026-09-23T09:18:20Z
aa925b505a322bfd,2613608708,2013-10-14,,1.0,2013,10,automne_reproduction,46.75,-0.866,5000.0,faible_5km,85182,Pouzauges,85,"Vespa velutina nigrithorax Buysson, 1905",SUBSPECIES,HUMAN_OBSERVATION,CardObs (INPN),4145cd45-8a92-426d-be8b-bfbbf5209032,CC_BY_NC_4_0,True,True,1,1,2613608708,False,True,,gbif_20260923T091718Z/page_year-2013_offset-000000.json,2026-09-23T09:18:20Z
ab191c27280323e0,2473184820,2013-10-14,,1.0,2013,10,automne_reproduction,46.786,-0.843,20.0,precise_100m,85182,Pouzauges,85,"Vespa velutina nigrithorax Buysson, 1905",SUBSPECIES,HUMAN_OBSERVATION,Inventaire national Frelon (MNHN),9fd6c3da-88f7-4df7-9a3f-3f3f9c703998,CC_BY_4_0,True,False,1,1,2473184820,False,False,,gbif_20260923T091718Z/page_year-2013_offset-000000.json,2026-09-23T09:18:20Z
bfb4ab18b8f452ff,2613609675,2013-10-19,,1.0,2013,10,automne_reproduction,47.266,-1.565,5000.0,faible_5km,44109,Nantes,44,"Vespa velutina nigrithorax Buysson, 1905",SUBSPECIES,HUMAN_OBSERVATION,CardObs (INPN),4145cd45-8a92-426d-be8b-bfbbf5209032,CC_BY_NC_4_0,True,True,1,1,2613609675,False,False,,gbif_20260923T091718Z/page_year-2013_offset-000000.json,2026-09-23T09:18:20Z
e25050f9389f20dc,2473222521,2013-10-19,,1.0,2013,10,automne_reproduction,47.24,-1.501,20.0,precise_100m,44109,Nantes,44,"Vespa velutina nigrithorax Buysson, 1905",SUBSPECIES,HUMAN_OBSERVATION,Inventaire national Frelon (MNHN),9fd6c3da-88f7-4df7-9a3f-3f3f9c703998,CC_BY_4_0,True,False,1,1,2473222521,False,False,,gbif_20260923T091718Z/page_year-2013_offset-000000.json,2026-09-23T09:18:20Z
174a709e571558ea,2613612881,2013-10-21,,1.0,2013,10,automne_reproduction,46.84,-0.872,5000.0,faible_5km,85090,Sèvremont,85,"Vespa velutina nigrithorax Buysson, 1905",SUBSPECIES,HUMAN_OBSERVATION,CardObs (INPN),4145cd45-8a92-426d-be8b-bfbbf5209032,CC_BY_NC_4_0,True,True,1,1,2613612881,False,True,,gbif_20260923T091718Z/page_year-2013_offset-000000.json,2026-09-23T09:18:20Z
5e3fa770f2764131,2473182803,2013-10-21,,1.0,2013,10,automne_reproduction,46.694,-1.755,20.0,precise_100m,85070,Coëx,85,"Vespa velutina nigrithorax Buysson, 1905",SUBSPECIES,HUMAN_OBSERVATION,Inventaire national Frelon (MNHN),9fd6c3da-88f7-4df7-9a3f-3f3f9c703998,CC_BY_4_0,True,False,1,1,2473182803,False,False,,gbif_20260923T091718Z/page_year-2013_offset-000000.json,2026-09-23T09:18:20Z
b41da29bf224ef76,2613604527,2013-10-21,,1.0,2013,10,automne_reproduction,46.716,-1.781,5000.0,faible_5km,85070,Coëx,85,"Vespa velutina nigrithorax Buysson, 1905",SUBSPECIES,HUMAN_OBSERVATION,CardObs (INPN),4145cd45-8a92-426d-be8b-bfbbf5209032,CC_BY_NC_4_0,True,True,1,1,2613604527,False,False,,gbif_20260923T091718Z/page_year-2013_offset-000000.json,2026-09-23T09:18:20Z
d73d840712b47c0e,2473220976,2013-10-21,,1.0,2013,10,automne_reproduction,46.842,-0.851,20.0,precise_100m,85090,Sèvremont,85,"Vespa velutina nigrithorax Buysson, 1905",SUBSPECIES,HUMAN_OBSERVATION,Inventaire national Frelon (MNHN),9fd6c3da-88f7-4df7-9a3f-3f3f9c703998,CC_BY_4_0,True,False,1,1,2473220976,False,False,,gbif_20260923T091718Z/page_year-2013_offset-000000.json,2026-09-23T09:18:20Z
b4b13f9923f685e6,2473223593,2013-10-23,,1.0,2013,10,automne_reproduction,46.853,-1.87,20.0,precise_100m,85047,Challans,85,"Vespa velutina nigrithorax Buysson, 1905",SUBSPECIES,HUMAN_OBSERVATION,Inventaire national Frelon (MNHN),9fd6c3da-88f7-4df7-9a3f-3f3f9c703998,CC_BY_4_0,True,False,1,1,2473223593,False,True,,gbif_20260923T091718Z/page_year-2013_offset-000000.json,2026-09-23T09:18:20Z
bd32defe1da4c783,2613604001,2013-10-23,,1.0,2013,10,automne_reproduction,46.89,-1.928,5000.0,faible_5km,85280,Sallertaine,85,"Vespa velutina nigrithorax Buysson, 1905",SUBSPECIES,HUMAN_OBSERVATION,CardObs (INPN),4145cd45-8a92-426d-be8b-bfbbf5209032,CC_BY_NC_4_0,True,True,3,1,2613604001;2613610051;2613614378,False,True,,gbif_20260923T091718Z/page_year-2013_offset-000000.json,2026-09-23T09:18:20Z
d03fa9840fb3c4dd,2473184586,2013-10-23,,1.0,2013,10,automne_reproduction,46.856,-1.869,,inconnue,85047,Challans,85,"Vespa velutina nigrithorax Buysson, 1905",SUBSPECIES,HUMAN_OBSERVATION,Inventaire national Frelon (MNHN),9fd6c3da-88f7-4df7-9a3f-3f3f9c703998,CC_BY_4_0,True,False,1,1,2473184586,False,False,Q08_incertitude_connue,gbif_20260923T091718Z/page_year-2013_offset-000000.json,2026-09-23T09:18:20Z
e69ee573d3435e18,2473183779,2013-10-23,,1.0,2013,10,automne_reproduction,46.857,-1.868,20.0,precise_100m,85047,Challans,85,"Vespa velutina nigrithorax Buysson, 1905",SUBSPECIES,HUMAN_OBSERVATION,Inventaire national Frelon (MNHN),9fd6c3da-88f7-4df7-9a3f-3f3f9c703998,CC_BY_4_0,True,False,1,1,2473183779,False,False,,gbif_20260923T091718Z/page_year-2013_offset-000000.json,2026-09-23T09:18:20Z
60f2d7da2f0427a4,2473186561,2013-10-25,,1.0,2013,10,automne_reproduction,47.253,-1.564,,inconnue,44109,Nantes,44,"Vespa velutina nigrithorax Buysson, 1905",SUBSPECIES,HUMAN_OBSERVATION,Inventaire national Frelon (MNHN),9fd6c3da-88f7-4df7-9a3f-3f3f9c703998,CC_BY_4_0,True,False,1,1,2473186561,False,False,Q08_incertitude_connue,gbif_20260923T091718Z/page_year-2013_offset-000000.json,2026-09-23T09:18:20Z
81f56ad2a783b160,2613613924,2013-10-25,,1.0,2013,10,automne_reproduction,47.26,-1.697,5000.0,faible_5km,44194,Sautron,44,"Vespa velutina nigrithorax Buysson, 1905",SUBSPECIES,HUMAN_OBSERVATION,CardObs (INPN),4145cd45-8a92-426d-be8b-bfbbf5209032,CC_BY_NC_4_0,True,True,1,1,2613613924,False,True,,gbif_20260923T091718Z/page_year-2013_offset-000000.json,2026-09-23T09:18:20Z
c2a2d7c30c1d206f,2613611445,2013-10-25,,1.0,2013,10,automne_reproduction,47.266,-1.565,5000.0,faible_5km,44109,Nantes,44,"Vespa velutina nigrithorax Buysson, 1905",SUBSPECIES,HUMAN_OBSERVATION,CardObs (INPN),4145cd45-8a92-426d-be8b-bfbbf5209032,CC_BY_NC_4_0,True,True,1,1,2613611445,False,False,,gbif_20260923T091718Z/page_year-2013_offset-000000.json,2026-09-23T09:18:20Z
e1625b9a06a46ab1,2473222611,2013-10-25,,1.0,2013,10,automne_reproduction,47.225,-1.677,20.0,precise_100m,44047,Couëron,44,"Vespa velutina nigrithorax Buysson, 1905",SUBSPECIES,HUMAN_OBSERVATION,Inventaire national Frelon (MNHN),9fd6c3da-88f7-4df7-9a3f-3f3f9c703998,CC_BY_4_0,True,False,1,1,2473222611,False,True,,gbif_20260923T091718Z/page_year-2013_offset-000000.json,2026-09-23T09:18:20Z
4ca46351acd634c6,2473203097,2013-10-27,,1.0,2013,10,automne_reproduction,47.504,-0.61,20.0,precise_100m,49015,Avrillé,49,"Vespa velutina nigrithorax Buysson, 1905",SUBSPECIES,HUMAN_OBSERVATION,Inventaire national Frelon (MNHN),9fd6c3da-88f7-4df7-9a3f-3f3f9c703998,CC_BY_4_0,True,False,1,1,2473203097,False,True,,gbif_20260923T091718Z/page_year-2013_offset-000000.json,2026-09-23T09:18:20Z
bdfc7240cbab14f5,2613604590,2013-10-27,,1.0,2013,10,automne_reproduction,47.478,-0.653,5000.0,faible_5km,49020,Beaucouzé,49,"Vespa velutina nigrithorax Buysson, 1905",SUBSPECIES,HUMAN_OBSERVATION,CardObs (INPN),4145cd45-8a92-426d-be8b-bfbbf5209032,CC_BY_NC_4_0,True,True,1,1,2613604590,False,True,,gbif_20260923T091718Z/page_year-2013_offset-000000.json,2026-09-23T09:18:20Z
0d4353a533de1ee9,2473223592,2013-10-28,,1.0,2013,10,automne_reproduction,46.693,-1.926,20.0,precise_100m,85222,Saint-Gilles-Croix-de-Vie,85,"Vespa velutina nigrithorax Buysson, 1905",SUBSPECIES,HUMAN_OBSERVATION,Inventaire national Frelon (MNHN),9fd6c3da-88f7-4df7-9a3f-3f3f9c703998,CC_BY_4_0,True,False,1,1,2473223592,False,False,,gbif_20260923T091718Z/page_year-2013_offset-000000.json,2026-09-23T09:18:20Z
7121e16707aa3b6e,2613607312,2013-10-28,,1.0,2013,10,automne_reproduction,46.71,-1.912,5000.0,faible_5km,85088,Le Fenouiller,85,"Vespa velutina nigrithorax Buysson, 1905",SUBSPECIES,HUMAN_OBSERVATION,CardObs (INPN),4145cd45-8a92-426d-be8b-bfbbf5209032,CC_BY_NC_4_0,True,True,1,1,2613607312,False,False,,gbif_20260923T091718Z/page_year-2013_offset-000000.json,2026-09-23T09:18:20Z
08d53dd0200f1ac5,2473222597,2013-11-04,,1.0,2013,11,automne_reproduction,46.491,-1.766,20.0,precise_100m,85194,Les Sables-d'Olonne,85,"Vespa velutina nigrithorax Buysson, 1905",SUBSPECIES,HUMAN_OBSERVATION,Inventaire national Frelon (MNHN),9fd6c3da-88f7-4df7-9a3f-3f3f9c703998,CC_BY_4_0,True,False,1,1,2473222597,False,True,,gbif_20260923T091718Z/page_year-2013_offset-000000.json,2026-09-23T09:18:20Z
794b5987834db916,2613606716,2013-11-04,,1.0,2013,11,automne_reproduction,46.536,-1.766,5000.0,faible_5km,85194,Les Sables-d'Olonne,85,"Vespa velutina nigrithorax Buysson, 1905",SUBSPECIES,HUMAN_OBSERVATION,CardObs (INPN),4145cd45-8a92-426d-be8b-bfbbf5209032,CC_BY_NC_4_0,True,True,1,1,2613606716,False,False,,gbif_20260923T091718Z/page_year-2013_offset-000000.json,2026-09-23T09:18:20Z
78414476c0747ae8,2473237306,2013-11-05,,1.0,2013,11,automne_reproduction,47.275,-0.112,20.0,precise_100m,49328,Saumur,49,"Vespa velutina nigrithorax Buysson, 1905",SUBSPECIES,HUMAN_OBSERVATION,Inventaire national Frelon (MNHN),9fd6c3da-88f7-4df7-9a3f-3f3f9c703998,CC_BY_4_0,True,False,1,1,2473237306,False,False,,gbif_20260923T091718Z/page_year-2013_offset-000000.json,2026-09-23T09:18:20Z
83f680ca72773163,2613607480,2013-11-05,,1.0,2013,11,automne_reproduction,47.314,-0.112,5000.0,faible_5km,49261,Gennes-Val-de-Loire,49,"Vespa velutina nigrithorax Buysson, 1905",SUBSPECIES,HUMAN_OBSERVATION,CardObs (INPN),4145cd45-8a92-426d-be8b-bfbbf5209032,CC_BY_NC_4_0,True,True,1,1,2613607480,False,True,,gbif_20260923T091718Z/page_year-2013_offset-000000.json,2026-09-23T09:18:20Z
2a56b7066a79cc8d,2473237266,2013-11-06,,1.0,2013,11,automne_reproduction,47.2,-1.741,20.0,precise_100m,44166,Saint-Jean-de-Boiseau,44,"Vespa velutina nigrithorax Buysson, 1905",SUBSPECIES,HUMAN_OBSERVATION,Inventaire national Frelon (MNHN),9fd6c3da-88f7-4df7-9a3f-3f3f9c703998,CC_BY_4_0,True,False,1,1,2473237266,False,True,,gbif_20260923T091718Z/page_year-2013_offset-000000.json,2026-09-23T09:18:20Z
3c0305f2cd8710d0,2613606479,2013-11-06,,1.0,2013,11,automne_reproduction,47.17,-1.689,5000.0,faible_5km,44024,Brains,44,"Vespa velutina nigrithorax Buysson, 1905",SUBSPECIES,HUMAN_OBSERVATION,CardObs (INPN),4145cd45-8a92-426d-be8b-bfbbf5209032,CC_BY_NC_4_0,True,True,1,1,2613606479,False,False,,gbif_20260923T091718Z/page_year-2013_offset-000000.json,2026-09-23T09:18:20Z
4987d6df96ccedf2,2473205090,2013-11-09,,1.0,2013,11,automne_reproduction,47.246,-1.543,20.0,precise_100m,44109,Nantes,44,"Vespa velutina nigrithorax Buysson, 1905",SUBSPECIES,HUMAN_OBSERVATION,Inventaire national Frelon (MNHN),9fd6c3da-88f7-4df7-9a3f-3f3f9c703998,CC_BY_4_0,True,False,1,1,2473205090,False,False,,gbif_20260923T091718Z/page_year-2013_offset-000000.json,2026-09-23T09:18:20Z
7a40d0b0ef48b6fa,2613603586,2013-11-09,,1.0,2013,11,automne_reproduction,47.266,-1.565,5000.0,faible_5km,44109,Nantes,44,"Vespa velutina nigrithorax Buysson, 1905",SUBSPECIES,HUMAN_OBSERVATION,CardObs (INPN),4145cd45-8a92-426d-be8b-bfbbf5209032,CC_BY_NC_4_0,True,True,1,1,2613603586,False,False,,gbif_20260923T091718Z/page_year-2013_offset-000000.json,2026-09-23T09:18:20Z
7f894574f8d006ff,2613604645,2013-11-10,,1.0,2013,11,automne_reproduction,47.227,0.026,5000.0,faible_5km,49358,Turquant,49,"Vespa velutina nigrithorax Buysson, 1905",SUBSPECIES,HUMAN_OBSERVATION,CardObs (INPN),4145cd45-8a92-426d-be8b-bfbbf5209032,CC_BY_NC_4_0,True,True,1,1,2613604645,False,False,,gbif_20260923T091718Z/page_year-2013_offset-000000.json,2026-09-23T09:18:20Z
d17e24efcc6331ef,2473236191,2013-11-10,,1.0,2013,11,automne_reproduction,47.246,0.057,20.0,precise_100m,49361,Varennes-sur-Loire,49,"Vespa velutina nigrithorax Buysson, 1905",SUBSPECIES,HUMAN_OBSERVATION,Inventaire national Frelon (MNHN),9fd6c3da-88f7-4df7-9a3f-3f3f9c703998,CC_BY_4_0,True,False,1,1,2473236191,False,True,,gbif_20260923T091718Z/page_year-2013_offset-000000.json,2026-09-23T09:18:20Z
cf5cb203e5e8a7d5,2613610384,2013-11-13,,1.0,2013,11,automne_reproduction,46.399,-0.581,5000.0,faible_5km,85020,Benet,85,"Vespa velutina nigrithorax Buysson, 1905",SUBSPECIES,HUMAN_OBSERVATION,CardObs (INPN),4145cd45-8a92-426d-be8b-bfbbf5209032,CC_BY_NC_4_0,True,True,1,1,2613610384,False,False,,gbif_20260923T091718Z/page_year-2013_offset-000000.json,2026-09-23T09:18:20Z
0fdece4963c5e896,2473200795,2013-11-21,,1.0,2013,11,automne_reproduction,47.375,-1.45,20.0,precise_100m,44179,Saint-Mars-du-Désert,44,"Vespa velutina nigrithorax Buysson, 1905",SUBSPECIES,HUMAN_OBSERVATION,Inventaire national Frelon (MNHN),9fd6c3da-88f7-4df7-9a3f-3f3f9c703998,CC_BY_4_0,True,False,1,1,2473200795,False,True,,gbif_20260923T091718Z/page_year-2013_offset-000000.json,2026-09-23T09:18:20Z
6523bc65a4203b1b,2613609062,2013-11-21,,1.0,2013,11,automne_reproduction,47.361,-1.441,5000.0,faible_5km,44179,Saint-Mars-du-Désert,44,"Vespa velutina nigrithorax Buysson, 1905",SUBSPECIES,HUMAN_OBSERVATION,CardObs (INPN),4145cd45-8a92-426d-be8b-bfbbf5209032,CC_BY_NC_4_0,True,True,1,1,2613609062,False,False,,gbif_20260923T091718Z/page_year-2013_offset-000000.json,2026-09-23T09:18:20Z
6e3d28b8358c3627,2473233175,2013-11-23,,1.0,2013,11,automne_reproduction,47.531,-1.435,20.0,precise_100m,44077,Joué-sur-Erdre,44,"Vespa velutina nigrithorax Buysson, 1905",SUBSPECIES,HUMAN_OBSERVATION,Inventaire national Frelon (MNHN),9fd6c3da-88f7-4df7-9a3f-3f3f9c703998,CC_BY_4_0,True,False,1,1,2473233175,False,True,,gbif_20260923T091718Z/page_year-2013_offset-000000.json,2026-09-23T09:18:20Z
f938b84d736a1ab4,2613613561,2013-11-23,,1.0,2013,11,automne_reproduction,47.54,-1.456,5000.0,faible_5km,44001,Abbaretz,44,"Vespa velutina nigrithorax Buysson, 1905",SUBSPECIES,HUMAN_OBSERVATION,CardObs (INPN),4145cd45-8a92-426d-be8b-bfbbf5209032,CC_BY_NC_4_0,True,True,1,1,2613613561,False,True,,gbif_20260923T091718Z/page_year-2013_offset-000000.json,2026-09-23T09:18:20Z
35f4f3f2dbb1930a,2473217968,2013-11-24,,1.0,2013,11,automne_reproduction,47.989,0.242,,inconnue,72386,Yvré-l'Évêque,72,"Vespa velutina nigrithorax Buysson, 1905",SUBSPECIES,HUMAN_OBSERVATION,Inventaire national Frelon (MNHN),9fd6c3da-88f7-4df7-9a3f-3f3f9c703998,CC_BY_4_0,True,False,1,1,2473217968,False,True,Q08_incertitude_connue,gbif_20260923T091718Z/page_year-2013_offset-000000.json,2026-09-23T09:18:20Z
bc141b7457e5ef08,2613615189,2013-11-24,,1.0,2013,11,automne_reproduction,47.953,0.253,5000.0,faible_5km,72260,Ruaudin,72,"Vespa velutina nigrithorax Buysson, 1905",SUBSPECIES,HUMAN_OBSERVATION,CardObs (INPN),4145cd45-8a92-426d-be8b-bfbbf5209032,CC_BY_NC_4_0,True,True,1,1,2613615189,False,False,,gbif_20260923T091718Z/page_year-2013_offset-000000.json,2026-09-23T09:18:20Z
7140e458a04dbe8a,2473238969,2013-11-26,,1.0,2013,11,automne_reproduction,47.267,-0.106,20.0,precise_100m,49328,Saumur,49,"Vespa velutina nigrithorax Buysson, 1905",SUBSPECIES,HUMAN_OBSERVATION,Inventaire national Frelon (MNHN),9fd6c3da-88f7-4df7-9a3f-3f3f9c703998,CC_BY_4_0,True,False,1,1,2473238969,False,False,,gbif_20260923T091718Z/page_year-2013_offset-000000.json,2026-09-23T09:18:20Z
840cace90933d3ad,2613603417,2013-11-26,,1.0,2013,11,automne_reproduction,47.224,-0.106,5000.0,faible_5km,49123,Distré,49,"Vespa velutina nigrithorax Buysson, 1905",SUBSPECIES,HUMAN_OBSERVATION,CardObs (INPN),4145cd45-8a92-426d-be8b-bfbbf5209032,CC_BY_NC_4_0,True,True,1,1,2613603417,False,False,,gbif_20260923T091718Z/page_year-2013_offset-000000.json,2026-09-23T09:18:20Z
14de70675153cf9f,2473234709,2013-12-01,,1.0,2013,12,hiver_hivernage,47.266,-0.105,20.0,precise_100m,49328,Saumur,49,"Vespa velutina nigrithorax Buysson, 1905",SUBSPECIES,HUMAN_OBSERVATION,Inventaire national Frelon (MNHN),9fd6c3da-88f7-4df7-9a3f-3f3f9c703998,CC_BY_4_0,True,False,1,1,2473234709,False,False,,gbif_20260923T091718Z/page_year-2013_offset-000000.json,2026-09-23T09:18:20Z
18dd7e5e16f13850,2613610732,2013-12-01,,1.0,2013,12,hiver_hivernage,46.991,-1.674,5000.0,faible_5km,44083,La Limouzinière,44,"Vespa velutina nigrithorax Buysson, 1905",SUBSPECIES,HUMAN_OBSERVATION,CardObs (INPN),4145cd45-8a92-426d-be8b-bfbbf5209032,CC_BY_NC_4_0,True,True,1,1,2613610732,False,True,,gbif_20260923T091718Z/page_year-2013_offset-000000.json,2026-09-23T09:18:20Z
5b18a9d3db550eea,2473203114,2013-12-01,,1.0,2013,12,hiver_hivernage,47.266,-0.109,20.0,precise_100m,49328,Saumur,49,"Vespa velutina nigrithorax Buysson, 1905",SUBSPECIES,HUMAN_OBSERVATION,Inventaire national Frelon (MNHN),9fd6c3da-88f7-4df7-9a3f-3f3f9c703998,CC_BY_4_0,True,False,1,1,2473203114,False,False,,gbif_20260923T091718Z/page_year-2013_offset-000000.json,2026-09-23T09:18:20Z
80ae88c8e1369e6d,2613612061,2013-12-01,,1.0,2013,12,hiver_hivernage,47.224,-0.106,5000.0,faible_5km,49123,Distré,49,"Vespa velutina nigrithorax Buysson, 1905",SUBSPECIES,HUMAN_OBSERVATION,CardObs (INPN),4145cd45-8a92-426d-be8b-bfbbf5209032,CC_BY_NC_4_0,True,True,2,1,2613612061;2613614887,False,False,,gbif_20260923T091718Z/page_year-2013_offset-000000.json,2026-09-23T09:18:20Z
d03aadf91f01aa9e,2473200762,2013-12-01,,1.0,2013,12,hiver_hivernage,47.031,-1.642,20.0,precise_100m,44188,Saint-Philbert-de-Grand-Lieu,44,"Vespa velutina nigrithorax Buysson, 1905",SUBSPECIES,HUMAN_OBSERVATION,Inventaire national Frelon (MNHN),9fd6c3da-88f7-4df7-9a3f-3f3f9c703998,CC_BY_4_0,True,False,1,1,2473200762,False,True,,gbif_20260923T091718Z/page_year-2013_offset-000000.json,2026-09-23T09:18:20Z
10cad3b13837548a,2473237265,2013-12-02,,1.0,2013,12,hiver_hivernage,47.069,-1.256,20.0,precise_100m,85076,Cugand-la-Bernardière,85,"Vespa velutina nigrithorax Buysson, 1905",SUBSPECIES,HUMAN_OBSERVATION,Inventaire national Frelon (MNHN),9fd6c3da-88f7-4df7-9a3f-3f3f9c703998,CC_BY_4_0,True,False,1,1,2473237265,False,True,,gbif_20260923T091718Z/page_year-2013_offset-000000.json,2026-09-23T09:18:20Z
5e62978f44a534bf,2613614651,2013-12-02,,1.0,2013,12,hiver_hivernage,47.096,-1.287,5000.0,faible_5km,44043,Clisson,44,"Vespa velutina nigrithorax Buysson, 1905",SUBSPECIES,HUMAN_OBSERVATION,CardObs (INPN),4145cd45-8a92-426d-be8b-bfbbf5209032,CC_BY_NC_4_0,True,True,1,1,2613614651,False,False,,gbif_20260923T091718Z/page_year-2013_offset-000000.json,2026-09-23T09:18:20Z
8122582062b196a1,2473186865,2013-12-02,,1.0,2013,12,hiver_hivernage,47.259,-0.096,20.0,precise_100m,49328,Saumur,49,"Vespa velutina nigrithorax Buysson, 1905",SUBSPECIES,HUMAN_OBSERVATION,Inventaire national Frelon (MNHN),9fd6c3da-88f7-4df7-9a3f-3f3f9c703998,CC_BY_4_0,True,False,1,1,2473186865,False,False,,gbif_20260923T091718Z/page_year-2013_offset-000000.json,2026-09-23T09:18:20Z
d0a30d48f04ebfd7,2613604458,2013-12-02,,1.0,2013,12,hiver_hivernage,47.224,-0.106,5000.0,faible_5km,49123,Distré,49,"Vespa velutina nigrithorax Buysson, 1905",SUBSPECIES,HUMAN_OBSERVATION,CardObs (INPN),4145cd45-8a92-426d-be8b-bfbbf5209032,CC_BY_NC_4_0,True,True,1,1,2613604458,False,False,,gbif_20260923T091718Z/page_year-2013_offset-000000.json,2026-09-23T09:18:20Z
7db24c5b6c4fe518,2613604795,2013-12-04,,1.0,2013,12,hiver_hivernage,47.096,-1.287,5000.0,faible_5km,44043,Clisson,44,"Vespa velutina nigrithorax Buysson, 1905",SUBSPECIES,HUMAN_OBSERVATION,CardObs (INPN),4145cd45-8a92-426d-be8b-bfbbf5209032,CC_BY_NC_4_0,True,True,1,1,2613604795,False,False,,gbif_20260923T091718Z/page_year-2013_offset-000000.json,2026-09-23T09:18:20Z
ec79fb41a716db45,2473236157,2013-12-04,,1.0,2013,12,hiver_hivernage,47.137,-1.353,20.0,precise_100m,44100,Monnières,44,"Vespa velutina nigrithorax Buysson, 1905",SUBSPECIES,HUMAN_OBSERVATION,Inventaire national Frelon (MNHN),9fd6c3da-88f7-4df7-9a3f-3f3f9c703998,CC_BY_4_0,True,False,1,1,2473236157,False,True,,gbif_20260923T091718Z/page_year-2013_offset-000000.json,2026-09-23T09:18:20Z
2c5987de66c0fcc3,2613607156,2013-12-08,,1.0,2013,12,hiver_hivernage,47.204,-0.766,5000.0,faible_5km,49092,Chemillé-en-Anjou,49,"Vespa velutina nigrithorax Buysson, 1905",SUBSPECIES,HUMAN_OBSERVATION,CardObs (INPN),4145cd45-8a92-426d-be8b-bfbbf5209032,CC_BY_NC_4_0,True,True,1,1,2613607156,False,True,,gbif_20260923T091718Z/page_year-2013_offset-000000.json,2026-09-23T09:18:20Z
f58cf8cd078ef6fc,2473205056,2013-12-08,,1.0,2013,12,hiver_hivernage,47.218,-0.73,20.0,precise_100m,49092,Chemillé-en-Anjou,49,"Vespa velutina nigrithorax Buysson, 1905",SUBSPECIES,HUMAN_OBSERVATION,Inventaire national Frelon (MNHN),9fd6c3da-88f7-4df7-9a3f-3f3f9c703998,CC_BY_4_0,True,False,1,1,2473205056,False,False,,gbif_20260923T091718Z/page_year-2013_offset-000000.json,2026-09-23T09:18:20Z
7d19ecf20be9476b,2473238970,2013-12-10,,1.0,2013,12,hiver_hivernage,47.219,-1.686,20.0,precise_100m,44047,Couëron,44,"Vespa velutina nigrithorax Buysson, 1905",SUBSPECIES,HUMAN_OBSERVATION,Inventaire national Frelon (MNHN),9fd6c3da-88f7-4df7-9a3f-3f3f9c703998,CC_BY_4_0,True,False,1,1,2473238970,False,False,,gbif_20260923T091718Z/page_year-2013_offset-000000.json,2026-09-23T09:18:20Z
bbfb5e5b8e3a8e7c,2613604832,2013-12-10,,1.0,2013,12,hiver_hivernage,47.26,-1.697,5000.0,faible_5km,44194,Sautron,44,"Vespa velutina nigrithorax Buysson, 1905",SUBSPECIES,HUMAN_OBSERVATION,CardObs (INPN),4145cd45-8a92-426d-be8b-bfbbf5209032,CC_BY_NC_4_0,True,True,1,1,2613604832,False,False,,gbif_20260923T091718Z/page_year-2013_offset-000000.json,2026-09-23T09:18:20Z
164ba1449dc029b5,2613611604,2013-12-14,,1.0,2013,12,hiver_hivernage,47.31,-0.244,5000.0,faible_5km,49261,Gennes-Val-de-Loire,49,"Vespa velutina nigrithorax Buysson, 1905",SUBSPECIES,HUMAN_OBSERVATION,CardObs (INPN),4145cd45-8a92-426d-be8b-bfbbf5209032,CC_BY_NC_4_0,True,True,1,1,2613611604,False,False,,gbif_20260923T091718Z/page_year-2013_offset-000000.json,2026-09-23T09:18:20Z
a898bb1c9aa9cfba,2473184862,2013-12-14,,1.0,2013,12,hiver_hivernage,47.353,-0.235,20.0,precise_100m,49261,Gennes-Val-de-Loire,49,"Vespa velutina nigrithorax Buysson, 1905",SUBSPECIES,HUMAN_OBSERVATION,Inventaire national Frelon (MNHN),9fd6c3da-88f7-4df7-9a3f-3f3f9c703998,CC_BY_4_0,True,False,1,1,2473184862,False,False,,gbif_20260923T091718Z/page_year-2013_offset-000000.json,2026-09-23T09:18:20Z
6bcf4630a736e2b0,2613607945,2013-12-22,,1.0,2013,12,hiver_hivernage,47.396,-0.382,5000.0,faible_5km,49029,Blaison-Saint-Sulpice,49,"Vespa velutina nigrithorax Buysson, 1905",SUBSPECIES,HUMAN_OBSERVATION,CardObs (INPN),4145cd45-8a92-426d-be8b-bfbbf5209032,CC_BY_NC_4_0,True,True,1,1,2613607945,False,True,,gbif_20260923T091718Z/page_year-2013_offset-000000.json,2026-09-23T09:18:20Z
f379c1ccacbd8645,2473233145,2013-12-22,,1.0,2013,12,hiver_hivernage,47.398,-0.318,20.0,precise_100m,49050,Brissac Loire Aubance,49,"Vespa velutina nigrithorax Buysson, 1905",SUBSPECIES,HUMAN_OBSERVATION,Inventaire national Frelon (MNHN),9fd6c3da-88f7-4df7-9a3f-3f3f9c703998,CC_BY_4_0,True,False,1,1,2473233145,False,True,,gbif_20260923T091718Z/page_year-2013_offset-000000.json,2026-09-23T09:18:20Z
541aae7ec3d53628,2473234715,2013-12-23,,1.0,2013,12,hiver_hivernage,47.09,-1.612,20.0,precise_100m,44041,La Chevrolière,44,"Vespa velutina nigrithorax Buysson, 1905",SUBSPECIES,HUMAN_OBSERVATION,Inventaire national Frelon (MNHN),9fd6c3da-88f7-4df7-9a3f-3f3f9c703998,CC_BY_4_0,True,False,1,1,2473234715,False,False,,gbif_20260923T091718Z/page_year-2013_offset-000000.json,2026-09-23T09:18:20Z
5425b1bf88ba1488,2613607309,2013-12-23,,1.0,2013,12,hiver_hivernage,47.086,-1.55,5000.0,faible_5km,44014,Le Bignon,44,"Vespa velutina nigrithorax Buysson, 1905",SUBSPECIES,HUMAN_OBSERVATION,CardObs (INPN),4145cd45-8a92-426d-be8b-bfbbf5209032,CC_BY_NC_4_0,True,True,1,1,2613607309,False,False,,gbif_20260923T091718Z/page_year-2013_offset-000000.json,2026-09-23T09:18:20Z
008c1114778e440d,2613608184,2013-12-25,,1.0,2013,12,hiver_hivernage,47.176,-1.558,5000.0,faible_5km,44143,Rezé,44,"Vespa velutina nigrithorax Buysson, 1905",SUBSPECIES,HUMAN_OBSERVATION,CardObs (INPN),4145cd45-8a92-426d-be8b-bfbbf5209032,CC_BY_NC_4_0,True,True,1,1,2613608184,False,False,,gbif_20260923T091718Z/page_year-2013_offset-000000.json,2026-09-23T09:18:20Z
5199e3befd6bdeb1,2473203118,2013-12-25,,1.0,2013,12,hiver_hivernage,47.163,-1.528,20.0,precise_100m,44143,Rezé,44,"Vespa velutina nigrithorax Buysson, 1905",SUBSPECIES,HUMAN_OBSERVATION,Inventaire national Frelon (MNHN),9fd6c3da-88f7-4df7-9a3f-3f3f9c703998,CC_BY_4_0,True,False,1,1,2473203118,False,False,,gbif_20260923T091718Z/page_year-2013_offset-000000.json,2026-09-23T09:18:20Z
58a5caf5a8387d55,2473183816,2013-12-31,,1.0,2013,12,hiver_hivernage,47.244,-1.533,20.0,precise_100m,44109,Nantes,44,"Vespa velutina nigrithorax Buysson, 1905",SUBSPECIES,HUMAN_OBSERVATION,Inventaire national Frelon (MNHN),9fd6c3da-88f7-4df7-9a3f-3f3f9c703998,CC_BY_4_0,True,False,1,1,2473183816,False,False,,gbif_20260923T091718Z/page_year-2013_offset-000000.json,2026-09-23T09:18:20Z
641af6614b54a705,2613610830,2013-12-31,,1.0,2013,12,hiver_hivernage,47.314,-0.112,5000.0,faible_5km,49261,Gennes-Val-de-Loire,49,"Vespa velutina nigrithorax Buysson, 1905",SUBSPECIES,HUMAN_OBSERVATION,CardObs (INPN),4145cd45-8a92-426d-be8b-bfbbf5209032,CC_BY_NC_4_0,True,True,1,1,2613610830,False,False,,gbif_20260923T091718Z/page_year-2013_offset-000000.json,2026-09-23T09:18:20Z
64b2868ca2e358e9,2613611801,2013-12-31,,1.0,2013,12,hiver_hivernage,47.271,-1.433,5000.0,faible_5km,44204,Thouaré-sur-Loire,44,"Vespa velutina nigrithorax Buysson, 1905",SUBSPECIES,HUMAN_OBSERVATION,CardObs (INPN),4145cd45-8a92-426d-be8b-bfbbf5209032,CC_BY_NC_4_0,True,True,1,1,2613611801,False,True,,gbif_20260923T091718Z/page_year-2013_offset-000000.json,2026-09-23T09:18:20Z
72999f629cdfe5c3,2473238990,2013-12-31,,1.0,2013,12,hiver_hivernage,47.288,-1.491,20.0,precise_100m,44026,Carquefou,44,"Vespa velutina nigrithorax Buysson, 1905",SUBSPECIES,HUMAN_OBSERVATION,Inventaire national Frelon (MNHN),9fd6c3da-88f7-4df7-9a3f-3f3f9c703998,CC_BY_4_0,True,False,1,1,2473238990,False,True,,gbif_20260923T091718Z/page_year-2013_offset-000000.json,2026-09-23T09:18:20Z
8819df268457349d,2613606476,2013-12-31,,1.0,2013,12,hiver_hivernage,47.478,-0.653,5000.0,faible_5km,49020,Beaucouzé,49,"Vespa velutina nigrithorax Buysson, 1905",SUBSPECIES,HUMAN_OBSERVATION,CardObs (INPN),4145cd45-8a92-426d-be8b-bfbbf5209032,CC_BY_NC_4_0,True,True,1,1,2613606476,False,False,,gbif_20260923T091718Z/page_year-2013_offset-000000.json,2026-09-23T09:18:20Z
8ec9f7c494ee1434,2613610016,2013-12-31,,1.0,2013,12,hiver_hivernage,46.731,-1.389,5000.0,faible_5km,85089,La Ferrière,85,"Vespa velutina nigrithorax Buysson, 1905",SUBSPECIES,HUMAN_OBSERVATION,CardObs (INPN),4145cd45-8a92-426d-be8b-bfbbf5209032,CC_BY_NC_4_0,True,True,1,1,2613610016,False,True,,gbif_20260923T091718Z/page_year-2013_offset-000000.json,2026-09-23T09:18:20Z
91facde87c0a5346,2613609880,2013-12-31,,1.0,2013,12,hiver_hivernage,46.466,-1.237,5000.0,faible_5km,85058,Chasnais,85,"Vespa velutina nigrithorax Buysson, 1905",SUBSPECIES,HUMAN_OBSERVATION,CardObs (INPN),4145cd45-8a92-426d-be8b-bfbbf5209032,CC_BY_NC_4_0,True,True,1,1,2613609880,False,True,,gbif_20260923T091718Z/page_year-2013_offset-000000.json,2026-09-23T09:18:20Z
a3438ea8590e8aae,2473220070,2013-12-31,,1.0,2013,12,hiver_hivernage,46.464,-1.246,20.0,precise_100m,85117,Lairoux,85,"Vespa velutina nigrithorax Buysson, 1905",SUBSPECIES,HUMAN_OBSERVATION,Inventaire national Frelon (MNHN),9fd6c3da-88f7-4df7-9a3f-3f3f9c703998,CC_BY_4_0,True,False,1,1,2473220070,False,True,,gbif_20260923T091718Z/page_year-2013_offset-000000.json,2026-09-23T09:18:20Z
ab965a5019a16b46,2473221022,2013-12-31,,1.0,2013,12,hiver_hivernage,46.698,-1.435,20.0,precise_100m,85191,La Roche-sur-Yon,85,"Vespa velutina nigrithorax Buysson, 1905",SUBSPECIES,HUMAN_OBSERVATION,Inventaire national Frelon (MNHN),9fd6c3da-88f7-4df7-9a3f-3f3f9c703998,CC_BY_4_0,True,False,1,1,2473221022,False,False,,gbif_20260923T091718Z/page_year-2013_offset-000000.json,2026-09-23T09:18:20Z
ade366869755cc7c,2473186789,2013-12-31,,1.0,2013,12,hiver_hivernage,47.507,-0.591,20.0,precise_100m,49015,Avrillé,49,"Vespa velutina nigrithorax Buysson, 1905",SUBSPECIES,HUMAN_OBSERVATION,Inventaire national Frelon (MNHN),9fd6c3da-88f7-4df7-9a3f-3f3f9c703998,CC_BY_4_0,True,False,1,1,2473186789,False,False,,gbif_20260923T091718Z/page_year-2013_offset-000000.json,2026-09-23T09:18:20Z
e0b1719167cef3d0,2473221020,2013-12-31,,1.0,2013,12,hiver_hivernage,47.274,-0.113,20.0,precise_100m,49328,Saumur,49,"Vespa velutina nigrithorax Buysson, 1905",SUBSPECIES,HUMAN_OBSERVATION,Inventaire national Frelon (MNHN),9fd6c3da-88f7-4df7-9a3f-3f3f9c703998,CC_BY_4_0,True,False,1,1,2473221020,False,False,,gbif_20260923T091718Z/page_year-2013_offset-000000.json,2026-09-23T09:18:20Z
e5c544592a1e2bed,2613611871,2013-12-31,,1.0,2013,12,hiver_hivernage,47.266,-1.565,5000.0,faible_5km,44109,Nantes,44,"Vespa velutina nigrithorax Buysson, 1905",SUBSPECIES,HUMAN_OBSERVATION,CardObs (INPN),4145cd45-8a92-426d-be8b-bfbbf5209032,CC_BY_NC_4_0,True,True,1,1,2613611871,False,False,,gbif_20260923T091718Z/page_year-2013_offset-000000.json,2026-09-23T09:18:20Z
0692f2b48a752603,2476829611,2014-01-01,,365.0,2014,,,47.468,-0.547,10.0,precise_100m,49007,Angers,49,"Vespa velutina Lepeletier, 1836",SPECIES,HUMAN_OBSERVATION,CardObs (INPN),c17a5c51-dc4b-4ba7-b249-3c58e9e5df8e,CC_BY_4_0,True,False,1,1,2476829611,False,False,,gbif_20260923T091718Z/page_year-2014_offset-000000.json,2026-09-23T09:18:20Z
090b8c8c520c46f7,2613611749,2014-01-01,,365.0,2014,,,47.482,-0.52,5000.0,faible_5km,49007,Angers,49,"Vespa velutina Lepeletier, 1836",SPECIES,HUMAN_OBSERVATION,CardObs (INPN),4145cd45-8a92-426d-be8b-bfbbf5209032,CC_BY_NC_4_0,True,True,1,1,2613611749,False,False,,gbif_20260923T091718Z/page_year-2014_offset-000000.json,2026-09-23T09:18:20Z
5fd6f5c01b0adde1,2476828606,2014-01-01,,365.0,2014,,,47.692,-0.07,10.0,precise_100m,72154,La Flèche,72,"Vespa velutina Lepeletier, 1836",SPECIES,HUMAN_OBSERVATION,CardObs (INPN),c17a5c51-dc4b-4ba7-b249-3c58e9e5df8e,CC_BY_4_0,True,False,1,1,2476828606,False,False,,gbif_20260923T091718Z/page_year-2014_offset-000000.json,2026-09-23T09:18:20Z
768b831ffe6137d7,2613608922,2014-01-01,,365.0,2014,,,47.673,-0.133,5000.0,faible_5km,72025,Bazouges Cré sur Loir,72,"Vespa velutina Lepeletier, 1836",SPECIES,HUMAN_OBSERVATION,CardObs (INPN),4145cd45-8a92-426d-be8b-bfbbf5209032,CC_BY_NC_4_0,True,True,1,1,2613608922,False,True,,gbif_20260923T091718Z/page_year-2014_offset-000000.json,2026-09-23T09:18:20Z
0ff679eb51e003ec,2473238989,2014-01-02,,1.0,2014,1,hiver_hivernage,47.393,-0.044,20.0,precise_100m,49311,Saint-Philbert-du-Peuple,49,"Vespa velutina nigrithorax Buysson, 1905",SUBSPECIES,HUMAN_OBSERVATION,Inventaire national Frelon (MNHN),9fd6c3da-88f7-4df7-9a3f-3f3f9c703998,CC_BY_4_0,True,False,1,1,2473238989,False,True,,gbif_20260923T091718Z/page_year-2014_offset-000000.json,2026-09-23T09:18:20Z
53d86489540f7789,2613608489,2014-01-02,,1.0,2014,1,hiver_hivernage,47.266,-1.565,5000.0,faible_5km,44109,Nantes,44,"Vespa velutina nigrithorax Buysson, 1905",SUBSPECIES,HUMAN_OBSERVATION,CardObs (INPN),4145cd45-8a92-426d-be8b-bfbbf5209032,CC_BY_NC_4_0,True,True,1,1,2613608489,False,False,,gbif_20260923T091718Z/page_year-2014_offset-000000.json,2026-09-23T09:18:20Z
b4ab0a5f98c7e712,2613613215,2014-01-02,,1.0,2014,1,hiver_hivernage,47.407,0.016,5000.0,faible_5km,49368,Vernantes,49,"Vespa velutina nigrithorax Buysson, 1905",SUBSPECIES,HUMAN_OBSERVATION,CardObs (INPN),4145cd45-8a92-426d-be8b-bfbbf5209032,CC_BY_NC_4_0,True,True,1,1,2613613215,False,True,,gbif_20260923T091718Z/page_year-2014_offset-000000.json,2026-09-23T09:18:20Z
b75b250777514373,2473204107,2014-01-02,,1.0,2014,1,hiver_hivernage,47.268,-1.63,20.0,precise_100m,44114,Orvault,44,"Vespa velutina nigrithorax Buysson, 1905",SUBSPECIES,HUMAN_OBSERVATION,Inventaire national Frelon (MNHN),9fd6c3da-88f7-4df7-9a3f-3f3f9c703998,CC_BY_4_0,True,False,1,1,2473204107,False,False,,gbif_20260923T091718Z/page_year-2014_offset-000000.json,2026-09-23T09:18:20Z
8b77c06be4b70e99,2473236162,2014-01-10,,1.0,2014,1,hiver_hivernage,47.699,-0.065,20.0,precise_100m,72154,La Flèche,72,"Vespa velutina nigrithorax Buysson, 1905",SUBSPECIES,HUMAN_OBSERVATION,Inventaire national Frelon (MNHN),9fd6c3da-88f7-4df7-9a3f-3f3f9c703998,CC_BY_4_0,True,False,1,1,2473236162,False,False,,gbif_20260923T091718Z/page_year-2014_offset-000000.json,2026-09-23T09:18:20Z
9837a6870f3aca7f,2613610925,2014-01-10,,1.0,2014,1,hiver_hivernage,47.677,0.001,5000.0,faible_5km,72154,La Flèche,72,"Vespa velutina nigrithorax Buysson, 1905",SUBSPECIES,HUMAN_OBSERVATION,CardObs (INPN),4145cd45-8a92-426d-be8b-bfbbf5209032,CC_BY_NC_4_0,True,True,1,1,2613610925,False,False,,gbif_20260923T091718Z/page_year-2014_offset-000000.json,2026-09-23T09:18:20Z
27c0d7de5d45be4d,2473233154,2014-01-19,,1.0,2014,1,hiver_hivernage,47.281,-2.237,20.0,precise_100m,44184,Saint-Nazaire,44,"Vespa velutina nigrithorax Buysson, 1905",SUBSPECIES,HUMAN_OBSERVATION,Inventaire national Frelon (MNHN),9fd6c3da-88f7-4df7-9a3f-3f3f9c703998,CC_BY_4_0,True,False,1,1,2473233154,False,False,,gbif_20260923T091718Z/page_year-2014_offset-000000.json,2026-09-23T09:18:20Z
0d73e56fb4602991,2613604280,2014-02-01,,1.0,2014,2,printemps_fondatrices,47.181,-1.426,5000.0,faible_5km,44215,Vertou,44,"Vespa velutina nigrithorax Buysson, 1905",SUBSPECIES,HUMAN_OBSERVATION,CardObs (INPN),4145cd45-8a92-426d-be8b-bfbbf5209032,CC_BY_NC_4_0,True,True,1,1,2613604280,False,False,,gbif_20260923T091718Z/page_year-2014_offset-000000.json,2026-09-23T09:18:20Z
58a79ea049ddf3d0,2473234729,2014-02-01,,1.0,2014,2,printemps_fondatrices,47.185,-1.475,20.0,precise_100m,44215,Vertou,44,"Vespa velutina nigrithorax Buysson, 1905",SUBSPECIES,HUMAN_OBSERVATION,Inventaire national Frelon (MNHN),9fd6c3da-88f7-4df7-9a3f-3f3f9c703998,CC_BY_4_0,True,False,1,1,2473234729,False,False,,gbif_20260923T091718Z/page_year-2014_offset-000000.json,2026-09-23T09:18:20Z
d92f179661181514,2613605473,2014-02-02,,1.0,2014,2,printemps_fondatrices,46.901,-1.666,5000.0,faible_5km,44206,Touvois,44,"Vespa velutina nigrithorax Buysson, 1905",SUBSPECIES,HUMAN_OBSERVATION,CardObs (INPN),4145cd45-8a92-426d-be8b-bfbbf5209032,CC_BY_NC_4_0,True,True,1,1,2613605473,False,True,,gbif_20260923T091718Z/page_year-2014_offset-000000.json,2026-09-23T09:18:20Z
f157ce7825f9025b,2473203134,2014-02-02,,1.0,2014,2,printemps_fondatrices,46.883,-1.616,20.0,precise_100m,44081,Legé,44,"Vespa velutina nigrithorax Buysson, 1905",SUBSPECIES,HUMAN_OBSERVATION,Inventaire national Frelon (MNHN),9fd6c3da-88f7-4df7-9a3f-3f3f9c703998,CC_BY_4_0,True,False,1,1,2473203134,False,False,,gbif_20260923T091718Z/page_year-2014_offset-000000.json,2026-09-23T09:18:20Z
95fdaa148beb0042,2613608086,2014-02-06,,1.0,2014,2,printemps_fondatrices,46.716,-1.781,5000.0,faible_5km,85070,Coëx,85,"Vespa velutina nigrithorax Buysson, 1905",SUBSPECIES,HUMAN_OBSERVATION,CardObs (INPN),4145cd45-8a92-426d-be8b-bfbbf5209032,CC_BY_NC_4_0,True,True,1,1,2613608086,False,False,,gbif_20260923T091718Z/page_year-2014_offset-000000.json,2026-09-23T09:18:20Z
e7f87a2d0820c820,2473203136,2014-02-06,,1.0,2014,2,printemps_fondatrices,46.753,-1.745,20.0,precise_100m,85006,Apremont,85,"Vespa velutina nigrithorax Buysson, 1905",SUBSPECIES,HUMAN_OBSERVATION,Inventaire national Frelon (MNHN),9fd6c3da-88f7-4df7-9a3f-3f3f9c703998,CC_BY_4_0,True,False,1,1,2473203136,False,False,,gbif_20260923T091718Z/page_year-2014_offset-000000.json,2026-09-23T09:18:20Z
1bdf383efc01df93,2473206159,2014-02-21,,1.0,2014,2,printemps_fondatrices,47.197,-1.424,20.0,precise_100m,44071,Haute-Goulaine,44,"Vespa velutina nigrithorax Buysson, 1905",SUBSPECIES,HUMAN_OBSERVATION,Inventaire national Frelon (MNHN),9fd6c3da-88f7-4df7-9a3f-3f3f9c703998,CC_BY_4_0,True,False,1,1,2473206159,False,True,,gbif_20260923T091718Z/page_year-2014_offset-000000.json,2026-09-23T09:18:20Z
d3ffa8465afd6638,2613608275,2014-02-21,,1.0,2014,2,printemps_fondatrices,47.181,-1.426,5000.0,faible_5km,44215,Vertou,44,"Vespa velutina nigrithorax Buysson, 1905",SUBSPECIES,HUMAN_OBSERVATION,CardObs (INPN),4145cd45-8a92-426d-be8b-bfbbf5209032,CC_BY_NC_4_0,True,True,1,1,2613608275,False,False,,gbif_20260923T091718Z/page_year-2014_offset-000000.json,2026-09-23T09:18:20Z
c871d61ac8539c74,2510656604,2014-04-12,,1.0,2014,4,printemps_fondatrices,46.815,-1.74,4495.0,faible_5km,85204,Saint-Christophe-du-Ligneron,85,"Vespa velutina nigrithorax Buysson, 1905",SUBSPECIES,HUMAN_OBSERVATION,Inventaire national Frelon (MNHN),a1077e55-120b-4c31-9a6b-ca7c210f5b04,CC_BY_4_0,True,False,1,1,2510656604,False,True,,gbif_20260923T091718Z/page_year-2014_offset-000000.json,2026-09-23T09:18:20Z
3e30b0375b33483d,2613611511,2014-05-03,,1.0,2014,5,printemps_fondatrices,47.965,0.789,5000.0,faible_5km,72250,Rahay,72,"Vespa velutina nigrithorax Buysson, 1905",SUBSPECIES,HUMAN_OBSERVATION,CardObs (INPN),4145cd45-8a92-426d-be8b-bfbbf5209032,CC_BY_NC_4_0,True,True,1,1,2613611511,False,True,,gbif_20260923T091718Z/page_year-2014_offset-000000.json,2026-09-23T09:18:20Z
265da07f419db001,2613610529,2014-06-11,,1.0,2014,6,ete_ouvrieres,47.965,0.789,5000.0,faible_5km,72250,Rahay,72,"Vespa velutina Lepeletier, 1836",SPECIES,HUMAN_OBSERVATION,CardObs (INPN),4145cd45-8a92-426d-be8b-bfbbf5209032,CC_BY_NC_4_0,True,True,1,1,2613610529,False,False,,gbif_20260923T091718Z/page_year-2014_offset-000000.json,2026-09-23T09:18:20Z
baf19722315c5895,2473204533,2014-06-21,,95.0,2014,,,47.437,-2.09,3000.0,faible_5km,44129,Pontchâteau,44,"Vespa velutina nigrithorax Buysson, 1905",SUBSPECIES,HUMAN_OBSERVATION,Inventaire national Frelon (MNHN),9fd6c3da-88f7-4df7-9a3f-3f3f9c703998,CC_BY_4_0,True,False,1,1,2473204533,False,True,,gbif_20260923T091718Z/page_year-2014_offset-000000.json,2026-09-23T09:18:20Z
1a06dc7376970a96,2613604318,2014-07-03,,1.0,2014,7,ete_ouvrieres,47.965,0.789,5000.0,faible_5km,72250,Rahay,72,"Vespa velutina Lepeletier, 1836",SPECIES,HUMAN_OBSERVATION,CardObs (INPN),4145cd45-8a92-426d-be8b-bfbbf5209032,CC_BY_NC_4_0,True,True,1,1,2613604318,False,False,,gbif_20260923T091718Z/page_year-2014_offset-000000.json,2026-09-23T09:18:20Z
2b0fca9e5b0f233a,2473223622,2014-07-10,,1.0,2014,7,ete_ouvrieres,46.752,-1.485,20.0,precise_100m,85178,Le Poiré-sur-Vie,85,"Vespa velutina nigrithorax Buysson, 1905",SUBSPECIES,HUMAN_OBSERVATION,Inventaire national Frelon (MNHN),9fd6c3da-88f7-4df7-9a3f-3f3f9c703998,CC_BY_4_0,True,False,1,1,2473223622,False,False,,gbif_20260923T091718Z/page_year-2014_offset-000000.json,2026-09-23T09:18:20Z
a1d7c95482594da6,2613613757,2014-07-10,,1.0,2014,7,ete_ouvrieres,46.726,-1.52,5000.0,faible_5km,85098,La Genétouze,85,"Vespa velutina nigrithorax Buysson, 1905",SUBSPECIES,HUMAN_OBSERVATION,CardObs (INPN),4145cd45-8a92-426d-be8b-bfbbf5209032,CC_BY_NC_4_0,True,True,1,1,2613613757,False,False,,gbif_20260923T091718Z/page_year-2014_offset-000000.json,2026-09-23T09:18:20Z
eb3434537c50212e,4594951804,2014-07-11,,1.0,2014,7,ete_ouvrieres,47.479,-2.162,,inconnue,44098,Missillac,44,"Vespa velutina Lepeletier, 1836",SPECIES,HUMAN_OBSERVATION,SPIPOLL,0797c245-3f7f-42db-b822-550a36b2a922,CC_BY_4_0,True,False,2,1,4594951804;4595236231,False,True,Q08_incertitude_connue,gbif_20260923T091718Z/page_year-2014_offset-000000.json,2026-09-23T09:18:20Z
48fa46944eb1d6bc,2473204006,2014-07-16,,1.0,2014,7,ete_ouvrieres,47.283,-2.369,20.0,precise_100m,44055,La Baule-Escoublac,44,"Vespa velutina nigrithorax Buysson, 1905",SUBSPECIES,HUMAN_OBSERVATION,Inventaire national Frelon (MNHN),9fd6c3da-88f7-4df7-9a3f-3f3f9c703998,CC_BY_4_0,True,False,1,1,2473204006,False,False,,gbif_20260923T091718Z/page_year-2014_offset-000000.json,2026-09-23T09:18:20Z
ced238e201e6fd39,2613608478,2014-07-16,,1.0,2014,7,ete_ouvrieres,47.321,-2.366,5000.0,faible_5km,44069,Guérande,44,"Vespa velutina nigrithorax Buysson, 1905",SUBSPECIES,HUMAN_OBSERVATION,CardObs (INPN),4145cd45-8a92-426d-be8b-bfbbf5209032,CC_BY_NC_4_0,True,True,1,1,2613608478,False,False,,gbif_20260923T091718Z/page_year-2014_offset-000000.json,2026-09-23T09:18:20Z
1f4e6a059d21b543,2613614827,2014-07-26,,1.0,2014,7,ete_ouvrieres,47.576,-0.393,5000.0,faible_5km,49216,Montreuil-sur-Loir,49,"Vespa velutina nigrithorax Buysson, 1905",SUBSPECIES,HUMAN_OBSERVATION,CardObs (INPN),4145cd45-8a92-426d-be8b-bfbbf5209032,CC_BY_NC_4_0,True,True,1,1,2613614827,False,True,,gbif_20260923T091718Z/page_year-2014_offset-000000.json,2026-09-23T09:18:20Z
7d3323b18bf73ef3,2473222634,2014-07-26,,1.0,2014,7,ete_ouvrieres,47.56,-0.388,20.0,precise_100m,49110,Corzé,49,"Vespa velutina nigrithorax Buysson, 1905",SUBSPECIES,HUMAN_OBSERVATION,Inventaire national Frelon (MNHN),9fd6c3da-88f7-4df7-9a3f-3f3f9c703998,CC_BY_4_0,True,False,1,1,2473222634,False,True,,gbif_20260923T091718Z/page_year-2014_offset-000000.json,2026-09-23T09:18:20Z
904784b4fe93cb2a,2473205010,2014-07-27,,1.0,2014,7,ete_ouvrieres,47.244,-2.317,3000.0,faible_5km,44132,Pornichet,44,"Vespa velutina nigrithorax Buysson, 1905",SUBSPECIES,HUMAN_OBSERVATION,Inventaire national Frelon (MNHN),9fd6c3da-88f7-4df7-9a3f-3f3f9c703998,CC_BY_4_0,True,False,1,1,2473205010,False,True,,gbif_20260923T091718Z/page_year-2014_offset-000000.json,2026-09-23T09:18:20Z
031c1d13ca156979,2613609030,2014-08-02,,1.0,2014,8,ete_ouvrieres,46.93,-0.879,5000.0,faible_5km,85240,Saint-Malô-du-Bois,85,"Vespa velutina nigrithorax Buysson, 1905",SUBSPECIES,HUMAN_OBSERVATION,CardObs (INPN),4145cd45-8a92-426d-be8b-bfbbf5209032,CC_BY_NC_4_0,True,True,1,1,2613609030,False,False,,gbif_20260923T091718Z/page_year-2014_offset-000000.json,2026-09-23T09:18:20Z
f9698cbb3f788369,2473234646,2014-08-02,,1.0,2014,8,ete_ouvrieres,46.953,-0.908,3000.0,faible_5km,85238,Saint-Laurent-sur-Sèvre,85,"Vespa velutina nigrithorax Buysson, 1905",SUBSPECIES,HUMAN_OBSERVATION,Inventaire national Frelon (MNHN),9fd6c3da-88f7-4df7-9a3f-3f3f9c703998,CC_BY_4_0,True,False,1,1,2473234646,False,False,,gbif_20260923T091718Z/page_year-2014_offset-000000.json,2026-09-23T09:18:20Z
0d9c5a1b546b7f89,2473203045,2014-08-03,,1.0,2014,8,ete_ouvrieres,47.328,-2.44,3000.0,faible_5km,44069,Guérande,44,"Vespa velutina nigrithorax Buysson, 1905",SUBSPECIES,HUMAN_OBSERVATION,Inventaire national Frelon (MNHN),9fd6c3da-88f7-4df7-9a3f-3f3f9c703998,CC_BY_4_0,True,False,1,1,2473203045,False,False,,gbif_20260923T091718Z/page_year-2014_offset-000000.json,2026-09-23T09:18:20Z
93127d469ac1d69e,2839073093,2014-08-03,,1.0,2014,8,ete_ouvrieres,46.696,-1.761,10.0,precise_100m,85070,Coëx,85,"Vespa velutina nigrithorax Buysson, 1905",SUBSPECIES,HUMAN_OBSERVATION,Observation.org,8a863029-f435-446a-821e-275f4f641165,CC_BY_NC_4_0,True,True,1,1,2839073093,False,False,,gbif_20260923T091718Z/page_year-2014_offset-000000.json,2026-09-23T09:18:20Z
b7a756bc4f19f8b5,2613606131,2014-08-03,,1.0,2014,8,ete_ouvrieres,47.315,-2.498,5000.0,faible_5km,44211,La Turballe,44,"Vespa velutina nigrithorax Buysson, 1905",SUBSPECIES,HUMAN_OBSERVATION,CardObs (INPN),4145cd45-8a92-426d-be8b-bfbbf5209032,CC_BY_NC_4_0,True,True,1,1,2613606131,False,False,,gbif_20260923T091718Z/page_year-2014_offset-000000.json,2026-09-23T09:18:20Z
530062a949264853,2473234647,2014-08-07,,1.0,2014,8,ete_ouvrieres,47.176,-1.463,3000.0,faible_5km,44215,Vertou,44,"Vespa velutina nigrithorax Buysson, 1905",SUBSPECIES,HUMAN_OBSERVATION,Inventaire national Frelon (MNHN),9fd6c3da-88f7-4df7-9a3f-3f3f9c703998,CC_BY_4_0,True,False,1,1,2473234647,False,False,,gbif_20260923T091718Z/page_year-2014_offset-000000.json,2026-09-23T09:18:20Z
f53008f43fdf1c21,2613614544,2014-08-07,,1.0,2014,8,ete_ouvrieres,47.181,-1.426,5000.0,faible_5km,44215,Vertou,44,"Vespa velutina nigrithorax Buysson, 1905",SUBSPECIES,HUMAN_OBSERVATION,CardObs (INPN),4145cd45-8a92-426d-be8b-bfbbf5209032,CC_BY_NC_4_0,True,True,1,1,2613614544,False,False,,gbif_20260923T091718Z/page_year-2014_offset-000000.json,2026-09-23T09:18:20Z
7b77091f51bd823a,2473220072,2014-08-16,,1.0,2014,8,ete_ouvrieres,48.011,0.173,20.0,precise_100m,72181,Le Mans,72,"Vespa velutina nigrithorax Buysson, 1905",SUBSPECIES,HUMAN_OBSERVATION,Inventaire national Frelon (MNHN),9fd6c3da-88f7-4df7-9a3f-3f3f9c703998,CC_BY_4_0,True,False,1,1,2473220072,False,False,,gbif_20260923T091718Z/page_year-2014_offset-000000.json,2026-09-23T09:18:20Z
c1a3393220b8f233,2613609483,2014-08-16,,1.0,2014,8,ete_ouvrieres,48.04,0.114,5000.0,faible_5km,72360,Trangé,72,"Vespa velutina nigrithorax Buysson, 1905",SUBSPECIES,HUMAN_OBSERVATION,CardObs (INPN),4145cd45-8a92-426d-be8b-bfbbf5209032,CC_BY_NC_4_0,True,True,1,1,2613609483,False,True,,gbif_20260923T091718Z/page_year-2014_offset-000000.json,2026-09-23T09:18:20Z
5cac7e864e01b685,4595515669,2014-08-17,,1.0,2014,8,ete_ouvrieres,47.384,-2.521,,inconnue,44125,Piriac-sur-Mer,44,"Vespa velutina Lepeletier, 1836",SPECIES,HUMAN_OBSERVATION,SPIPOLL,0797c245-3f7f-42db-b822-550a36b2a922,CC_BY_4_0,True,False,1,1,4595515669,False,True,Q08_incertitude_connue,gbif_20260923T091718Z/page_year-2014_offset-000000.json,2026-09-23T09:18:20Z
45fc571e77c60bfe,2473234648,2014-08-20,,1.0,2014,8,ete_ouvrieres,47.266,-1.033,3000.0,faible_5km,49218,Montrevault-sur-Èvre,49,"Vespa velutina nigrithorax Buysson, 1905",SUBSPECIES,HUMAN_OBSERVATION,Inventaire national Frelon (MNHN),9fd6c3da-88f7-4df7-9a3f-3f3f9c703998,CC_BY_4_0,True,False,1,1,2473234648,False,True,,gbif_20260923T091718Z/page_year-2014_offset-000000.json,2026-09-23T09:18:20Z
cf7d0220fc89836f,2613607542,2014-08-20,,1.0,2014,8,ete_ouvrieres,47.285,-1.037,5000.0,faible_5km,49218,Montrevault-sur-Èvre,49,"Vespa velutina nigrithorax Buysson, 1905",SUBSPECIES,HUMAN_OBSERVATION,CardObs (INPN),4145cd45-8a92-426d-be8b-bfbbf5209032,CC_BY_NC_4_0,True,True,1,1,2613607542,False,False,,gbif_20260923T091718Z/page_year-2014_offset-000000.json,2026-09-23T09:18:20Z
775a48a0262a7ee3,2613613507,2014-08-21,,1.0,2014,8,ete_ouvrieres,47.339,-1.97,5000.0,faible_5km,44080,Lavau-sur-Loire,44,"Vespa velutina nigrithorax Buysson, 1905",SUBSPECIES,HUMAN_OBSERVATION,CardObs (INPN),4145cd45-8a92-426d-be8b-bfbbf5209032,CC_BY_NC_4_0,True,True,1,1,2613613507,False,True,,gbif_20260923T091718Z/page_year-2014_offset-000000.json,2026-09-23T09:18:20Z
d5cc8e7ed557baa4,2473220082,2014-08-21,,1.0,2014,8,ete_ouvrieres,47.359,-1.946,20.0,precise_100m,44195,Savenay,44,"Vespa velutina nigrithorax Buysson, 1905",SUBSPECIES,HUMAN_OBSERVATION,Inventaire national Frelon (MNHN),9fd6c3da-88f7-4df7-9a3f-3f3f9c703998,CC_BY_4_0,True,False,1,1,2473220082,False,True,,gbif_20260923T091718Z/page_year-2014_offset-000000.json,2026-09-23T09:18:20Z
09033481c3bd59c0,2613611247,2014-08-26,,1.0,2014,8,ete_ouvrieres,48.31,0.1,5000.0,faible_5km,72139,Fyé,72,"Vespa velutina nigrithorax Buysson, 1905",SUBSPECIES,HUMAN_OBSERVATION,CardObs (INPN),4145cd45-8a92-426d-be8b-bfbbf5209032,CC_BY_NC_4_0,True,True,1,1,2613611247,False,True,,gbif_20260923T091718Z/page_year-2014_offset-000000.json,2026-09-23T09:18:20Z
2fff80b114916acb,2473222688,2014-08-26,,1.0,2014,8,ete_ouvrieres,48.322,0.037,3000.0,faible_5km,72323,Saint-Victeur,72,"Vespa velutina nigrithorax Buysson, 1905",SUBSPECIES,HUMAN_OBSERVATION,Inventaire national Frelon (MNHN),9fd6c3da-88f7-4df7-9a3f-3f3f9c703998,CC_BY_4_0,True,False,1,1,2473222688,False,True,,gbif_20260923T091718Z/page_year-2014_offset-000000.json,2026-09-23T09:18:20Z
b0e54665564716f6,2473200725,2014-08-26,,1.0,2014,8,ete_ouvrieres,48.324,-0.009,3000.0,faible_5km,72011,Assé-le-Boisne,72,"Vespa velutina nigrithorax Buysson, 1905",SUBSPECIES,HUMAN_OBSERVATION,Inventaire national Frelon (MNHN),9fd6c3da-88f7-4df7-9a3f-3f3f9c703998,CC_BY_4_0,True,False,1,1,2473200725,False,True,,gbif_20260923T091718Z/page_year-2014_offset-000000.json,2026-09-23T09:18:20Z
c6ae63f3d03b779f,2613612349,2014-08-26,,1.0,2014,8,ete_ouvrieres,48.306,-0.035,5000.0,faible_5km,72337,Sougé-le-Ganelon,72,"Vespa velutina nigrithorax Buysson, 1905",SUBSPECIES,HUMAN_OBSERVATION,CardObs (INPN),4145cd45-8a92-426d-be8b-bfbbf5209032,CC_BY_NC_4_0,True,True,1,1,2613612349,False,True,,gbif_20260923T091718Z/page_year-2014_offset-000000.json,2026-09-23T09:18:20Z
6f39fd70c35d006e,2613611053,2014-08-30,,1.0,2014,8,ete_ouvrieres,47.271,-1.433,5000.0,faible_5km,44204,Thouaré-sur-Loire,44,"Vespa velutina nigrithorax Buysson, 1905",SUBSPECIES,HUMAN_OBSERVATION,CardObs (INPN),4145cd45-8a92-426d-be8b-bfbbf5209032,CC_BY_NC_4_0,True,True,1,1,2613611053,False,False,,gbif_20260923T091718Z/page_year-2014_offset-000000.json,2026-09-23T09:18:20Z
a56b9425bd750ac1,2473222654,2014-08-30,,1.0,2014,8,ete_ouvrieres,47.299,-1.49,20.0,precise_100m,44026,Carquefou,44,"Vespa velutina nigrithorax Buysson, 1905",SUBSPECIES,HUMAN_OBSERVATION,Inventaire national Frelon (MNHN),9fd6c3da-88f7-4df7-9a3f-3f3f9c703998,CC_BY_4_0,True,False,1,1,2473222654,False,False,,gbif_20260923T091718Z/page_year-2014_offset-000000.json,2026-09-23T09:18:20Z
1edbdcb5329b3bb5,2613609601,2014-08-31,,1.0,2014,8,ete_ouvrieres,47.266,-1.565,5000.0,faible_5km,44109,Nantes,44,"Vespa velutina nigrithorax Buysson, 1905",SUBSPECIES,HUMAN_OBSERVATION,CardObs (INPN),4145cd45-8a92-426d-be8b-bfbbf5209032,CC_BY_NC_4_0,True,True,1,1,2613609601,False,False,,gbif_20260923T091718Z/page_year-2014_offset-000000.json,2026-09-23T09:18:20Z
5c8eb663e0d434bc,2613610856,2014-08-31,,1.0,2014,8,ete_ouvrieres,47.535,-1.588,5000.0,faible_5km,44138,Puceul,44,"Vespa velutina nigrithorax Buysson, 1905",SUBSPECIES,HUMAN_OBSERVATION,CardObs (INPN),4145cd45-8a92-426d-be8b-bfbbf5209032,CC_BY_NC_4_0,True,True,1,1,2613610856,False,False,,gbif_20260923T091718Z/page_year-2014_offset-000000.json,2026-09-23T09:18:20Z
a3bb5d19d456efd2,2473205031,2014-08-31,,1.0,2014,8,ete_ouvrieres,47.525,-1.633,3000.0,faible_5km,44138,Puceul,44,"Vespa velutina nigrithorax Buysson, 1905",SUBSPECIES,HUMAN_OBSERVATION,Inventaire national Frelon (MNHN),9fd6c3da-88f7-4df7-9a3f-3f3f9c703998,CC_BY_4_0,True,False,1,1,2473205031,False,False,,gbif_20260923T091718Z/page_year-2014_offset-000000.json,2026-09-23T09:18:20Z
befe97c17e9b1439,2473203074,2014-08-31,,1.0,2014,8,ete_ouvrieres,47.011,-1.188,3000.0,faible_5km,85039,La Bruffière,85,"Vespa velutina nigrithorax Buysson, 1905",SUBSPECIES,HUMAN_OBSERVATION,Inventaire national Frelon (MNHN),9fd6c3da-88f7-4df7-9a3f-3f3f9c703998,CC_BY_4_0,True,False,1,1,2473203074,False,True,,gbif_20260923T091718Z/page_year-2014_offset-000000.json,2026-09-23T09:18:20Z
f970515471580d56,2473233116,2014-08-31,,1.0,2014,8,ete_ouvrieres,47.274,-1.619,3000.0,faible_5km,44114,Orvault,44,"Vespa velutina nigrithorax Buysson, 1905",SUBSPECIES,HUMAN_OBSERVATION,Inventaire national Frelon (MNHN),9fd6c3da-88f7-4df7-9a3f-3f3f9c703998,CC_BY_4_0,True,False,1,1,2473233116,False,False,,gbif_20260923T091718Z/page_year-2014_offset-000000.json,2026-09-23T09:18:20Z
fb8e0e16dc0bb8f0,2613614162,2014-08-31,,1.0,2014,8,ete_ouvrieres,47.011,-1.148,5000.0,faible_5km,85039,La Bruffière,85,"Vespa velutina nigrithorax Buysson, 1905",SUBSPECIES,HUMAN_OBSERVATION,CardObs (INPN),4145cd45-8a92-426d-be8b-bfbbf5209032,CC_BY_NC_4_0,True,True,1,1,2613614162,False,False,,gbif_20260923T091718Z/page_year-2014_offset-000000.json,2026-09-23T09:18:20Z
10eebbc129bf8952,2473203076,2014-09-04,,1.0,2014,9,automne_reproduction,47.214,-1.654,3000.0,faible_5km,44162,Saint-Herblain,44,"Vespa velutina nigrithorax Buysson, 1905",SUBSPECIES,HUMAN_OBSERVATION,Inventaire national Frelon (MNHN),9fd6c3da-88f7-4df7-9a3f-3f3f9c703998,CC_BY_4_0,True,False,1,1,2473203076,False,True,,gbif_20260923T091718Z/page_year-2014_offset-000000.json,2026-09-23T09:18:20Z
fff0044940de02bd,2613605315,2014-09-04,,1.0,2014,9,automne_reproduction,47.17,-1.689,5000.0,faible_5km,44024,Brains,44,"Vespa velutina nigrithorax Buysson, 1905",SUBSPECIES,HUMAN_OBSERVATION,CardObs (INPN),4145cd45-8a92-426d-be8b-bfbbf5209032,CC_BY_NC_4_0,True,True,1,1,2613605315,False,False,,gbif_20260923T091718Z/page_year-2014_offset-000000.json,2026-09-23T09:18:20Z
66b933ae0881bc5f,2613612601,2014-09-06,,1.0,2014,9,automne_reproduction,47.075,-1.813,5000.0,faible_5km,44186,Sainte-Pazanne,44,"Vespa velutina nigrithorax Buysson, 1905",SUBSPECIES,HUMAN_OBSERVATION,CardObs (INPN),4145cd45-8a92-426d-be8b-bfbbf5209032,CC_BY_NC_4_0,True,True,1,1,2613612601,False,True,,gbif_20260923T091718Z/page_year-2014_offset-000000.json,2026-09-23T09:18:20Z
6f188618981aa636,2473220096,2014-09-06,,1.0,2014,9,automne_reproduction,47.087,-1.778,20.0,precise_100m,44178,Saint-Mars-de-Coutais,44,"Vespa velutina nigrithorax Buysson, 1905",SUBSPECIES,HUMAN_OBSERVATION,Inventaire national Frelon (MNHN),9fd6c3da-88f7-4df7-9a3f-3f3f9c703998,CC_BY_4_0,True,False,1,1,2473220096,False,True,,gbif_20260923T091718Z/page_year-2014_offset-000000.json,2026-09-23T09:18:20Z
0573818139806035,2473182890,2014-09-09,,1.0,2014,9,automne_reproduction,47.121,-0.991,20.0,precise_100m,49301,Sèvremoine,49,"Vespa velutina nigrithorax Buysson, 1905",SUBSPECIES,HUMAN_OBSERVATION,Inventaire national Frelon (MNHN),9fd6c3da-88f7-4df7-9a3f-3f3f9c703998,CC_BY_4_0,True,False,1,1,2473182890,False,False,,gbif_20260923T091718Z/page_year-2014_offset-000000.json,2026-09-23T09:18:20Z
490f9d60a176a515,2613608444,2014-09-09,,1.0,2014,9,automne_reproduction,47.105,-1.024,5000.0,faible_5km,49301,Sèvremoine,49,"Vespa velutina nigrithorax Buysson, 1905",SUBSPECIES,HUMAN_OBSERVATION,CardObs (INPN),4145cd45-8a92-426d-be8b-bfbbf5209032,CC_BY_NC_4_0,True,True,1,1,2613608444,False,False,,gbif_20260923T091718Z/page_year-2014_offset-000000.json,2026-09-23T09:18:20Z
56eff2dc9cef0e48,2483032884,2014-09-11,,1.0,2014,9,automne_reproduction,46.999,-2.235,50.0,precise_100m,85163,Noirmoutier-en-l'Île,85,"Vespa velutina Lepeletier, 1836",SPECIES,HUMAN_OBSERVATION,LPO,5686f1a4-0da5-4264-be76-8a0ac1e7d6fa,CC_BY_4_0,True,False,1,1,2483032884,False,True,,gbif_20260923T091718Z/page_year-2014_offset-000000.json,2026-09-23T09:18:20Z
5df7f5eee76fad8c,2613610905,2014-09-14,,1.0,2014,9,automne_reproduction,47.07,-1.945,5000.0,faible_5km,44021,Villeneuve-en-Retz,44,"Vespa velutina nigrithorax Buysson, 1905",SUBSPECIES,HUMAN_OBSERVATION,CardObs (INPN),4145cd45-8a92-426d-be8b-bfbbf5209032,CC_BY_NC_4_0,True,True,1,1,2613610905,False,False,,gbif_20260923T091718Z/page_year-2014_offset-000000.json,2026-09-23T09:18:20Z
bfd685cec7eade1f,2473203077,2014-09-14,,1.0,2014,9,automne_reproduction,47.028,-1.899,3000.0,faible_5km,44021,Villeneuve-en-Retz,44,"Vespa velutina nigrithorax Buysson, 1905",SUBSPECIES,HUMAN_OBSERVATION,Inventaire national Frelon (MNHN),9fd6c3da-88f7-4df7-9a3f-3f3f9c703998,CC_BY_4_0,True,False,1,1,2473203077,False,False,,gbif_20260923T091718Z/page_year-2014_offset-000000.json,2026-09-23T09:18:20Z
b3feffa1c207a125,2613610071,2014-09-15,,1.0,2014,9,automne_reproduction,47.321,-2.366,5000.0,faible_5km,44069,Guérande,44,"Vespa velutina nigrithorax Buysson, 1905",SUBSPECIES,HUMAN_OBSERVATION,CardObs (INPN),4145cd45-8a92-426d-be8b-bfbbf5209032,CC_BY_NC_4_0,True,True,1,1,2613610071,False,False,,gbif_20260923T091718Z/page_year-2014_offset-000000.json,2026-09-23T09:18:20Z
e3c51a39f5197321,2473204064,2014-09-15,,1.0,2014,9,automne_reproduction,47.318,-2.317,3000.0,faible_5km,44151,Saint-André-des-Eaux,44,"Vespa velutina nigrithorax Buysson, 1905",SUBSPECIES,HUMAN_OBSERVATION,Inventaire national Frelon (MNHN),9fd6c3da-88f7-4df7-9a3f-3f3f9c703998,CC_BY_4_0,True,False,1,1,2473204064,False,True,,gbif_20260923T091718Z/page_year-2014_offset-000000.json,2026-09-23T09:18:20Z
671f063ffcffc37f,2613608509,2014-09-25,,1.0,2014,9,automne_reproduction,47.096,-1.287,5000.0,faible_5km,44043,Clisson,44,"Vespa velutina nigrithorax Buysson, 1905",SUBSPECIES,HUMAN_OBSERVATION,CardObs (INPN),4145cd45-8a92-426d-be8b-bfbbf5209032,CC_BY_NC_4_0,True,True,1,1,2613608509,False,False,,gbif_20260923T091718Z/page_year-2014_offset-000000.json,2026-09-23T09:18:20Z
a7159280dad16e9c,2473222655,2014-09-25,,1.0,2014,9,automne_reproduction,47.118,-1.307,20.0,precise_100m,44064,Gorges,44,"Vespa velutina nigrithorax Buysson, 1905",SUBSPECIES,HUMAN_OBSERVATION,Inventaire national Frelon (MNHN),9fd6c3da-88f7-4df7-9a3f-3f3f9c703998,CC_BY_4_0,True,False,1,1,2473222655,False,True,,gbif_20260923T091718Z/page_year-2014_offset-000000.json,2026-09-23T09:18:20Z
4730deb72f4ff9b2,2473183868,2014-10-06,,1.0,2014,10,automne_reproduction,47.199,-1.591,20.0,precise_100m,44109,Nantes,44,"Vespa velutina nigrithorax Buysson, 1905",SUBSPECIES,HUMAN_OBSERVATION,Inventaire national Frelon (MNHN),9fd6c3da-88f7-4df7-9a3f-3f3f9c703998,CC_BY_4_0,True,False,1,1,2473183868,False,False,,gbif_20260923T091718Z/page_year-2014_offset-000000.json,2026-09-23T09:18:20Z
e8915ef35b12d340,2613604016,2014-10-06,,1.0,2014,10,automne_reproduction,47.176,-1.558,5000.0,faible_5km,44143,Rezé,44,"Vespa velutina nigrithorax Buysson, 1905",SUBSPECIES,HUMAN_OBSERVATION,CardObs (INPN),4145cd45-8a92-426d-be8b-bfbbf5209032,CC_BY_NC_4_0,True,True,1,1,2613604016,False,False,,gbif_20260923T091718Z/page_year-2014_offset-000000.json,2026-09-23T09:18:20Z
88287cc4aff8cdd4,2613612363,2014-10-11,,1.0,2014,10,automne_reproduction,47.423,-2.11,5000.0,faible_5km,44129,Pontchâteau,44,"Vespa velutina nigrithorax Buysson, 1905",SUBSPECIES,HUMAN_OBSERVATION,CardObs (INPN),4145cd45-8a92-426d-be8b-bfbbf5209032,CC_BY_NC_4_0,True,True,1,1,2613612363,False,False,,gbif_20260923T091718Z/page_year-2014_offset-000000.json,2026-09-23T09:18:20Z
fe7d1fca49c6dead,2473220785,2014-10-11,,1.0,2014,10,automne_reproduction,47.407,-2.134,,inconnue,44050,Crossac,44,"Vespa velutina nigrithorax Buysson, 1905",SUBSPECIES,HUMAN_OBSERVATION,Inventaire national Frelon (MNHN),9fd6c3da-88f7-4df7-9a3f-3f3f9c703998,CC_BY_4_0,True,False,1,1,2473220785,False,True,Q08_incertitude_connue,gbif_20260923T091718Z/page_year-2014_offset-000000.json,2026-09-23T09:18:20Z
ad90e202bf0ad942,2613610683,2014-10-14,,1.0,2014,10,automne_reproduction,47.62,-1.729,5000.0,faible_5km,44044,Conquereuil,44,"Vespa velutina nigrithorax Buysson, 1905",SUBSPECIES,HUMAN_OBSERVATION,CardObs (INPN),4145cd45-8a92-426d-be8b-bfbbf5209032,CC_BY_NC_4_0,True,True,1,1,2613610683,False,True,,gbif_20260923T091718Z/page_year-2014_offset-000000.json,2026-09-23T09:18:20Z
d527bd394bddc5c5,2473222686,2014-10-14,,1.0,2014,10,automne_reproduction,47.591,-1.682,20.0,precise_100m,44091,Marsac-sur-Don,44,"Vespa velutina nigrithorax Buysson, 1905",SUBSPECIES,HUMAN_OBSERVATION,Inventaire national Frelon (MNHN),9fd6c3da-88f7-4df7-9a3f-3f3f9c703998,CC_BY_4_0,True,False,1,1,2473222686,False,True,,gbif_20260923T091718Z/page_year-2014_offset-000000.json,2026-09-23T09:18:20Z
5f2966b3405a004f,2473223379,2014-10-16,,1.0,2014,10,automne_reproduction,47.233,-1.528,,inconnue,44109,Nantes,44,"Vespa velutina nigrithorax Buysson, 1905",SUBSPECIES,HUMAN_OBSERVATION,Inventaire national Frelon (MNHN),9fd6c3da-88f7-4df7-9a3f-3f3f9c703998,CC_BY_4_0,True,False,1,1,2473223379,False,False,Q08_incertitude_connue,gbif_20260923T091718Z/page_year-2014_offset-000000.json,2026-09-23T09:18:20Z
9f9e4839d91d1c1b,2613609515,2014-10-16,,1.0,2014,10,automne_reproduction,47.266,-1.565,5000.0,faible_5km,44109,Nantes,44,"Vespa velutina nigrithorax Buysson, 1905",SUBSPECIES,HUMAN_OBSERVATION,CardObs (INPN),4145cd45-8a92-426d-be8b-bfbbf5209032,CC_BY_NC_4_0,True,True,1,1,2613609515,False,False,,gbif_20260923T091718Z/page_year-2014_offset-000000.json,2026-09-23T09:18:20Z
6097e06e03dec0bc,2473183856,2014-10-17,,1.0,2014,10,automne_reproduction,47.203,-1.005,20.0,precise_100m,49023,Beaupréau-en-Mauges,49,"Vespa velutina nigrithorax Buysson, 1905",SUBSPECIES,HUMAN_OBSERVATION,Inventaire national Frelon (MNHN),9fd6c3da-88f7-4df7-9a3f-3f3f9c703998,CC_BY_4_0,True,False,1,1,2473183856,False,True,,gbif_20260923T091718Z/page_year-2014_offset-000000.json,2026-09-23T09:18:20Z
e53f5bf7addc3bf8,2613608296,2014-10-17,,1.0,2014,10,automne_reproduction,47.195,-1.03,5000.0,faible_5km,49023,Beaupréau-en-Mauges,49,"Vespa velutina nigrithorax Buysson, 1905",SUBSPECIES,HUMAN_OBSERVATION,CardObs (INPN),4145cd45-8a92-426d-be8b-bfbbf5209032,CC_BY_NC_4_0,True,True,1,1,2613608296,False,False,,gbif_20260923T091718Z/page_year-2014_offset-000000.json,2026-09-23T09:18:20Z
250c93d698200a95,2473221060,2014-10-20,,1.0,2014,10,automne_reproduction,47.276,-1.523,20.0,precise_100m,44109,Nantes,44,"Vespa velutina nigrithorax Buysson, 1905",SUBSPECIES,HUMAN_OBSERVATION,Inventaire national Frelon (MNHN),9fd6c3da-88f7-4df7-9a3f-3f3f9c703998,CC_BY_4_0,True,False,1,1,2473221060,False,False,,gbif_20260923T091718Z/page_year-2014_offset-000000.json,2026-09-23T09:18:20Z
a49013a7e7ef847e,2613612612,2014-10-20,,1.0,2014,10,automne_reproduction,47.266,-1.565,5000.0,faible_5km,44109,Nantes,44,"Vespa velutina nigrithorax Buysson, 1905",SUBSPECIES,HUMAN_OBSERVATION,CardObs (INPN),4145cd45-8a92-426d-be8b-bfbbf5209032,CC_BY_NC_4_0,True,True,1,1,2613612612,False,False,,gbif_20260923T091718Z/page_year-2014_offset-000000.json,2026-09-23T09:18:20Z
13629d0e86b53ce0,2473223380,2014-10-23,,1.0,2014,10,automne_reproduction,47.281,-1.79,,inconnue,44158,Saint-Étienne-de-Montluc,44,"Vespa velutina nigrithorax Buysson, 1905",SUBSPECIES,HUMAN_OBSERVATION,Inventaire national Frelon (MNHN),9fd6c3da-88f7-4df7-9a3f-3f3f9c703998,CC_BY_4_0,True,False,1,1,2473223380,False,True,Q08_incertitude_connue,gbif_20260923T091718Z/page_year-2014_offset-000000.json,2026-09-23T09:18:20Z
6d4d819aebc4edcd,2613611972,2014-10-23,,1.0,2014,10,automne_reproduction,47.255,-1.829,5000.0,faible_5km,44158,Saint-Étienne-de-Montluc,44,"Vespa velutina nigrithorax Buysson, 1905",SUBSPECIES,HUMAN_OBSERVATION,CardObs (INPN),4145cd45-8a92-426d-be8b-bfbbf5209032,CC_BY_NC_4_0,True,True,1,1,2613611972,False,False,,gbif_20260923T091718Z/page_year-2014_offset-000000.json,2026-09-23T09:18:20Z
91735b9a5082ee05,2613608528,2014-10-24,,1.0,2014,10,automne_reproduction,47.838,-0.677,5000.0,faible_5km,53062,Château-Gontier-sur-Mayenne,53,"Vespa velutina nigrithorax Buysson, 1905",SUBSPECIES,HUMAN_OBSERVATION,CardObs (INPN),4145cd45-8a92-426d-be8b-bfbbf5209032,CC_BY_NC_4_0,True,True,1,1,2613608528,False,True,,gbif_20260923T091718Z/page_year-2014_offset-000000.json,2026-09-23T09:18:20Z
cb62c779bf4801ba,2473234619,2014-10-24,,1.0,2014,10,automne_reproduction,47.827,-0.707,3000.0,faible_5km,53062,Château-Gontier-sur-Mayenne,53,"Vespa velutina nigrithorax Buysson, 1905",SUBSPECIES,HUMAN_OBSERVATION,Inventaire national Frelon (MNHN),9fd6c3da-88f7-4df7-9a3f-3f3f9c703998,CC_BY_4_0,True,False,1,1,2473234619,False,False,,gbif_20260923T091718Z/page_year-2014_offset-000000.json,2026-09-23T09:18:20Z
df2cac6c2df91f96,2473222381,2014-10-28,,1.0,2014,10,automne_reproduction,46.315,-1.304,,inconnue,85001,L'Aiguillon-la-Presqu'île,85,"Vespa velutina nigrithorax Buysson, 1905",SUBSPECIES,HUMAN_OBSERVATION,Inventaire national Frelon (MNHN),9fd6c3da-88f7-4df7-9a3f-3f3f9c703998,CC_BY_4_0,True,False,1,1,2473222381,False,True,Q08_incertitude_connue,gbif_20260923T091718Z/page_year-2014_offset-000000.json,2026-09-23T09:18:20Z
e416c8a4e321cfd6,2473233496,2014-10-29,,1.0,2014,10,automne_reproduction,47.558,-0.433,3000.0,faible_5km,49377,Rives-du-Loir-en-Anjou,49,"Vespa velutina nigrithorax Buysson, 1905",SUBSPECIES,HUMAN_OBSERVATION,Inventaire national Frelon (MNHN),9fd6c3da-88f7-4df7-9a3f-3f3f9c703998,CC_BY_4_0,True,False,1,1,2473233496,False,True,,gbif_20260923T091718Z/page_year-2014_offset-000000.json,2026-09-23T09:18:20Z
b6e3ad04467f8b68,2473219811,2014-11-03,,1.0,2014,11,automne_reproduction,47.268,-0.104,,inconnue,49328,Saumur,49,"Vespa velutina nigrithorax Buysson, 1905",SUBSPECIES,HUMAN_OBSERVATION,Inventaire national Frelon (MNHN),9fd6c3da-88f7-4df7-9a3f-3f3f9c703998,CC_BY_4_0,True,False,1,1,2473219811,False,False,Q08_incertitude_connue,gbif_20260923T091718Z/page_year-2014_offset-000000.json,2026-09-23T09:18:20Z
c895fab172184acf,2613613958,2014-11-03,,1.0,2014,11,automne_reproduction,47.224,-0.106,5000.0,faible_5km,49123,Distré,49,"Vespa velutina nigrithorax Buysson, 1905",SUBSPECIES,HUMAN_OBSERVATION,CardObs (INPN),4145cd45-8a92-426d-be8b-bfbbf5209032,CC_BY_NC_4_0,True,True,1,1,2613613958,False,False,,gbif_20260923T091718Z/page_year-2014_offset-000000.json,2026-09-23T09:18:20Z
8156433c1dc55c76,2613610280,2014-11-10,,1.0,2014,11,automne_reproduction,47.321,-2.366,5000.0,faible_5km,44069,Guérande,44,"Vespa velutina nigrithorax Buysson, 1905",SUBSPECIES,HUMAN_OBSERVATION,CardObs (INPN),4145cd45-8a92-426d-be8b-bfbbf5209032,CC_BY_NC_4_0,True,True,1,1,2613610280,False,False,,gbif_20260923T091718Z/page_year-2014_offset-000000.json,2026-09-23T09:18:20Z
82e5671a301a5925,2473218272,2014-11-10,,1.0,2014,11,automne_reproduction,47.292,-2.377,20.0,precise_100m,44055,La Baule-Escoublac,44,"Vespa velutina nigrithorax Buysson, 1905",SUBSPECIES,HUMAN_OBSERVATION,Inventaire national Frelon (MNHN),9fd6c3da-88f7-4df7-9a3f-3f3f9c703998,CC_BY_4_0,True,False,1,1,2473218272,False,False,,gbif_20260923T091718Z/page_year-2014_offset-000000.json,2026-09-23T09:18:20Z
1720ecdef6756394,2613607198,2014-11-12,,1.0,2014,11,automne_reproduction,46.641,-1.382,5000.0,faible_5km,85191,La Roche-sur-Yon,85,"Vespa velutina nigrithorax Buysson, 1905",SUBSPECIES,HUMAN_OBSERVATION,CardObs (INPN),4145cd45-8a92-426d-be8b-bfbbf5209032,CC_BY_NC_4_0,True,True,1,1,2613607198,False,False,,gbif_20260923T091718Z/page_year-2014_offset-000000.json,2026-09-23T09:18:20Z
33fd2d201e473c23,2473223691,2014-11-12,,1.0,2014,11,automne_reproduction,46.68,-1.355,20.0,precise_100m,85191,La Roche-sur-Yon,85,"Vespa velutina nigrithorax Buysson, 1905",SUBSPECIES,HUMAN_OBSERVATION,Inventaire national Frelon (MNHN),9fd6c3da-88f7-4df7-9a3f-3f3f9c703998,CC_BY_4_0,True,False,1,1,2473223691,False,False,,gbif_20260923T091718Z/page_year-2014_offset-000000.json,2026-09-23T09:18:20Z
429e018d25f12971,2613608902,2014-11-17,,1.0,2014,11,automne_reproduction,47.782,0.663,5000.0,faible_5km,72262,Loir en Vallée,72,"Vespa velutina nigrithorax Buysson, 1905",SUBSPECIES,HUMAN_OBSERVATION,CardObs (INPN),4145cd45-8a92-426d-be8b-bfbbf5209032,CC_BY_NC_4_0,True,True,1,1,2613608902,False,True,,gbif_20260923T091718Z/page_year-2014_offset-000000.json,2026-09-23T09:18:20Z
7b04bcc96f586ef1,2613606345,2014-11-18,,1.0,2014,11,automne_reproduction,47.266,-1.565,5000.0,faible_5km,44109,Nantes,44,"Vespa velutina nigrithorax Buysson, 1905",SUBSPECIES,HUMAN_OBSERVATION,CardObs (INPN),4145cd45-8a92-426d-be8b-bfbbf5209032,CC_BY_NC_4_0,True,True,1,1,2613606345,False,False,,gbif_20260923T091718Z/page_year-2014_offset-000000.json,2026-09-23T09:18:20Z
d61003f168fc8c02,2473234620,2014-11-18,,1.0,2014,11,automne_reproduction,47.247,-1.502,20.0,precise_100m,44109,Nantes,44,"Vespa velutina nigrithorax Buysson, 1905",SUBSPECIES,HUMAN_OBSERVATION,Inventaire national Frelon (MNHN),9fd6c3da-88f7-4df7-9a3f-3f3f9c703998,CC_BY_4_0,True,False,1,1,2473234620,False,False,,gbif_20260923T091718Z/page_year-2014_offset-000000.json,2026-09-23T09:18:20Z
9af4b95108c0f3a4,2613613214,2014-11-21,,1.0,2014,11,automne_reproduction,47.673,-0.133,5000.0,faible_5km,72025,Bazouges Cré sur Loir,72,"Vespa velutina nigrithorax Buysson, 1905",SUBSPECIES,HUMAN_OBSERVATION,CardObs (INPN),4145cd45-8a92-426d-be8b-bfbbf5209032,CC_BY_NC_4_0,True,True,1,1,2613613214,False,False,,gbif_20260923T091718Z/page_year-2014_offset-000000.json,2026-09-23T09:18:20Z
d126483941ee6d49,2473219975,2014-11-21,,1.0,2014,11,automne_reproduction,47.723,-0.017,20.0,precise_100m,72084,Clermont-Créans,72,"Vespa velutina nigrithorax Buysson, 1905",SUBSPECIES,HUMAN_OBSERVATION,Inventaire national Frelon (MNHN),9fd6c3da-88f7-4df7-9a3f-3f3f9c703998,CC_BY_4_0,True,False,1,1,2473219975,False,True,,gbif_20260923T091718Z/page_year-2014_offset-000000.json,2026-09-23T09:18:20Z
d2e169591df50a13,2473223547,2014-11-21,,1.0,2014,11,automne_reproduction,47.717,-0.107,20.0,precise_100m,72154,La Flèche,72,"Vespa velutina nigrithorax Buysson, 1905",SUBSPECIES,HUMAN_OBSERVATION,Inventaire national Frelon (MNHN),9fd6c3da-88f7-4df7-9a3f-3f3f9c703998,CC_BY_4_0,True,False,1,1,2473223547,False,False,,gbif_20260923T091718Z/page_year-2014_offset-000000.json,2026-09-23T09:18:20Z
ee0b5b697d8d2bd4,2613615143,2014-11-21,,1.0,2014,11,automne_reproduction,47.767,-0.004,5000.0,faible_5km,72163,Ligron,72,"Vespa velutina nigrithorax Buysson, 1905",SUBSPECIES,HUMAN_OBSERVATION,CardObs (INPN),4145cd45-8a92-426d-be8b-bfbbf5209032,CC_BY_NC_4_0,True,True,1,1,2613615143,False,True,,gbif_20260923T091718Z/page_year-2014_offset-000000.json,2026-09-23T09:18:20Z
2aca47c7cecbbe45,2473218140,2014-11-26,,1.0,2014,11,automne_reproduction,47.217,-1.567,20.0,precise_100m,44109,Nantes,44,"Vespa velutina nigrithorax Buysson, 1905",SUBSPECIES,HUMAN_OBSERVATION,Inventaire national Frelon (MNHN),9fd6c3da-88f7-4df7-9a3f-3f3f9c703998,CC_BY_4_0,True,False,1,1,2473218140,False,False,,gbif_20260923T091718Z/page_year-2014_offset-000000.json,2026-09-23T09:18:20Z
f67127b11716f944,2613604999,2014-11-26,,1.0,2014,11,automne_reproduction,47.176,-1.558,5000.0,faible_5km,44143,Rezé,44,"Vespa velutina nigrithorax Buysson, 1905",SUBSPECIES,HUMAN_OBSERVATION,CardObs (INPN),4145cd45-8a92-426d-be8b-bfbbf5209032,CC_BY_NC_4_0,True,True,1,1,2613604999,False,False,,gbif_20260923T091718Z/page_year-2014_offset-000000.json,2026-09-23T09:18:20Z
0b175cc6e05785ed,2613607774,2014-11-27,,1.0,2014,11,automne_reproduction,47.271,-1.433,5000.0,faible_5km,44204,Thouaré-sur-Loire,44,"Vespa velutina nigrithorax Buysson, 1905",SUBSPECIES,HUMAN_OBSERVATION,CardObs (INPN),4145cd45-8a92-426d-be8b-bfbbf5209032,CC_BY_NC_4_0,True,True,1,1,2613607774,False,False,,gbif_20260923T091718Z/page_year-2014_offset-000000.json,2026-09-23T09:18:20Z
1dd62c8cbcaca6cf,2473185886,2014-11-27,,1.0,2014,11,automne_reproduction,47.277,-1.514,10.0,precise_100m,44109,Nantes,44,"Vespa velutina nigrithorax Buysson, 1905",SUBSPECIES,HUMAN_OBSERVATION,Inventaire national Frelon (MNHN),9fd6c3da-88f7-4df7-9a3f-3f3f9c703998,CC_BY_4_0,True,False,1,1,2473185886,False,False,,gbif_20260923T091718Z/page_year-2014_offset-000000.json,2026-09-23T09:18:20Z
614c8bb4304321a7,2473222692,2014-11-27,,1.0,2014,11,automne_reproduction,47.237,-1.482,20.0,precise_100m,44172,Sainte-Luce-sur-Loire,44,"Vespa velutina nigrithorax Buysson, 1905",SUBSPECIES,HUMAN_OBSERVATION,Inventaire national Frelon (MNHN),9fd6c3da-88f7-4df7-9a3f-3f3f9c703998,CC_BY_4_0,True,False,1,1,2473222692,False,True,,gbif_20260923T091718Z/page_year-2014_offset-000000.json,2026-09-23T09:18:20Z
c2cb12894e135970,2613609833,2014-11-27,,1.0,2014,11,automne_reproduction,47.266,-1.565,5000.0,faible_5km,44109,Nantes,44,"Vespa velutina nigrithorax Buysson, 1905",SUBSPECIES,HUMAN_OBSERVATION,CardObs (INPN),4145cd45-8a92-426d-be8b-bfbbf5209032,CC_BY_NC_4_0,True,True,1,1,2613609833,False,False,,gbif_20260923T091718Z/page_year-2014_offset-000000.json,2026-09-23T09:18:20Z
2f0e35b1fe799508,2473218138,2014-11-29,,1.0,2014,11,automne_reproduction,47.067,-0.893,20.0,precise_100m,49099,Cholet,49,"Vespa velutina nigrithorax Buysson, 1905",SUBSPECIES,HUMAN_OBSERVATION,Inventaire national Frelon (MNHN),9fd6c3da-88f7-4df7-9a3f-3f3f9c703998,CC_BY_4_0,True,False,1,1,2473218138,False,False,,gbif_20260923T091718Z/page_year-2014_offset-000000.json,2026-09-23T09:18:20Z
7170a2881c5ebdc9,2613606094,2014-11-29,,1.0,2014,11,automne_reproduction,47.11,-0.892,5000.0,faible_5km,49193,Le May-sur-Èvre,49,"Vespa velutina nigrithorax Buysson, 1905",SUBSPECIES,HUMAN_OBSERVATION,CardObs (INPN),4145cd45-8a92-426d-be8b-bfbbf5209032,CC_BY_NC_4_0,True,True,1,1,2613606094,False,True,,gbif_20260923T091718Z/page_year-2014_offset-000000.json,2026-09-23T09:18:20Z
2c33c30eceae5351,2473223692,2014-12-01,,1.0,2014,12,hiver_hivernage,48.01,0.171,20.0,precise_100m,72181,Le Mans,72,"Vespa velutina nigrithorax Buysson, 1905",SUBSPECIES,HUMAN_OBSERVATION,Inventaire national Frelon (MNHN),9fd6c3da-88f7-4df7-9a3f-3f3f9c703998,CC_BY_4_0,True,False,1,1,2473223692,False,False,,gbif_20260923T091718Z/page_year-2014_offset-000000.json,2026-09-23T09:18:20Z
68ab3a3d235d3b8b,2613613777,2014-12-01,,1.0,2014,12,hiver_hivernage,48.04,0.114,5000.0,faible_5km,72360,Trangé,72,"Vespa velutina nigrithorax Buysson, 1905",SUBSPECIES,HUMAN_OBSERVATION,CardObs (INPN),4145cd45-8a92-426d-be8b-bfbbf5209032,CC_BY_NC_4_0,True,True,1,1,2613613777,False,False,,gbif_20260923T091718Z/page_year-2014_offset-000000.json,2026-09-23T09:18:20Z
7e101e434f91e61a,2473186876,2014-12-02,,1.0,2014,12,hiver_hivernage,47.17,-1.55,20.0,precise_100m,44143,Rezé,44,"Vespa velutina nigrithorax Buysson, 1905",SUBSPECIES,HUMAN_OBSERVATION,Inventaire national Frelon (MNHN),9fd6c3da-88f7-4df7-9a3f-3f3f9c703998,CC_BY_4_0,True,False,1,1,2473186876,False,False,,gbif_20260923T091718Z/page_year-2014_offset-000000.json,2026-09-23T09:18:20Z
a0724ec0a412eb2f,2613609720,2014-12-02,,1.0,2014,12,hiver_hivernage,47.176,-1.558,5000.0,faible_5km,44143,Rezé,44,"Vespa velutina nigrithorax Buysson, 1905",SUBSPECIES,HUMAN_OBSERVATION,CardObs (INPN),4145cd45-8a92-426d-be8b-bfbbf5209032,CC_BY_NC_4_0,True,True,1,1,2613609720,False,False,,gbif_20260923T091718Z/page_year-2014_offset-000000.json,2026-09-23T09:18:20Z
1495569eaaabfa63,2473217975,2014-12-03,,1.0,2014,12,hiver_hivernage,47.296,-1.458,,inconnue,44026,Carquefou,44,"Vespa velutina nigrithorax Buysson, 1905",SUBSPECIES,HUMAN_OBSERVATION,Inventaire national Frelon (MNHN),9fd6c3da-88f7-4df7-9a3f-3f3f9c703998,CC_BY_4_0,True,False,1,1,2473217975,False,False,Q08_incertitude_connue,gbif_20260923T091718Z/page_year-2014_offset-000000.json,2026-09-23T09:18:20Z
2d089cd27a86eed9,2613610171,2014-12-03,,1.0,2014,12,hiver_hivernage,47.271,-1.433,5000.0,faible_5km,44204,Thouaré-sur-Loire,44,"Vespa velutina nigrithorax Buysson, 1905",SUBSPECIES,HUMAN_OBSERVATION,CardObs (INPN),4145cd45-8a92-426d-be8b-bfbbf5209032,CC_BY_NC_4_0,True,True,1,1,2613610171,False,False,,gbif_20260923T091718Z/page_year-2014_offset-000000.json,2026-09-23T09:18:20Z
591f0479dc2477da,2473223693,2014-12-03,,1.0,2014,12,hiver_hivernage,47.693,-1.389,20.0,precise_100m,44036,Châteaubriant,44,"Vespa velutina nigrithorax Buysson, 1905",SUBSPECIES,HUMAN_OBSERVATION,Inventaire national Frelon (MNHN),9fd6c3da-88f7-4df7-9a3f-3f3f9c703998,CC_BY_4_0,True,False,1,1,2473223693,False,False,,gbif_20260923T091718Z/page_year-2014_offset-000000.json,2026-09-23T09:18:20Z
81a8d3fafad0c621,2613609506,2014-12-03,,1.0,2014,12,hiver_hivernage,47.725,-1.338,5000.0,faible_5km,44036,Châteaubriant,44,"Vespa velutina nigrithorax Buysson, 1905",SUBSPECIES,HUMAN_OBSERVATION,CardObs (INPN),4145cd45-8a92-426d-be8b-bfbbf5209032,CC_BY_NC_4_0,True,True,1,1,2613609506,False,False,,gbif_20260923T091718Z/page_year-2014_offset-000000.json,2026-09-23T09:18:20Z
92d990629ad5d425,2473218275,2014-12-03,,1.0,2014,12,hiver_hivernage,47.304,-2.319,20.0,precise_100m,44055,La Baule-Escoublac,44,"Vespa velutina nigrithorax Buysson, 1905",SUBSPECIES,HUMAN_OBSERVATION,Inventaire national Frelon (MNHN),9fd6c3da-88f7-4df7-9a3f-3f3f9c703998,CC_BY_4_0,True,False,1,1,2473218275,False,False,,gbif_20260923T091718Z/page_year-2014_offset-000000.json,2026-09-23T09:18:20Z
b5a137f38903c8ee,2473185884,2014-12-03,,1.0,2014,12,hiver_hivernage,47.302,-2.336,20.0,precise_100m,44055,La Baule-Escoublac,44,"Vespa velutina nigrithorax Buysson, 1905",SUBSPECIES,HUMAN_OBSERVATION,Inventaire national Frelon (MNHN),9fd6c3da-88f7-4df7-9a3f-3f3f9c703998,CC_BY_4_0,True,False,1,1,2473185884,False,False,,gbif_20260923T091718Z/page_year-2014_offset-000000.json,2026-09-23T09:18:20Z
b85131f85e8cbcaa,2473222689,2014-12-03,,1.0,2014,12,hiver_hivernage,47.301,-2.32,20.0,precise_100m,44055,La Baule-Escoublac,44,"Vespa velutina nigrithorax Buysson, 1905",SUBSPECIES,HUMAN_OBSERVATION,Inventaire national Frelon (MNHN),9fd6c3da-88f7-4df7-9a3f-3f3f9c703998,CC_BY_4_0,True,False,1,1,2473222689,False,False,,gbif_20260923T091718Z/page_year-2014_offset-000000.json,2026-09-23T09:18:20Z
cea38df73ceb6eaf,2613603746,2014-12-03,,1.0,2014,12,hiver_hivernage,47.321,-2.366,5000.0,faible_5km,44069,Guérande,44,"Vespa velutina nigrithorax Buysson, 1905",SUBSPECIES,HUMAN_OBSERVATION,CardObs (INPN),4145cd45-8a92-426d-be8b-bfbbf5209032,CC_BY_NC_4_0,True,True,3,1,2613603746;2613607127;2613610189,False,False,,gbif_20260923T091718Z/page_year-2014_offset-000000.json,2026-09-23T09:18:20Z
9c54fa8dfc4281a9,2613614308,2014-12-09,,1.0,2014,12,hiver_hivernage,47.345,-1.837,5000.0,faible_5km,44089,Malville,44,"Vespa velutina nigrithorax Buysson, 1905",SUBSPECIES,HUMAN_OBSERVATION,CardObs (INPN),4145cd45-8a92-426d-be8b-bfbbf5209032,CC_BY_NC_4_0,True,True,1,1,2613614308,False,False,,gbif_20260923T091718Z/page_year-2014_offset-000000.json,2026-09-23T09:18:20Z
be6c26b8be5c367d,2473221081,2014-12-09,,1.0,2014,12,hiver_hivernage,47.348,-1.867,20.0,precise_100m,44089,Malville,44,"Vespa velutina nigrithorax Buysson, 1905",SUBSPECIES,HUMAN_OBSERVATION,Inventaire national Frelon (MNHN),9fd6c3da-88f7-4df7-9a3f-3f3f9c703998,CC_BY_4_0,True,False,1,1,2473221081,False,False,,gbif_20260923T091718Z/page_year-2014_offset-000000.json,2026-09-23T09:18:20Z
3fbf85cf50a61405,2473237201,2014-12-13,,1.0,2014,12,hiver_hivernage,48.04,0.244,20.0,precise_100m,72328,Sargé-lès-le-Mans,72,"Vespa velutina nigrithorax Buysson, 1905",SUBSPECIES,HUMAN_OBSERVATION,Inventaire national Frelon (MNHN),9fd6c3da-88f7-4df7-9a3f-3f3f9c703998,CC_BY_4_0,True,False,1,1,2473237201,False,False,,gbif_20260923T091718Z/page_year-2014_offset-000000.json,2026-09-23T09:18:20Z
d01206c8e203d8cb,2613607806,2014-12-13,,1.0,2014,12,hiver_hivernage,48.043,0.248,5000.0,faible_5km,72328,Sargé-lès-le-Mans,72,"Vespa velutina nigrithorax Buysson, 1905",SUBSPECIES,HUMAN_OBSERVATION,CardObs (INPN),4145cd45-8a92-426d-be8b-bfbbf5209032,CC_BY_NC_4_0,True,True,1,1,2613607806,False,False,,gbif_20260923T091718Z/page_year-2014_offset-000000.json,2026-09-23T09:18:20Z
565803dc32b87e15,2473182758,2014-12-18,,1.0,2014,12,hiver_hivernage,47.474,-0.576,20.0,precise_100m,49007,Angers,49,"Vespa velutina nigrithorax Buysson, 1905",SUBSPECIES,HUMAN_OBSERVATION,Inventaire national Frelon (MNHN),9fd6c3da-88f7-4df7-9a3f-3f3f9c703998,CC_BY_4_0,True,False,1,1,2473182758,False,False,,gbif_20260923T091718Z/page_year-2014_offset-000000.json,2026-09-23T09:18:20Z
b51b23a649f95b36,2613603698,2014-12-18,,1.0,2014,12,hiver_hivernage,47.478,-0.653,5000.0,faible_5km,49020,Beaucouzé,49,"Vespa velutina nigrithorax Buysson, 1905",SUBSPECIES,HUMAN_OBSERVATION,CardObs (INPN),4145cd45-8a92-426d-be8b-bfbbf5209032,CC_BY_NC_4_0,True,True,1,1,2613603698,False,False,,gbif_20260923T091718Z/page_year-2014_offset-000000.json,2026-09-23T09:18:20Z
c769627ea96234ca,2613611857,2014-12-18,,1.0,2014,12,hiver_hivernage,47.482,-0.52,5000.0,faible_5km,49007,Angers,49,"Vespa velutina nigrithorax Buysson, 1905",SUBSPECIES,HUMAN_OBSERVATION,CardObs (INPN),4145cd45-8a92-426d-be8b-bfbbf5209032,CC_BY_NC_4_0,True,True,1,1,2613611857,False,False,,gbif_20260923T091718Z/page_year-2014_offset-000000.json,2026-09-23T09:18:20Z
f5f413e79dcaddbb,2473184770,2014-12-18,,1.0,2014,12,hiver_hivernage,47.481,-0.605,20.0,precise_100m,49007,Angers,49,"Vespa velutina nigrithorax Buysson, 1905",SUBSPECIES,HUMAN_OBSERVATION,Inventaire national Frelon (MNHN),9fd6c3da-88f7-4df7-9a3f-3f3f9c703998,CC_BY_4_0,True,False,1,1,2473184770,False,False,,gbif_20260923T091718Z/page_year-2014_offset-000000.json,2026-09-23T09:18:20Z
2cc7b54bbcfaccd8,2613606162,2014-12-21,,1.0,2014,12,hiver_hivernage,46.71,-1.912,5000.0,faible_5km,85088,Le Fenouiller,85,"Vespa velutina nigrithorax Buysson, 1905",SUBSPECIES,HUMAN_OBSERVATION,CardObs (INPN),4145cd45-8a92-426d-be8b-bfbbf5209032,CC_BY_NC_4_0,True,True,1,1,2613606162,False,False,,gbif_20260923T091718Z/page_year-2014_offset-000000.json,2026-09-23T09:18:20Z
83fb4e1c1f78d4c6,2473200704,2014-12-21,,1.0,2014,12,hiver_hivernage,46.7,-1.94,20.0,precise_100m,85222,Saint-Gilles-Croix-de-Vie,85,"Vespa velutina nigrithorax Buysson, 1905",SUBSPECIES,HUMAN_OBSERVATION,Inventaire national Frelon (MNHN),9fd6c3da-88f7-4df7-9a3f-3f3f9c703998,CC_BY_4_0,True,False,1,1,2473200704,False,False,,gbif_20260923T091718Z/page_year-2014_offset-000000.json,2026-09-23T09:18:20Z
2b7bb658c95b2589,2613604605,2014-12-26,,1.0,2014,12,hiver_hivernage,47.266,-1.565,5000.0,faible_5km,44109,Nantes,44,"Vespa velutina nigrithorax Buysson, 1905",SUBSPECIES,HUMAN_OBSERVATION,CardObs (INPN),4145cd45-8a92-426d-be8b-bfbbf5209032,CC_BY_NC_4_0,True,True,1,1,2613604605,False,False,,gbif_20260923T091718Z/page_year-2014_offset-000000.json,2026-09-23T09:18:20Z
47002f5bc971499a,2473186565,2014-12-26,,1.0,2014,12,hiver_hivernage,47.242,-1.502,,inconnue,44109,Nantes,44,"Vespa velutina nigrithorax Buysson, 1905",SUBSPECIES,HUMAN_OBSERVATION,Inventaire national Frelon (MNHN),9fd6c3da-88f7-4df7-9a3f-3f3f9c703998,CC_BY_4_0,True,False,1,1,2473186565,False,False,Q08_incertitude_connue,gbif_20260923T091718Z/page_year-2014_offset-000000.json,2026-09-23T09:18:20Z
04bc45cb653fa6df,2473205014,2014-12-31,,1.0,2014,12,hiver_hivernage,47.455,-0.55,20.0,precise_100m,49007,Angers,49,"Vespa velutina nigrithorax Buysson, 1905",SUBSPECIES,HUMAN_OBSERVATION,Inventaire national Frelon (MNHN),9fd6c3da-88f7-4df7-9a3f-3f3f9c703998,CC_BY_4_0,True,False,1,1,2473205014,False,False,,gbif_20260923T091718Z/page_year-2014_offset-000000.json,2026-09-23T09:18:20Z
114c0969c6dd6d11,2473222544,2014-12-31,,1.0,2014,12,hiver_hivernage,47.222,-1.518,20.0,precise_100m,44109,Nantes,44,"Vespa velutina nigrithorax Buysson, 1905",SUBSPECIES,HUMAN_OBSERVATION,Inventaire national Frelon (MNHN),9fd6c3da-88f7-4df7-9a3f-3f3f9c703998,CC_BY_4_0,True,False,1,1,2473222544,False,False,,gbif_20260923T091718Z/page_year-2014_offset-000000.json,2026-09-23T09:18:20Z
24542dd0d20601f9,2473203052,2014-12-31,,1.0,2014,12,hiver_hivernage,47.446,-0.6,20.0,precise_100m,49035,Bouchemaine,49,"Vespa velutina nigrithorax Buysson, 1905",SUBSPECIES,HUMAN_OBSERVATION,Inventaire national Frelon (MNHN),9fd6c3da-88f7-4df7-9a3f-3f3f9c703998,CC_BY_4_0,True,False,1,1,2473203052,False,True,,gbif_20260923T091718Z/page_year-2014_offset-000000.json,2026-09-23T09:18:20Z
2e1bbb047c8c2346,2473238919,2014-12-31,,1.0,2014,12,hiver_hivernage,47.251,-1.493,20.0,precise_100m,44172,Sainte-Luce-sur-Loire,44,"Vespa velutina nigrithorax Buysson, 1905",SUBSPECIES,HUMAN_OBSERVATION,Inventaire national Frelon (MNHN),9fd6c3da-88f7-4df7-9a3f-3f3f9c703998,CC_BY_4_0,True,False,1,1,2473238919,False,False,,gbif_20260923T091718Z/page_year-2014_offset-000000.json,2026-09-23T09:18:20Z
33fd7d207df42084,2473219971,2014-12-31,,1.0,2014,12,hiver_hivernage,47.254,-1.53,20.0,precise_100m,44109,Nantes,44,"Vespa velutina nigrithorax Buysson, 1905",SUBSPECIES,HUMAN_OBSERVATION,Inventaire national Frelon (MNHN),9fd6c3da-88f7-4df7-9a3f-3f3f9c703998,CC_BY_4_0,True,False,1,1,2473219971,False,False,,gbif_20260923T091718Z/page_year-2014_offset-000000.json,2026-09-23T09:18:20Z
57cd72fd65af435c,2613610538,2014-12-31,,1.0,2014,12,hiver_hivernage,47.748,-0.671,5000.0,faible_5km,53150,Ménil,53,"Vespa velutina nigrithorax Buysson, 1905",SUBSPECIES,HUMAN_OBSERVATION,CardObs (INPN),4145cd45-8a92-426d-be8b-bfbbf5209032,CC_BY_NC_4_0,True,True,1,1,2613610538,False,True,,gbif_20260923T091718Z/page_year-2014_offset-000000.json,2026-09-23T09:18:20Z
6354ec2c775e4880,2613610448,2014-12-31,,1.0,2014,12,hiver_hivernage,47.271,-1.433,5000.0,faible_5km,44204,Thouaré-sur-Loire,44,"Vespa velutina nigrithorax Buysson, 1905",SUBSPECIES,HUMAN_OBSERVATION,CardObs (INPN),4145cd45-8a92-426d-be8b-bfbbf5209032,CC_BY_NC_4_0,True,True,2,1,2613610448;2613612769,False,False,,gbif_20260923T091718Z/page_year-2014_offset-000000.json,2026-09-23T09:18:20Z
8f084b81b4f4153e,2473218137,2014-12-31,,1.0,2014,12,hiver_hivernage,47.478,-0.661,20.0,precise_100m,49020,Beaucouzé,49,"Vespa velutina nigrithorax Buysson, 1905",SUBSPECIES,HUMAN_OBSERVATION,Inventaire national Frelon (MNHN),9fd6c3da-88f7-4df7-9a3f-3f3f9c703998,CC_BY_4_0,True,False,1,1,2473218137,False,False,,gbif_20260923T091718Z/page_year-2014_offset-000000.json,2026-09-23T09:18:20Z
979f744e95c9e1db,2473200712,2014-12-31,,1.0,2014,12,hiver_hivernage,47.776,-0.677,20.0,precise_100m,53150,Ménil,53,"Vespa velutina nigrithorax Buysson, 1905",SUBSPECIES,HUMAN_OBSERVATION,Inventaire national Frelon (MNHN),9fd6c3da-88f7-4df7-9a3f-3f3f9c703998,CC_BY_4_0,True,False,1,1,2473200712,False,False,,gbif_20260923T091718Z/page_year-2014_offset-000000.json,2026-09-23T09:18:20Z
97e39bbfb9caeb55,2473186564,2014-12-31,,1.0,2014,12,hiver_hivernage,47.206,-1.591,,inconnue,44109,Nantes,44,"Vespa velutina nigrithorax Buysson, 1905",SUBSPECIES,HUMAN_OBSERVATION,Inventaire national Frelon (MNHN),9fd6c3da-88f7-4df7-9a3f-3f3f9c703998,CC_BY_4_0,True,False,1,1,2473186564,False,False,Q08_incertitude_connue,gbif_20260923T091718Z/page_year-2014_offset-000000.json,2026-09-23T09:18:20Z
c124294fa0d244f1,2613604035,2014-12-31,,1.0,2014,12,hiver_hivernage,47.478,-0.653,5000.0,faible_5km,49020,Beaucouzé,49,"Vespa velutina nigrithorax Buysson, 1905",SUBSPECIES,HUMAN_OBSERVATION,CardObs (INPN),4145cd45-8a92-426d-be8b-bfbbf5209032,CC_BY_NC_4_0,True,True,2,1,2613604035;2613608747,False,False,,gbif_20260923T091718Z/page_year-2014_offset-000000.json,2026-09-23T09:18:20Z
cb4dffe4e7935961,2473186711,2014-12-31,,1.0,2014,12,hiver_hivernage,47.26,-1.497,20.0,precise_100m,44109,Nantes,44,"Vespa velutina nigrithorax Buysson, 1905",SUBSPECIES,HUMAN_OBSERVATION,Inventaire national Frelon (MNHN),9fd6c3da-88f7-4df7-9a3f-3f3f9c703998,CC_BY_4_0,True,False,1,1,2473186711,False,False,,gbif_20260923T091718Z/page_year-2014_offset-000000.json,2026-09-23T09:18:20Z
de4f22fe9655ba39,2613607746,2014-12-31,,1.0,2014,12,hiver_hivernage,47.266,-1.565,5000.0,faible_5km,44109,Nantes,44,"Vespa velutina nigrithorax Buysson, 1905",SUBSPECIES,HUMAN_OBSERVATION,CardObs (INPN),4145cd45-8a92-426d-be8b-bfbbf5209032,CC_BY_NC_4_0,True,True,2,1,2613607746;2613613103,False,False,,gbif_20260923T091718Z/page_year-2014_offset-000000.json,2026-09-23T09:18:20Z
f29a295f4dda3fc6,2613609584,2014-12-31,,1.0,2014,12,hiver_hivernage,47.176,-1.558,5000.0,faible_5km,44143,Rezé,44,"Vespa velutina nigrithorax Buysson, 1905",SUBSPECIES,HUMAN_OBSERVATION,CardObs (INPN),4145cd45-8a92-426d-be8b-bfbbf5209032,CC_BY_NC_4_0,True,True,1,1,2613609584,False,False,,gbif_20260923T091718Z/page_year-2014_offset-000000.json,2026-09-23T09:18:20Z
fb780109d35c1eb1,2613606713,2014-12-31,,1.0,2014,12,hiver_hivernage,47.482,-0.52,5000.0,faible_5km,49007,Angers,49,"Vespa velutina nigrithorax Buysson, 1905",SUBSPECIES,HUMAN_OBSERVATION,CardObs (INPN),4145cd45-8a92-426d-be8b-bfbbf5209032,CC_BY_NC_4_0,True,True,1,1,2613606713,False,False,,gbif_20260923T091718Z/page_year-2014_offset-000000.json,2026-09-23T09:18:20Z
72fdf721bb60b587,3310483713,2015-01-01,,365.0,2015,,,47.256,-0.15,5000.0,faible_5km,49262,Rou-Marson,49,"Vespa velutina Lepeletier, 1836",SPECIES,HUMAN_OBSERVATION,Inventaire national Frelon (MNHN),f946666e-67dc-4848-9fa8-2162f3559e33,CC_BY_4_0,True,False,1,1,3310483713,False,True,,gbif_20260923T091718Z/page_year-2015_offset-000000.json,2026-09-23T09:18:20Z
b0580de1d9eaf699,3310216246,2015-01-01,,365.0,2015,,,47.193,0.001,5000.0,faible_5km,49140,Fontevraud-l'Abbaye,49,"Vespa velutina Lepeletier, 1836",SPECIES,HUMAN_OBSERVATION,Inventaire national Frelon (MNHN),f946666e-67dc-4848-9fa8-2162f3559e33,CC_BY_4_0,True,False,1,1,3310216246,False,True,,gbif_20260923T091718Z/page_year-2015_offset-000000.json,2026-09-23T09:18:20Z
a11cbb734ed509ad,2473205016,2015-03-19,,1.0,2015,3,printemps_fondatrices,47.437,-2.078,20.0,precise_100m,44152,Sainte-Anne-sur-Brivet,44,"Vespa velutina nigrithorax Buysson, 1905",SUBSPECIES,HUMAN_OBSERVATION,Inventaire national Frelon (MNHN),9fd6c3da-88f7-4df7-9a3f-3f3f9c703998,CC_BY_4_0,True,False,1,1,2473205016,False,True,,gbif_20260923T091718Z/page_year-2015_offset-000000.json,2026-09-23T09:18:20Z
e9475bc5353a59e1,2613605773,2015-03-19,,1.0,2015,3,printemps_fondatrices,47.423,-2.11,5000.0,faible_5km,44129,Pontchâteau,44,"Vespa velutina nigrithorax Buysson, 1905",SUBSPECIES,HUMAN_OBSERVATION,CardObs (INPN),4145cd45-8a92-426d-be8b-bfbbf5209032,CC_BY_NC_4_0,True,True,1,1,2613605773,False,False,,gbif_20260923T091718Z/page_year-2015_offset-000000.json,2026-09-23T09:18:20Z
b339b937f1b20036,2483090033,2015-06-03,,1.0,2015,6,ete_ouvrieres,46.997,-2.225,50.0,precise_100m,85163,Noirmoutier-en-l'Île,85,"Vespa velutina Lepeletier, 1836",SPECIES,HUMAN_OBSERVATION,LPO,5686f1a4-0da5-4264-be76-8a0ac1e7d6fa,CC_BY_4_0,True,False,1,1,2483090033,False,False,,gbif_20260923T091718Z/page_year-2015_offset-000000.json,2026-09-23T09:18:20Z
54fff0646916541e,2473233152,2015-07-01,,1.0,2015,7,ete_ouvrieres,47.275,-2.344,20.0,precise_100m,44055,La Baule-Escoublac,44,"Vespa velutina nigrithorax Buysson, 1905",SUBSPECIES,HUMAN_OBSERVATION,Inventaire national Frelon (MNHN),9fd6c3da-88f7-4df7-9a3f-3f3f9c703998,CC_BY_4_0,True,False,1,1,2473233152,False,False,,gbif_20260923T091718Z/page_year-2015_offset-000000.json,2026-09-23T09:18:20Z
f790562df05a830d,2613612476,2015-07-03,,1.0,2015,7,ete_ouvrieres,47.321,-2.366,5000.0,faible_5km,44069,Guérande,44,"Vespa velutina nigrithorax Buysson, 1905",SUBSPECIES,HUMAN_OBSERVATION,CardObs (INPN),4145cd45-8a92-426d-be8b-bfbbf5209032,CC_BY_NC_4_0,True,True,1,1,2613612476,False,False,,gbif_20260923T091718Z/page_year-2015_offset-000000.json,2026-09-23T09:18:20Z
f9fce81762618c57,2473205071,2015-07-03,,1.0,2015,7,ete_ouvrieres,47.279,-2.422,20.0,precise_100m,44055,La Baule-Escoublac,44,"Vespa velutina nigrithorax Buysson, 1905",SUBSPECIES,HUMAN_OBSERVATION,Inventaire national Frelon (MNHN),9fd6c3da-88f7-4df7-9a3f-3f3f9c703998,CC_BY_4_0,True,False,1,1,2473205071,False,False,,gbif_20260923T091718Z/page_year-2015_offset-000000.json,2026-09-23T09:18:20Z
51eb3256e68f3a28,2473204118,2015-07-06,,1.0,2015,7,ete_ouvrieres,47.301,-2.355,20.0,precise_100m,44055,La Baule-Escoublac,44,"Vespa velutina nigrithorax Buysson, 1905",SUBSPECIES,HUMAN_OBSERVATION,Inventaire national Frelon (MNHN),9fd6c3da-88f7-4df7-9a3f-3f3f9c703998,CC_BY_4_0,True,False,1,1,2473204118,False,False,,gbif_20260923T091718Z/page_year-2015_offset-000000.json,2026-09-23T09:18:20Z
6f48f70f339883c0,2613610252,2015-07-06,,1.0,2015,7,ete_ouvrieres,47.321,-2.366,5000.0,faible_5km,44069,Guérande,44,"Vespa velutina nigrithorax Buysson, 1905",SUBSPECIES,HUMAN_OBSERVATION,CardObs (INPN),4145cd45-8a92-426d-be8b-bfbbf5209032,CC_BY_NC_4_0,True,True,1,1,2613610252,False,False,,gbif_20260923T091718Z/page_year-2015_offset-000000.json,2026-09-23T09:18:20Z
03a147d15c636c10,2613607850,2015-07-11,,1.0,2015,7,ete_ouvrieres,47.392,-0.514,5000.0,faible_5km,49308,Saint-Melaine-sur-Aubance,49,"Vespa velutina nigrithorax Buysson, 1905",SUBSPECIES,HUMAN_OBSERVATION,CardObs (INPN),4145cd45-8a92-426d-be8b-bfbbf5209032,CC_BY_NC_4_0,True,True,1,1,2613607850,False,True,,gbif_20260923T091718Z/page_year-2015_offset-000000.json,2026-09-23T09:18:20Z
8c0476c05e22c5f8,2473218118,2015-07-11,,1.0,2015,7,ete_ouvrieres,47.436,-0.519,20.0,precise_100m,49246,Les Ponts-de-Cé,49,"Vespa velutina nigrithorax Buysson, 1905",SUBSPECIES,HUMAN_OBSERVATION,Inventaire national Frelon (MNHN),9fd6c3da-88f7-4df7-9a3f-3f3f9c703998,CC_BY_4_0,True,False,1,1,2473218118,False,True,,gbif_20260923T091718Z/page_year-2015_offset-000000.json,2026-09-23T09:18:20Z
34ff6ecb73c0c5df,2473220924,2015-07-13,,1.0,2015,7,ete_ouvrieres,47.454,-1.161,20.0,precise_100m,44134,Pouillé-les-Côteaux,44,"Vespa velutina nigrithorax Buysson, 1905",SUBSPECIES,HUMAN_OBSERVATION,Inventaire national Frelon (MNHN),9fd6c3da-88f7-4df7-9a3f-3f3f9c703998,CC_BY_4_0,True,False,1,1,2473220924,False,True,,gbif_20260923T091718Z/page_year-2015_offset-000000.json,2026-09-23T09:18:20Z
9415d23815f5e89b,2613607923,2015-07-13,,1.0,2015,7,ete_ouvrieres,47.46,-1.183,5000.0,faible_5km,44134,Pouillé-les-Côteaux,44,"Vespa velutina nigrithorax Buysson, 1905",SUBSPECIES,HUMAN_OBSERVATION,CardObs (INPN),4145cd45-8a92-426d-be8b-bfbbf5209032,CC_BY_NC_4_0,True,True,1,1,2613607923,False,False,,gbif_20260923T091718Z/page_year-2015_offset-000000.json,2026-09-23T09:18:20Z
e6898c68f6ac1d52,2613610930,2015-07-17,,1.0,2015,7,ete_ouvrieres,47.321,-2.366,5000.0,faible_5km,44069,Guérande,44,"Vespa velutina nigrithorax Buysson, 1905",SUBSPECIES,HUMAN_OBSERVATION,CardObs (INPN),4145cd45-8a92-426d-be8b-bfbbf5209032,CC_BY_NC_4_0,True,True,1,1,2613610930,False,False,,gbif_20260923T091718Z/page_year-2015_offset-000000.json,2026-09-23T09:18:20Z
f42441e22d5ea1a2,2473204120,2015-07-17,,1.0,2015,7,ete_ouvrieres,47.293,-2.366,20.0,precise_100m,44055,La Baule-Escoublac,44,"Vespa velutina nigrithorax Buysson, 1905",SUBSPECIES,HUMAN_OBSERVATION,Inventaire national Frelon (MNHN),9fd6c3da-88f7-4df7-9a3f-3f3f9c703998,CC_BY_4_0,True,False,1,1,2473204120,False,False,,gbif_20260923T091718Z/page_year-2015_offset-000000.json,2026-09-23T09:18:20Z
7b8f1e68fb213a7d,2473186694,2015-07-18,,1.0,2015,7,ete_ouvrieres,47.26,-1.133,20.0,precise_100m,49218,Montrevault-sur-Èvre,49,"Vespa velutina nigrithorax Buysson, 1905",SUBSPECIES,HUMAN_OBSERVATION,Inventaire national Frelon (MNHN),9fd6c3da-88f7-4df7-9a3f-3f3f9c703998,CC_BY_4_0,True,False,1,1,2473186694,False,False,,gbif_20260923T091718Z/page_year-2015_offset-000000.json,2026-09-23T09:18:20Z
e5484f9edad106ac,2613608914,2015-07-18,,1.0,2015,7,ete_ouvrieres,47.28,-1.169,5000.0,faible_5km,49126,Orée d'Anjou,49,"Vespa velutina nigrithorax Buysson, 1905",SUBSPECIES,HUMAN_OBSERVATION,CardObs (INPN),4145cd45-8a92-426d-be8b-bfbbf5209032,CC_BY_NC_4_0,True,True,1,1,2613608914,False,True,,gbif_20260923T091718Z/page_year-2015_offset-000000.json,2026-09-23T09:18:20Z
320e82b276624709,2473203137,2015-07-22,,1.0,2015,7,ete_ouvrieres,47.286,-2.372,20.0,precise_100m,44055,La Baule-Escoublac,44,"Vespa velutina nigrithorax Buysson, 1905",SUBSPECIES,HUMAN_OBSERVATION,Inventaire national Frelon (MNHN),9fd6c3da-88f7-4df7-9a3f-3f3f9c703998,CC_BY_4_0,True,False,1,1,2473203137,False,False,,gbif_20260923T091718Z/page_year-2015_offset-000000.json,2026-09-23T09:18:20Z
4365e805a8051f4c,2473204128,2015-07-22,,1.0,2015,7,ete_ouvrieres,47.275,-2.327,20.0,precise_100m,44055,La Baule-Escoublac,44,"Vespa velutina nigrithorax Buysson, 1905",SUBSPECIES,HUMAN_OBSERVATION,Inventaire national Frelon (MNHN),9fd6c3da-88f7-4df7-9a3f-3f3f9c703998,CC_BY_4_0,True,False,1,1,2473204128,False,False,,gbif_20260923T091718Z/page_year-2015_offset-000000.json,2026-09-23T09:18:20Z
68dc2d21697f55e6,2473237290,2015-07-22,,1.0,2015,7,ete_ouvrieres,47.29,-2.382,20.0,precise_100m,44055,La Baule-Escoublac,44,"Vespa velutina nigrithorax Buysson, 1905",SUBSPECIES,HUMAN_OBSERVATION,Inventaire national Frelon (MNHN),9fd6c3da-88f7-4df7-9a3f-3f3f9c703998,CC_BY_4_0,True,False,1,1,2473237290,False,False,,gbif_20260923T091718Z/page_year-2015_offset-000000.json,2026-09-23T09:18:20Z
df4ae2ca917c24b3,2613604109,2015-07-22,,1.0,2015,7,ete_ouvrieres,47.321,-2.366,5000.0,faible_5km,44069,Guérande,44,"Vespa velutina nigrithorax Buysson, 1905",SUBSPECIES,HUMAN_OBSERVATION,CardObs (INPN),4145cd45-8a92-426d-be8b-bfbbf5209032,CC_BY_NC_4_0,True,True,2,1,2613604109;2613605770,False,False,,gbif_20260923T091718Z/page_year-2015_offset-000000.json,2026-09-23T09:18:20Z
4708b68ebda063af,2613610067,2015-07-23,,1.0,2015,7,ete_ouvrieres,48.116,-0.428,5000.0,faible_5km,53097,Évron,53,"Vespa velutina nigrithorax Buysson, 1905",SUBSPECIES,HUMAN_OBSERVATION,CardObs (INPN),4145cd45-8a92-426d-be8b-bfbbf5209032,CC_BY_NC_4_0,True,True,1,1,2613610067,False,True,,gbif_20260923T091718Z/page_year-2015_offset-000000.json,2026-09-23T09:18:20Z
6a78fe3966c10f95,2473183716,2015-07-23,,1.0,2015,7,ete_ouvrieres,48.149,-0.395,20.0,precise_100m,53097,Évron,53,"Vespa velutina nigrithorax Buysson, 1905",SUBSPECIES,HUMAN_OBSERVATION,Inventaire national Frelon (MNHN),9fd6c3da-88f7-4df7-9a3f-3f3f9c703998,CC_BY_4_0,True,False,1,1,2473183716,False,False,,gbif_20260923T091718Z/page_year-2015_offset-000000.json,2026-09-23T09:18:20Z
77eb7c02e34b0e80,4595816687,2015-07-25,,1.0,2015,7,ete_ouvrieres,47.246,-2.32,,inconnue,44132,Pornichet,44,"Vespa velutina Lepeletier, 1836",SPECIES,HUMAN_OBSERVATION,SPIPOLL,0797c245-3f7f-42db-b822-550a36b2a922,CC_BY_4_0,True,False,1,1,4595816687,False,False,Q08_incertitude_connue,gbif_20260923T091718Z/page_year-2015_offset-000000.json,2026-09-23T09:18:20Z
244c30279cd95b36,2473183893,2015-07-27,,1.0,2015,7,ete_ouvrieres,46.907,-2.008,20.0,precise_100m,85221,Saint-Gervais,85,"Vespa velutina nigrithorax Buysson, 1905",SUBSPECIES,HUMAN_OBSERVATION,Inventaire national Frelon (MNHN),9fd6c3da-88f7-4df7-9a3f-3f3f9c703998,CC_BY_4_0,True,False,1,1,2473183893,False,True,,gbif_20260923T091718Z/page_year-2015_offset-000000.json,2026-09-23T09:18:20Z
6c2ac62afed08971,2613605903,2015-07-27,,1.0,2015,7,ete_ouvrieres,46.884,-2.059,5000.0,faible_5km,85018,Beauvoir-sur-Mer,85,"Vespa velutina nigrithorax Buysson, 1905",SUBSPECIES,HUMAN_OBSERVATION,CardObs (INPN),4145cd45-8a92-426d-be8b-bfbbf5209032,CC_BY_NC_4_0,True,True,1,1,2613605903,False,True,,gbif_20260923T091718Z/page_year-2015_offset-000000.json,2026-09-23T09:18:20Z
8264ef3a7ae932a5,2473236177,2015-07-27,,1.0,2015,7,ete_ouvrieres,47.284,-2.391,20.0,precise_100m,44055,La Baule-Escoublac,44,"Vespa velutina nigrithorax Buysson, 1905",SUBSPECIES,HUMAN_OBSERVATION,Inventaire national Frelon (MNHN),9fd6c3da-88f7-4df7-9a3f-3f3f9c703998,CC_BY_4_0,True,False,1,1,2473236177,False,False,,gbif_20260923T091718Z/page_year-2015_offset-000000.json,2026-09-23T09:18:20Z
9d76100d19db2b53,2473200782,2015-07-27,,1.0,2015,7,ete_ouvrieres,47.284,-2.313,20.0,precise_100m,44055,La Baule-Escoublac,44,"Vespa velutina nigrithorax Buysson, 1905",SUBSPECIES,HUMAN_OBSERVATION,Inventaire national Frelon (MNHN),9fd6c3da-88f7-4df7-9a3f-3f3f9c703998,CC_BY_4_0,True,False,1,1,2473200782,False,False,,gbif_20260923T091718Z/page_year-2015_offset-000000.json,2026-09-23T09:18:20Z
a18673f372235301,2473233158,2015-07-27,,1.0,2015,7,ete_ouvrieres,47.283,-2.364,20.0,precise_100m,44055,La Baule-Escoublac,44,"Vespa velutina nigrithorax Buysson, 1905",SUBSPECIES,HUMAN_OBSERVATION,Inventaire national Frelon (MNHN),9fd6c3da-88f7-4df7-9a3f-3f3f9c703998,CC_BY_4_0,True,False,1,1,2473233158,False,False,,gbif_20260923T091718Z/page_year-2015_offset-000000.json,2026-09-23T09:18:20Z
b872c7de0cbe6a8b,2473205077,2015-07-27,,1.0,2015,7,ete_ouvrieres,47.283,-2.418,20.0,precise_100m,44055,La Baule-Escoublac,44,"Vespa velutina nigrithorax Buysson, 1905",SUBSPECIES,HUMAN_OBSERVATION,Inventaire national Frelon (MNHN),9fd6c3da-88f7-4df7-9a3f-3f3f9c703998,CC_BY_4_0,True,False,1,1,2473205077,False,False,,gbif_20260923T091718Z/page_year-2015_offset-000000.json,2026-09-23T09:18:20Z
d0b7d534a993033f,2613604797,2015-07-27,,1.0,2015,7,ete_ouvrieres,47.321,-2.366,5000.0,faible_5km,44069,Guérande,44,"Vespa velutina nigrithorax Buysson, 1905",SUBSPECIES,HUMAN_OBSERVATION,CardObs (INPN),4145cd45-8a92-426d-be8b-bfbbf5209032,CC_BY_NC_4_0,True,True,4,1,2613604797;2613605448;2613606461;2613607821,False,False,,gbif_20260923T091718Z/page_year-2015_offset-000000.json,2026-09-23T09:18:20Z
a42e73117c87154a,2473234732,2015-07-29,,1.0,2015,7,ete_ouvrieres,47.292,-2.354,20.0,precise_100m,44055,La Baule-Escoublac,44,"Vespa velutina nigrithorax Buysson, 1905",SUBSPECIES,HUMAN_OBSERVATION,Inventaire national Frelon (MNHN),9fd6c3da-88f7-4df7-9a3f-3f3f9c703998,CC_BY_4_0,True,False,1,1,2473234732,False,False,,gbif_20260923T091718Z/page_year-2015_offset-000000.json,2026-09-23T09:18:20Z
ea604ee40a5767b5,2613605060,2015-07-29,,1.0,2015,7,ete_ouvrieres,47.321,-2.366,5000.0,faible_5km,44069,Guérande,44,"Vespa velutina nigrithorax Buysson, 1905",SUBSPECIES,HUMAN_OBSERVATION,CardObs (INPN),4145cd45-8a92-426d-be8b-bfbbf5209032,CC_BY_NC_4_0,True,True,1,1,2613605060,False,False,,gbif_20260923T091718Z/page_year-2015_offset-000000.json,2026-09-23T09:18:20Z
3b3b136285f5d233,2613608329,2015-07-30,,1.0,2015,7,ete_ouvrieres,47.429,-1.978,5000.0,faible_5km,44025,Campbon,44,"Vespa velutina nigrithorax Buysson, 1905",SUBSPECIES,HUMAN_OBSERVATION,CardObs (INPN),4145cd45-8a92-426d-be8b-bfbbf5209032,CC_BY_NC_4_0,True,True,1,1,2613608329,False,True,,gbif_20260923T091718Z/page_year-2015_offset-000000.json,2026-09-23T09:18:20Z
4cdd8e1157905ce9,2473219958,2015-07-30,,1.0,2015,7,ete_ouvrieres,47.389,-1.934,20.0,precise_100m,44025,Campbon,44,"Vespa velutina nigrithorax Buysson, 1905",SUBSPECIES,HUMAN_OBSERVATION,Inventaire national Frelon (MNHN),9fd6c3da-88f7-4df7-9a3f-3f3f9c703998,CC_BY_4_0,True,False,1,1,2473219958,False,False,,gbif_20260923T091718Z/page_year-2015_offset-000000.json,2026-09-23T09:18:20Z
0ed9fc0227b9947e,2613606737,2015-08-03,,1.0,2015,8,ete_ouvrieres,46.716,-1.781,5000.0,faible_5km,85070,Coëx,85,"Vespa velutina nigrithorax Buysson, 1905",SUBSPECIES,HUMAN_OBSERVATION,CardObs (INPN),4145cd45-8a92-426d-be8b-bfbbf5209032,CC_BY_NC_4_0,True,True,1,1,2613606737,False,False,,gbif_20260923T091718Z/page_year-2015_offset-000000.json,2026-09-23T09:18:20Z
2e35481c70789625,2613613644,2015-08-03,,1.0,2015,8,ete_ouvrieres,47.321,-2.366,5000.0,faible_5km,44069,Guérande,44,"Vespa velutina nigrithorax Buysson, 1905",SUBSPECIES,HUMAN_OBSERVATION,CardObs (INPN),4145cd45-8a92-426d-be8b-bfbbf5209032,CC_BY_NC_4_0,True,True,1,1,2613613644,False,False,,gbif_20260923T091718Z/page_year-2015_offset-000000.json,2026-09-23T09:18:20Z
b5b59d97921d2192,2473238986,2015-08-03,,1.0,2015,8,ete_ouvrieres,47.292,-2.379,20.0,precise_100m,44055,La Baule-Escoublac,44,"Vespa velutina nigrithorax Buysson, 1905",SUBSPECIES,HUMAN_OBSERVATION,Inventaire national Frelon (MNHN),9fd6c3da-88f7-4df7-9a3f-3f3f9c703998,CC_BY_4_0,True,False,1,1,2473238986,False,False,,gbif_20260923T091718Z/page_year-2015_offset-000000.json,2026-09-23T09:18:20Z
be8a01f6bc42faff,2473220994,2015-08-03,,1.0,2015,8,ete_ouvrieres,46.696,-1.758,20.0,precise_100m,85070,Coëx,85,"Vespa velutina nigrithorax Buysson, 1905",SUBSPECIES,HUMAN_OBSERVATION,Inventaire national Frelon (MNHN),9fd6c3da-88f7-4df7-9a3f-3f3f9c703998,CC_BY_4_0,True,False,1,1,2473220994,False,False,,gbif_20260923T091718Z/page_year-2015_offset-000000.json,2026-09-23T09:18:20Z
7eab733ff00136ce,2613610409,2015-08-04,,1.0,2015,8,ete_ouvrieres,47.46,-1.183,5000.0,faible_5km,44134,Pouillé-les-Côteaux,44,"Vespa velutina nigrithorax Buysson, 1905",SUBSPECIES,HUMAN_OBSERVATION,CardObs (INPN),4145cd45-8a92-426d-be8b-bfbbf5209032,CC_BY_NC_4_0,True,True,1,1,2613610409,False,False,,gbif_20260923T091718Z/page_year-2015_offset-000000.json,2026-09-23T09:18:20Z
c2308bf6cadd6f06,2473186697,2015-08-04,,1.0,2015,8,ete_ouvrieres,47.454,-1.16,20.0,precise_100m,44134,Pouillé-les-Côteaux,44,"Vespa velutina nigrithorax Buysson, 1905",SUBSPECIES,HUMAN_OBSERVATION,Inventaire national Frelon (MNHN),9fd6c3da-88f7-4df7-9a3f-3f3f9c703998,CC_BY_4_0,True,False,1,1,2473186697,False,False,,gbif_20260923T091718Z/page_year-2015_offset-000000.json,2026-09-23T09:18:20Z
0eb7e05ee0a5dfa6,2613615446,2015-08-05,,1.0,2015,8,ete_ouvrieres,47.321,-2.366,5000.0,faible_5km,44069,Guérande,44,"Vespa velutina nigrithorax Buysson, 1905",SUBSPECIES,HUMAN_OBSERVATION,CardObs (INPN),4145cd45-8a92-426d-be8b-bfbbf5209032,CC_BY_NC_4_0,True,True,1,1,2613615446,False,False,,gbif_20260923T091718Z/page_year-2015_offset-000000.json,2026-09-23T09:18:20Z
b9d499a3b935ed8e,2473234725,2015-08-05,,1.0,2015,8,ete_ouvrieres,47.281,-2.378,20.0,precise_100m,44055,La Baule-Escoublac,44,"Vespa velutina nigrithorax Buysson, 1905",SUBSPECIES,HUMAN_OBSERVATION,Inventaire national Frelon (MNHN),9fd6c3da-88f7-4df7-9a3f-3f3f9c703998,CC_BY_4_0,True,False,1,1,2473234725,False,False,,gbif_20260923T091718Z/page_year-2015_offset-000000.json,2026-09-23T09:18:20Z
e7bc8df008f3fd3c,2473203128,2015-08-05,,1.0,2015,8,ete_ouvrieres,47.27,-2.337,20.0,precise_100m,44055,La Baule-Escoublac,44,"Vespa velutina nigrithorax Buysson, 1905",SUBSPECIES,HUMAN_OBSERVATION,Inventaire national Frelon (MNHN),9fd6c3da-88f7-4df7-9a3f-3f3f9c703998,CC_BY_4_0,True,False,1,1,2473203128,False,False,,gbif_20260923T091718Z/page_year-2015_offset-000000.json,2026-09-23T09:18:20Z
63a2fe795c3cf1e6,2473183681,2015-08-10,,1.0,2015,8,ete_ouvrieres,47.328,-2.085,20.0,precise_100m,44052,Donges,44,"Vespa velutina nigrithorax Buysson, 1905",SUBSPECIES,HUMAN_OBSERVATION,Inventaire national Frelon (MNHN),9fd6c3da-88f7-4df7-9a3f-3f3f9c703998,CC_BY_4_0,True,False,2,1,2473183681;2473218116,False,True,,gbif_20260923T091718Z/page_year-2015_offset-000000.json,2026-09-23T09:18:20Z
66693c63a9dcff82,2613604007,2015-08-10,,1.0,2015,8,ete_ouvrieres,47.333,-2.102,5000.0,faible_5km,44052,Donges,44,"Vespa velutina nigrithorax Buysson, 1905",SUBSPECIES,HUMAN_OBSERVATION,CardObs (INPN),4145cd45-8a92-426d-be8b-bfbbf5209032,CC_BY_NC_4_0,True,True,2,1,2613604007;2613608363,False,False,,gbif_20260923T091718Z/page_year-2015_offset-000000.json,2026-09-23T09:18:20Z
6c24606dbb99f08f,2613613984,2015-08-12,,1.0,2015,8,ete_ouvrieres,47.53,-1.721,5000.0,faible_5km,44214,Vay,44,"Vespa velutina nigrithorax Buysson, 1905",SUBSPECIES,HUMAN_OBSERVATION,CardObs (INPN),4145cd45-8a92-426d-be8b-bfbbf5209032,CC_BY_NC_4_0,True,True,1,1,2613613984,False,True,,gbif_20260923T091718Z/page_year-2015_offset-000000.json,2026-09-23T09:18:20Z
a01cf4f13e49c0da,2613610956,2015-08-12,,1.0,2015,8,ete_ouvrieres,47.321,-2.366,5000.0,faible_5km,44069,Guérande,44,"Vespa velutina nigrithorax Buysson, 1905",SUBSPECIES,HUMAN_OBSERVATION,CardObs (INPN),4145cd45-8a92-426d-be8b-bfbbf5209032,CC_BY_NC_4_0,True,True,1,1,2613610956,False,False,,gbif_20260923T091718Z/page_year-2015_offset-000000.json,2026-09-23T09:18:20Z
bb9f827d7e1e2dd1,2473186698,2015-08-12,,1.0,2015,8,ete_ouvrieres,47.556,-1.723,20.0,precise_100m,44214,Vay,44,"Vespa velutina nigrithorax Buysson, 1905",SUBSPECIES,HUMAN_OBSERVATION,Inventaire national Frelon (MNHN),9fd6c3da-88f7-4df7-9a3f-3f3f9c703998,CC_BY_4_0,True,False,1,1,2473186698,False,False,,gbif_20260923T091718Z/page_year-2015_offset-000000.json,2026-09-23T09:18:20Z
f317030dba7f09ea,2473237280,2015-08-12,,1.0,2015,8,ete_ouvrieres,47.284,-2.391,20.0,precise_100m,44055,La Baule-Escoublac,44,"Vespa velutina nigrithorax Buysson, 1905",SUBSPECIES,HUMAN_OBSERVATION,Inventaire national Frelon (MNHN),9fd6c3da-88f7-4df7-9a3f-3f3f9c703998,CC_BY_4_0,True,False,1,1,2473237280,False,False,,gbif_20260923T091718Z/page_year-2015_offset-000000.json,2026-09-23T09:18:20Z
1dec967f92a8f261,2473206150,2015-08-13,,1.0,2015,8,ete_ouvrieres,47.281,-2.377,20.0,precise_100m,44055,La Baule-Escoublac,44,"Vespa velutina nigrithorax Buysson, 1905",SUBSPECIES,HUMAN_OBSERVATION,Inventaire national Frelon (MNHN),9fd6c3da-88f7-4df7-9a3f-3f3f9c703998,CC_BY_4_0,True,False,1,1,2473206150,False,False,,gbif_20260923T091718Z/page_year-2015_offset-000000.json,2026-09-23T09:18:20Z
3a40892ac760efba,2613606078,2015-08-13,,1.0,2015,8,ete_ouvrieres,47.321,-2.366,5000.0,faible_5km,44069,Guérande,44,"Vespa velutina nigrithorax Buysson, 1905",SUBSPECIES,HUMAN_OBSERVATION,CardObs (INPN),4145cd45-8a92-426d-be8b-bfbbf5209032,CC_BY_NC_4_0,True,True,3,1,2613606078;2613606261;2613615338,False,False,,gbif_20260923T091718Z/page_year-2015_offset-000000.json,2026-09-23T09:18:20Z
74151865efc5d935,2473200772,2015-08-13,,1.0,2015,8,ete_ouvrieres,47.282,-2.385,20.0,precise_100m,44055,La Baule-Escoublac,44,"Vespa velutina nigrithorax Buysson, 1905",SUBSPECIES,HUMAN_OBSERVATION,Inventaire national Frelon (MNHN),9fd6c3da-88f7-4df7-9a3f-3f3f9c703998,CC_BY_4_0,True,False,1,1,2473200772,False,False,,gbif_20260923T091718Z/page_year-2015_offset-000000.json,2026-09-23T09:18:20Z
a624b34298096e9e,2473206151,2015-08-13,,1.0,2015,8,ete_ouvrieres,47.282,-2.342,20.0,precise_100m,44055,La Baule-Escoublac,44,"Vespa velutina nigrithorax Buysson, 1905",SUBSPECIES,HUMAN_OBSERVATION,Inventaire national Frelon (MNHN),9fd6c3da-88f7-4df7-9a3f-3f3f9c703998,CC_BY_4_0,True,False,1,1,2473206151,False,False,,gbif_20260923T091718Z/page_year-2015_offset-000000.json,2026-09-23T09:18:20Z
24bb517a830db89c,2613614988,2015-08-16,,1.0,2015,8,ete_ouvrieres,47.5,0.143,5000.0,faible_5km,49228,Noyant-Villages,49,"Vespa velutina nigrithorax Buysson, 1905",SUBSPECIES,HUMAN_OBSERVATION,CardObs (INPN),4145cd45-8a92-426d-be8b-bfbbf5209032,CC_BY_NC_4_0,True,True,1,1,2613614988,False,False,,gbif_20260923T091718Z/page_year-2015_offset-000000.json,2026-09-23T09:18:20Z
cf92378f169a16f7,2473218284,2015-08-16,,1.0,2015,8,ete_ouvrieres,47.511,0.193,3000.0,faible_5km,49228,Noyant-Villages,49,"Vespa velutina nigrithorax Buysson, 1905",SUBSPECIES,HUMAN_OBSERVATION,Inventaire national Frelon (MNHN),9fd6c3da-88f7-4df7-9a3f-3f3f9c703998,CC_BY_4_0,True,False,1,1,2473218284,False,False,,gbif_20260923T091718Z/page_year-2015_offset-000000.json,2026-09-23T09:18:20Z
22940a4cc32ae50a,2473203131,2015-08-17,,1.0,2015,8,ete_ouvrieres,47.281,-2.352,20.0,precise_100m,44055,La Baule-Escoublac,44,"Vespa velutina nigrithorax Buysson, 1905",SUBSPECIES,HUMAN_OBSERVATION,Inventaire national Frelon (MNHN),9fd6c3da-88f7-4df7-9a3f-3f3f9c703998,CC_BY_4_0,True,False,1,1,2473203131,False,False,,gbif_20260923T091718Z/page_year-2015_offset-000000.json,2026-09-23T09:18:20Z
3645f98db8edbf2a,2613609406,2015-08-17,,1.0,2015,8,ete_ouvrieres,47.321,-2.366,5000.0,faible_5km,44069,Guérande,44,"Vespa velutina nigrithorax Buysson, 1905",SUBSPECIES,HUMAN_OBSERVATION,CardObs (INPN),4145cd45-8a92-426d-be8b-bfbbf5209032,CC_BY_NC_4_0,True,True,2,1,2613609406;2613611689,False,False,,gbif_20260923T091718Z/page_year-2015_offset-000000.json,2026-09-23T09:18:20Z
f11f5b4dc8963579,2473237281,2015-08-17,,1.0,2015,8,ete_ouvrieres,47.28,-2.424,20.0,precise_100m,44055,La Baule-Escoublac,44,"Vespa velutina nigrithorax Buysson, 1905",SUBSPECIES,HUMAN_OBSERVATION,Inventaire national Frelon (MNHN),9fd6c3da-88f7-4df7-9a3f-3f3f9c703998,CC_BY_4_0,True,False,1,1,2473237281,False,False,,gbif_20260923T091718Z/page_year-2015_offset-000000.json,2026-09-23T09:18:20Z
13b1b60547d07994,2473236175,2015-08-18,,1.0,2015,8,ete_ouvrieres,47.292,-2.364,20.0,precise_100m,44055,La Baule-Escoublac,44,"Vespa velutina nigrithorax Buysson, 1905",SUBSPECIES,HUMAN_OBSERVATION,Inventaire national Frelon (MNHN),9fd6c3da-88f7-4df7-9a3f-3f3f9c703998,CC_BY_4_0,True,False,1,1,2473236175,False,False,,gbif_20260923T091718Z/page_year-2015_offset-000000.json,2026-09-23T09:18:20Z
a53bec53e888b8bf,2473233157,2015-08-18,,1.0,2015,8,ete_ouvrieres,47.301,-2.377,20.0,precise_100m,44055,La Baule-Escoublac,44,"Vespa velutina nigrithorax Buysson, 1905",SUBSPECIES,HUMAN_OBSERVATION,Inventaire national Frelon (MNHN),9fd6c3da-88f7-4df7-9a3f-3f3f9c703998,CC_BY_4_0,True,False,1,1,2473233157,False,False,,gbif_20260923T091718Z/page_year-2015_offset-000000.json,2026-09-23T09:18:20Z
ffab836a16216b3d,2613607742,2015-08-18,,1.0,2015,8,ete_ouvrieres,47.321,-2.366,5000.0,faible_5km,44069,Guérande,44,"Vespa velutina nigrithorax Buysson, 1905",SUBSPECIES,HUMAN_OBSERVATION,CardObs (INPN),4145cd45-8a92-426d-be8b-bfbbf5209032,CC_BY_NC_4_0,True,True,2,1,2613607742;2613612305,False,False,,gbif_20260923T091718Z/page_year-2015_offset-000000.json,2026-09-23T09:18:20Z
38d4f249a4dba783,2473238991,2015-08-21,,1.0,2015,8,ete_ouvrieres,47.303,-2.379,20.0,precise_100m,44055,La Baule-Escoublac,44,"Vespa velutina nigrithorax Buysson, 1905",SUBSPECIES,HUMAN_OBSERVATION,Inventaire national Frelon (MNHN),9fd6c3da-88f7-4df7-9a3f-3f3f9c703998,CC_BY_4_0,True,False,1,1,2473238991,False,False,,gbif_20260923T091718Z/page_year-2015_offset-000000.json,2026-09-23T09:18:20Z
3b0c5dab990398df,2613607303,2015-08-21,,1.0,2015,8,ete_ouvrieres,47.321,-2.366,5000.0,faible_5km,44069,Guérande,44,"Vespa velutina nigrithorax Buysson, 1905",SUBSPECIES,HUMAN_OBSERVATION,CardObs (INPN),4145cd45-8a92-426d-be8b-bfbbf5209032,CC_BY_NC_4_0,True,True,2,1,2613607303;2613615316,False,False,,gbif_20260923T091718Z/page_year-2015_offset-000000.json,2026-09-23T09:18:20Z
61e520ea5f04adfd,2473234731,2015-08-21,,1.0,2015,8,ete_ouvrieres,47.296,-2.337,20.0,precise_100m,44055,La Baule-Escoublac,44,"Vespa velutina nigrithorax Buysson, 1905",SUBSPECIES,HUMAN_OBSERVATION,Inventaire national Frelon (MNHN),9fd6c3da-88f7-4df7-9a3f-3f3f9c703998,CC_BY_4_0,True,False,1,1,2473234731,False,False,,gbif_20260923T091718Z/page_year-2015_offset-000000.json,2026-09-23T09:18:20Z
480aa0ff632c173e,2473237291,2015-08-24,,1.0,2015,8,ete_ouvrieres,47.295,-2.361,20.0,precise_100m,44055,La Baule-Escoublac,44,"Vespa velutina nigrithorax Buysson, 1905",SUBSPECIES,HUMAN_OBSERVATION,Inventaire national Frelon (MNHN),9fd6c3da-88f7-4df7-9a3f-3f3f9c703998,CC_BY_4_0,True,False,1,1,2473237291,False,False,,gbif_20260923T091718Z/page_year-2015_offset-000000.json,2026-09-23T09:18:20Z
530b13a2453bfc97,2613610771,2015-08-24,,1.0,2015,8,ete_ouvrieres,46.884,-2.059,5000.0,faible_5km,85018,Beauvoir-sur-Mer,85,"Vespa velutina nigrithorax Buysson, 1905",SUBSPECIES,HUMAN_OBSERVATION,CardObs (INPN),4145cd45-8a92-426d-be8b-bfbbf5209032,CC_BY_NC_4_0,True,True,1,1,2613610771,False,False,,gbif_20260923T091718Z/page_year-2015_offset-000000.json,2026-09-23T09:18:20Z
e310bb4b074404ae,2613607627,2015-08-24,,1.0,2015,8,ete_ouvrieres,47.321,-2.366,5000.0,faible_5km,44069,Guérande,44,"Vespa velutina nigrithorax Buysson, 1905",SUBSPECIES,HUMAN_OBSERVATION,CardObs (INPN),4145cd45-8a92-426d-be8b-bfbbf5209032,CC_BY_NC_4_0,True,True,1,1,2613607627,False,False,,gbif_20260923T091718Z/page_year-2015_offset-000000.json,2026-09-23T09:18:20Z
fc3747494cf9e47c,2473237205,2015-08-24,,1.0,2015,8,ete_ouvrieres,46.904,-2.009,20.0,precise_100m,85221,Saint-Gervais,85,"Vespa velutina nigrithorax Buysson, 1905",SUBSPECIES,HUMAN_OBSERVATION,Inventaire national Frelon (MNHN),9fd6c3da-88f7-4df7-9a3f-3f3f9c703998,CC_BY_4_0,True,False,1,1,2473237205,False,False,,gbif_20260923T091718Z/page_year-2015_offset-000000.json,2026-09-23T09:18:20Z
67a73f9f3934d68e,2613608894,2015-08-25,,1.0,2015,8,ete_ouvrieres,47.321,-2.366,5000.0,faible_5km,44069,Guérande,44,"Vespa velutina nigrithorax Buysson, 1905",SUBSPECIES,HUMAN_OBSERVATION,CardObs (INPN),4145cd45-8a92-426d-be8b-bfbbf5209032,CC_BY_NC_4_0,True,True,1,1,2613608894,False,False,,gbif_20260923T091718Z/page_year-2015_offset-000000.json,2026-09-23T09:18:20Z
7e8b6a8d94837d9f,2473206161,2015-08-25,,1.0,2015,8,ete_ouvrieres,47.301,-2.38,20.0,precise_100m,44055,La Baule-Escoublac,44,"Vespa velutina nigrithorax Buysson, 1905",SUBSPECIES,HUMAN_OBSERVATION,Inventaire national Frelon (MNHN),9fd6c3da-88f7-4df7-9a3f-3f3f9c703998,CC_BY_4_0,True,False,1,1,2473206161,False,False,,gbif_20260923T091718Z/page_year-2015_offset-000000.json,2026-09-23T09:18:20Z
491009e9185fe0ee,2473238959,2015-08-27,,1.0,2015,8,ete_ouvrieres,47.672,-0.241,20.0,precise_100m,49127,Durtal,49,"Vespa velutina nigrithorax Buysson, 1905",SUBSPECIES,HUMAN_OBSERVATION,Inventaire national Frelon (MNHN),9fd6c3da-88f7-4df7-9a3f-3f3f9c703998,CC_BY_4_0,True,False,1,1,2473238959,False,True,,gbif_20260923T091718Z/page_year-2015_offset-000000.json,2026-09-23T09:18:20Z
cf6538a29d8e24ef,2613613708,2015-08-27,,1.0,2015,8,ete_ouvrieres,47.67,-0.266,5000.0,faible_5km,49127,Durtal,49,"Vespa velutina nigrithorax Buysson, 1905",SUBSPECIES,HUMAN_OBSERVATION,CardObs (INPN),4145cd45-8a92-426d-be8b-bfbbf5209032,CC_BY_NC_4_0,True,True,1,1,2613613708,False,False,,gbif_20260923T091718Z/page_year-2015_offset-000000.json,2026-09-23T09:18:20Z
000a976b0901321f,2613609642,2015-08-29,,1.0,2015,8,ete_ouvrieres,47.715,-1.604,5000.0,faible_5km,44197,Sion-les-Mines,44,"Vespa velutina nigrithorax Buysson, 1905",SUBSPECIES,HUMAN_OBSERVATION,CardObs (INPN),4145cd45-8a92-426d-be8b-bfbbf5209032,CC_BY_NC_4_0,True,True,1,1,2613609642,False,True,,gbif_20260923T091718Z/page_year-2015_offset-000000.json,2026-09-23T09:18:20Z
c502ed283e74e7db,2613604459,2015-09-01,,1.0,2015,9,automne_reproduction,47.266,-1.565,5000.0,faible_5km,44109,Nantes,44,"Vespa velutina nigrithorax Buysson, 1905",SUBSPECIES,HUMAN_OBSERVATION,CardObs (INPN),4145cd45-8a92-426d-be8b-bfbbf5209032,CC_BY_NC_4_0,True,True,1,1,2613604459,False,False,,gbif_20260923T091718Z/page_year-2015_offset-000000.json,2026-09-23T09:18:20Z
eb7738eef3557f75,2473237252,2015-09-01,,1.0,2015,9,automne_reproduction,47.249,-1.535,20.0,precise_100m,44109,Nantes,44,"Vespa velutina nigrithorax Buysson, 1905",SUBSPECIES,HUMAN_OBSERVATION,Inventaire national Frelon (MNHN),9fd6c3da-88f7-4df7-9a3f-3f3f9c703998,CC_BY_4_0,True,False,1,1,2473237252,False,False,,gbif_20260923T091718Z/page_year-2015_offset-000000.json,2026-09-23T09:18:20Z
650eed212d899515,2473203555,2015-09-02,,1.0,2015,9,automne_reproduction,47.695,0.28,3000.0,faible_5km,72013,Aubigné-Racan,72,"Vespa velutina nigrithorax Buysson, 1905",SUBSPECIES,HUMAN_OBSERVATION,Inventaire national Frelon (MNHN),9fd6c3da-88f7-4df7-9a3f-3f3f9c703998,CC_BY_4_0,True,False,1,1,2473203555,False,True,,gbif_20260923T091718Z/page_year-2015_offset-000000.json,2026-09-23T09:18:20Z
b8041082d0e9a812,2475603406,2015-09-05,,1.0,2015,9,automne_reproduction,47.684,0.251,4667.0,faible_5km,72013,Aubigné-Racan,72,"Vespa velutina Lepeletier, 1836",SPECIES,HUMAN_OBSERVATION,Autre inventaire,54facf62-bf0c-43e7-9972-4fdc407fa6c5,CC_BY_4_0,True,False,1,1,2475603406,False,False,,gbif_20260923T091718Z/page_year-2015_offset-000000.json,2026-09-23T09:18:20Z
05cd50b134afafb7,2473234726,2015-09-07,,1.0,2015,9,automne_reproduction,47.298,-2.341,20.0,precise_100m,44055,La Baule-Escoublac,44,"Vespa velutina nigrithorax Buysson, 1905",SUBSPECIES,HUMAN_OBSERVATION,Inventaire national Frelon (MNHN),9fd6c3da-88f7-4df7-9a3f-3f3f9c703998,CC_BY_4_0,True,False,1,1,2473234726,False,False,,gbif_20260923T091718Z/page_year-2015_offset-000000.json,2026-09-23T09:18:20Z
0bea1e5b9c5ac0a0,2473204038,2015-09-07,,1.0,2015,9,automne_reproduction,46.495,-1.424,20.0,precise_100m,85156,Moutiers-les-Mauxfaits,85,"Vespa velutina nigrithorax Buysson, 1905",SUBSPECIES,HUMAN_OBSERVATION,Inventaire national Frelon (MNHN),9fd6c3da-88f7-4df7-9a3f-3f3f9c703998,CC_BY_4_0,True,False,1,1,2473204038,False,True,,gbif_20260923T091718Z/page_year-2015_offset-000000.json,2026-09-23T09:18:20Z
3d6f3c9a118fa602,2613606634,2015-09-07,,1.0,2015,9,automne_reproduction,46.462,-1.367,5000.0,faible_5km,85277,Saint-Vincent-sur-Graon,85,"Vespa velutina nigrithorax Buysson, 1905",SUBSPECIES,HUMAN_OBSERVATION,CardObs (INPN),4145cd45-8a92-426d-be8b-bfbbf5209032,CC_BY_NC_4_0,True,True,1,1,2613606634,False,True,,gbif_20260923T091718Z/page_year-2015_offset-000000.json,2026-09-23T09:18:20Z
b63d16a301956dc3,2613608002,2015-09-07,,1.0,2015,9,automne_reproduction,47.321,-2.366,5000.0,faible_5km,44069,Guérande,44,"Vespa velutina nigrithorax Buysson, 1905",SUBSPECIES,HUMAN_OBSERVATION,CardObs (INPN),4145cd45-8a92-426d-be8b-bfbbf5209032,CC_BY_NC_4_0,True,True,2,1,2613608002;2613610852,False,False,,gbif_20260923T091718Z/page_year-2015_offset-000000.json,2026-09-23T09:18:20Z
d0d2996b519a0a0c,2473203129,2015-09-07,,1.0,2015,9,automne_reproduction,47.277,-2.347,20.0,precise_100m,44055,La Baule-Escoublac,44,"Vespa velutina nigrithorax Buysson, 1905",SUBSPECIES,HUMAN_OBSERVATION,Inventaire national Frelon (MNHN),9fd6c3da-88f7-4df7-9a3f-3f3f9c703998,CC_BY_4_0,True,False,1,1,2473203129,False,False,,gbif_20260923T091718Z/page_year-2015_offset-000000.json,2026-09-23T09:18:20Z
fca2f24e0b45ddc8,2473204121,2015-09-17,,1.0,2015,9,automne_reproduction,47.276,-2.352,20.0,precise_100m,44055,La Baule-Escoublac,44,"Vespa velutina nigrithorax Buysson, 1905",SUBSPECIES,HUMAN_OBSERVATION,Inventaire national Frelon (MNHN),9fd6c3da-88f7-4df7-9a3f-3f3f9c703998,CC_BY_4_0,True,False,1,1,2473204121,False,False,,gbif_20260923T091718Z/page_year-2015_offset-000000.json,2026-09-23T09:18:20Z
17a6ce20142f1ed8,2613613128,2015-09-22,,1.0,2015,9,automne_reproduction,47.321,-2.366,5000.0,faible_5km,44069,Guérande,44,"Vespa velutina nigrithorax Buysson, 1905",SUBSPECIES,HUMAN_OBSERVATION,CardObs (INPN),4145cd45-8a92-426d-be8b-bfbbf5209032,CC_BY_NC_4_0,True,True,1,1,2613613128,False,False,,gbif_20260923T091718Z/page_year-2015_offset-000000.json,2026-09-23T09:18:20Z
951dc681828db0fd,2473203138,2015-09-22,,1.0,2015,9,automne_reproduction,47.283,-2.393,20.0,precise_100m,44055,La Baule-Escoublac,44,"Vespa velutina nigrithorax Buysson, 1905",SUBSPECIES,HUMAN_OBSERVATION,Inventaire national Frelon (MNHN),9fd6c3da-88f7-4df7-9a3f-3f3f9c703998,CC_BY_4_0,True,False,1,1,2473203138,False,False,,gbif_20260923T091718Z/page_year-2015_offset-000000.json,2026-09-23T09:18:20Z
3c97390d8e3f405c,2473206160,2015-09-24,,1.0,2015,9,automne_reproduction,47.295,-2.372,20.0,precise_100m,44055,La Baule-Escoublac,44,"Vespa velutina nigrithorax Buysson, 1905",SUBSPECIES,HUMAN_OBSERVATION,Inventaire national Frelon (MNHN),9fd6c3da-88f7-4df7-9a3f-3f3f9c703998,CC_BY_4_0,True,False,1,1,2473206160,False,False,,gbif_20260923T091718Z/page_year-2015_offset-000000.json,2026-09-23T09:18:20Z
441735c20229469b,2613610881,2015-09-24,,1.0,2015,9,automne_reproduction,47.321,-2.366,5000.0,faible_5km,44069,Guérande,44,"Vespa velutina nigrithorax Buysson, 1905",SUBSPECIES,HUMAN_OBSERVATION,CardObs (INPN),4145cd45-8a92-426d-be8b-bfbbf5209032,CC_BY_NC_4_0,True,True,3,1,2613610881;2613611579;2613613975,False,False,,gbif_20260923T091718Z/page_year-2015_offset-000000.json,2026-09-23T09:18:20Z
4c95190da12f05b1,2473236176,2015-09-24,,1.0,2015,9,automne_reproduction,47.29,-2.401,20.0,precise_100m,44055,La Baule-Escoublac,44,"Vespa velutina nigrithorax Buysson, 1905",SUBSPECIES,HUMAN_OBSERVATION,Inventaire national Frelon (MNHN),9fd6c3da-88f7-4df7-9a3f-3f3f9c703998,CC_BY_4_0,True,False,1,1,2473236176,False,False,,gbif_20260923T091718Z/page_year-2015_offset-000000.json,2026-09-23T09:18:20Z
c5539e5bb0b7a84e,2473200781,2015-09-24,,1.0,2015,9,automne_reproduction,47.295,-2.342,20.0,precise_100m,44055,La Baule-Escoublac,44,"Vespa velutina nigrithorax Buysson, 1905",SUBSPECIES,HUMAN_OBSERVATION,Inventaire national Frelon (MNHN),9fd6c3da-88f7-4df7-9a3f-3f3f9c703998,CC_BY_4_0,True,False,1,1,2473200781,False,False,,gbif_20260923T091718Z/page_year-2015_offset-000000.json,2026-09-23T09:18:20Z
76ae6c6ef696db3e,2473221061,2015-09-28,,1.0,2015,9,automne_reproduction,46.834,-1.632,20.0,precise_100m,85102,Grand'Landes,85,"Vespa velutina nigrithorax Buysson, 1905",SUBSPECIES,HUMAN_OBSERVATION,Inventaire national Frelon (MNHN),9fd6c3da-88f7-4df7-9a3f-3f3f9c703998,CC_BY_4_0,True,False,1,1,2473221061,False,True,,gbif_20260923T091718Z/page_year-2015_offset-000000.json,2026-09-23T09:18:20Z
de94581e735c60a8,2613613944,2015-09-28,,1.0,2015,9,automne_reproduction,46.811,-1.658,5000.0,faible_5km,85260,Saint-Paul-Mont-Penit,85,"Vespa velutina nigrithorax Buysson, 1905",SUBSPECIES,HUMAN_OBSERVATION,CardObs (INPN),4145cd45-8a92-426d-be8b-bfbbf5209032,CC_BY_NC_4_0,True,True,1,1,2613613944,False,False,,gbif_20260923T091718Z/page_year-2015_offset-000000.json,2026-09-23T09:18:20Z
1cc6d17080228944,2613606351,2015-09-29,,1.0,2015,9,automne_reproduction,47.321,-2.366,5000.0,faible_5km,44069,Guérande,44,"Vespa velutina nigrithorax Buysson, 1905",SUBSPECIES,HUMAN_OBSERVATION,CardObs (INPN),4145cd45-8a92-426d-be8b-bfbbf5209032,CC_BY_NC_4_0,True,True,3,1,2613606351;2613607785;2613613902,False,False,,gbif_20260923T091718Z/page_year-2015_offset-000000.json,2026-09-23T09:18:20Z
2bb03d87f82716e3,2473203139,2015-09-29,,1.0,2015,9,automne_reproduction,47.292,-2.371,20.0,precise_100m,44055,La Baule-Escoublac,44,"Vespa velutina nigrithorax Buysson, 1905",SUBSPECIES,HUMAN_OBSERVATION,Inventaire national Frelon (MNHN),9fd6c3da-88f7-4df7-9a3f-3f3f9c703998,CC_BY_4_0,True,False,1,1,2473203139,False,False,,gbif_20260923T091718Z/page_year-2015_offset-000000.json,2026-09-23T09:18:20Z
640303811e09c5dc,2473234733,2015-09-29,,1.0,2015,9,automne_reproduction,47.29,-2.393,20.0,precise_100m,44055,La Baule-Escoublac,44,"Vespa velutina nigrithorax Buysson, 1905",SUBSPECIES,HUMAN_OBSERVATION,Inventaire national Frelon (MNHN),9fd6c3da-88f7-4df7-9a3f-3f3f9c703998,CC_BY_4_0,True,False,1,1,2473234733,False,False,,gbif_20260923T091718Z/page_year-2015_offset-000000.json,2026-09-23T09:18:20Z
f2e4857a38897b27,3847333748,2015-09-29,,1.0,2015,9,automne_reproduction,47.42,-0.552,1.0,precise_100m,49278,Sainte-Gemmes-sur-Loire,49,"Vespa velutina Lepeletier, 1836",SPECIES,HUMAN_OBSERVATION,Autre inventaire,403cea9f-80d5-48f4-ae41-97cc9a157a62,CC_BY_4_0,True,False,1,1,3847333748,False,True,,gbif_20260923T091718Z/page_year-2015_offset-000000.json,2026-09-23T09:18:20Z
fd9374a74df57da1,2473204130,2015-09-29,,1.0,2015,9,automne_reproduction,47.297,-2.36,20.0,precise_100m,44055,La Baule-Escoublac,44,"Vespa velutina nigrithorax Buysson, 1905",SUBSPECIES,HUMAN_OBSERVATION,Inventaire national Frelon (MNHN),9fd6c3da-88f7-4df7-9a3f-3f3f9c703998,CC_BY_4_0,True,False,1,1,2473204130,False,False,,gbif_20260923T091718Z/page_year-2015_offset-000000.json,2026-09-23T09:18:20Z
3ce2755be13b617f,3847362494,2015-09-30,,1.0,2015,9,automne_reproduction,47.38,-0.659,1.0,precise_100m,49329,Savennières,49,"Vespa velutina Lepeletier, 1836",SPECIES,HUMAN_OBSERVATION,Autre inventaire,403cea9f-80d5-48f4-ae41-97cc9a157a62,CC_BY_4_0,True,False,1,1,3847362494,False,True,,gbif_20260923T091718Z/page_year-2015_offset-000000.json,2026-09-23T09:18:20Z
c847a41390ebc70c,3847448316,2015-09-30,,1.0,2015,9,automne_reproduction,47.359,-0.713,1.0,precise_100m,49259,Rochefort-sur-Loire,49,"Vespa velutina Lepeletier, 1836",SPECIES,HUMAN_OBSERVATION,Autre inventaire,403cea9f-80d5-48f4-ae41-97cc9a157a62,CC_BY_4_0,True,False,1,1,3847448316,False,True,,gbif_20260923T091718Z/page_year-2015_offset-000000.json,2026-09-23T09:18:20Z
32b12c3549bf359e,2473186699,2015-10-01,,1.0,2015,10,automne_reproduction,47.171,-1.536,20.0,precise_100m,44143,Rezé,44,"Vespa velutina nigrithorax Buysson, 1905",SUBSPECIES,HUMAN_OBSERVATION,Inventaire national Frelon (MNHN),9fd6c3da-88f7-4df7-9a3f-3f3f9c703998,CC_BY_4_0,True,False,1,1,2473186699,False,False,,gbif_20260923T091718Z/page_year-2015_offset-000000.json,2026-09-23T09:18:20Z
88a8eb9f54ad65e9,2613608687,2015-10-01,,1.0,2015,10,automne_reproduction,47.176,-1.558,5000.0,faible_5km,44143,Rezé,44,"Vespa velutina nigrithorax Buysson, 1905",SUBSPECIES,HUMAN_OBSERVATION,CardObs (INPN),4145cd45-8a92-426d-be8b-bfbbf5209032,CC_BY_NC_4_0,True,True,1,1,2613608687,False,False,,gbif_20260923T091718Z/page_year-2015_offset-000000.json,2026-09-23T09:18:20Z
18032edf15e3dec7,2613603583,2015-10-02,,1.0,2015,10,automne_reproduction,46.71,-1.912,5000.0,faible_5km,85088,Le Fenouiller,85,"Vespa velutina nigrithorax Buysson, 1905",SUBSPECIES,HUMAN_OBSERVATION,CardObs (INPN),4145cd45-8a92-426d-be8b-bfbbf5209032,CC_BY_NC_4_0,True,True,2,1,2613603583;2613609084,False,False,,gbif_20260923T091718Z/page_year-2015_offset-000000.json,2026-09-23T09:18:20Z
5ae5ab79cc5b628b,2473223663,2015-10-02,,1.0,2015,10,automne_reproduction,46.696,-1.954,20.0,precise_100m,85222,Saint-Gilles-Croix-de-Vie,85,"Vespa velutina nigrithorax Buysson, 1905",SUBSPECIES,HUMAN_OBSERVATION,Inventaire national Frelon (MNHN),9fd6c3da-88f7-4df7-9a3f-3f3f9c703998,CC_BY_4_0,True,False,1,1,2473223663,False,False,,gbif_20260923T091718Z/page_year-2015_offset-000000.json,2026-09-23T09:18:20Z
cfc6d57810c2cc58,2473182892,2015-10-02,,1.0,2015,10,automne_reproduction,46.672,-1.88,20.0,precise_100m,85100,Givrand,85,"Vespa velutina nigrithorax Buysson, 1905",SUBSPECIES,HUMAN_OBSERVATION,Inventaire national Frelon (MNHN),9fd6c3da-88f7-4df7-9a3f-3f3f9c703998,CC_BY_4_0,True,False,1,1,2473182892,False,True,,gbif_20260923T091718Z/page_year-2015_offset-000000.json,2026-09-23T09:18:20Z
69dca02532750cbe,2473186834,2015-10-03,,1.0,2015,10,automne_reproduction,46.716,-1.76,20.0,precise_100m,85070,Coëx,85,"Vespa velutina nigrithorax Buysson, 1905",SUBSPECIES,HUMAN_OBSERVATION,Inventaire national Frelon (MNHN),9fd6c3da-88f7-4df7-9a3f-3f3f9c703998,CC_BY_4_0,True,False,1,1,2473186834,False,False,,gbif_20260923T091718Z/page_year-2015_offset-000000.json,2026-09-23T09:18:20Z
eab4639f30f73199,2613612583,2015-10-03,,1.0,2015,10,automne_reproduction,46.716,-1.781,5000.0,faible_5km,85070,Coëx,85,"Vespa velutina nigrithorax Buysson, 1905",SUBSPECIES,HUMAN_OBSERVATION,CardObs (INPN),4145cd45-8a92-426d-be8b-bfbbf5209032,CC_BY_NC_4_0,True,True,1,1,2613612583,False,False,,gbif_20260923T091718Z/page_year-2015_offset-000000.json,2026-09-23T09:18:20Z
1a7d367173d6c346,2613614345,2015-10-04,,1.0,2015,10,automne_reproduction,48.043,0.248,5000.0,faible_5km,72328,Sargé-lès-le-Mans,72,"Vespa velutina nigrithorax Buysson, 1905",SUBSPECIES,HUMAN_OBSERVATION,CardObs (INPN),4145cd45-8a92-426d-be8b-bfbbf5209032,CC_BY_NC_4_0,True,True,1,1,2613614345,False,False,,gbif_20260923T091718Z/page_year-2015_offset-000000.json,2026-09-23T09:18:20Z
3d51ebfcd2b34874,2473204158,2015-10-04,,1.0,2015,10,automne_reproduction,48.013,0.19,3000.0,faible_5km,72181,Le Mans,72,"Vespa velutina nigrithorax Buysson, 1905",SUBSPECIES,HUMAN_OBSERVATION,Inventaire national Frelon (MNHN),9fd6c3da-88f7-4df7-9a3f-3f3f9c703998,CC_BY_4_0,True,False,1,1,2473204158,False,False,,gbif_20260923T091718Z/page_year-2015_offset-000000.json,2026-09-23T09:18:20Z
3b85a2342cde3f65,2473204119,2015-10-07,,1.0,2015,10,automne_reproduction,47.276,-2.424,20.0,precise_100m,44055,La Baule-Escoublac,44,"Vespa velutina nigrithorax Buysson, 1905",SUBSPECIES,HUMAN_OBSERVATION,Inventaire national Frelon (MNHN),9fd6c3da-88f7-4df7-9a3f-3f3f9c703998,CC_BY_4_0,True,False,1,1,2473204119,False,False,,gbif_20260923T091718Z/page_year-2015_offset-000000.json,2026-09-23T09:18:20Z
a6371842ee392d0c,2613608074,2015-10-07,,1.0,2015,10,automne_reproduction,47.321,-2.366,5000.0,faible_5km,44069,Guérande,44,"Vespa velutina nigrithorax Buysson, 1905",SUBSPECIES,HUMAN_OBSERVATION,CardObs (INPN),4145cd45-8a92-426d-be8b-bfbbf5209032,CC_BY_NC_4_0,True,True,1,1,2613608074,False,False,,gbif_20260923T091718Z/page_year-2015_offset-000000.json,2026-09-23T09:18:20Z
5076f7811b7d9058,2473183758,2015-10-12,,1.0,2015,10,automne_reproduction,47.605,-0.213,20.0,precise_100m,49018,Baugé-en-Anjou,49,"Vespa velutina nigrithorax Buysson, 1905",SUBSPECIES,HUMAN_OBSERVATION,Inventaire national Frelon (MNHN),9fd6c3da-88f7-4df7-9a3f-3f3f9c703998,CC_BY_4_0,True,False,1,1,2473183758,False,True,,gbif_20260923T091718Z/page_year-2015_offset-000000.json,2026-09-23T09:18:20Z
65630245cb0a7131,2473237210,2015-10-12,,1.0,2015,10,automne_reproduction,46.421,-1.601,20.0,precise_100m,85114,Jard-sur-Mer,85,"Vespa velutina nigrithorax Buysson, 1905",SUBSPECIES,HUMAN_OBSERVATION,Inventaire national Frelon (MNHN),9fd6c3da-88f7-4df7-9a3f-3f3f9c703998,CC_BY_4_0,True,False,1,1,2473237210,False,True,,gbif_20260923T091718Z/page_year-2015_offset-000000.json,2026-09-23T09:18:20Z
c5a728afab5ed0ec,2613607058,2015-10-12,,1.0,2015,10,automne_reproduction,46.451,-1.628,5000.0,faible_5km,85288,Talmont-Saint-Hilaire,85,"Vespa velutina nigrithorax Buysson, 1905",SUBSPECIES,HUMAN_OBSERVATION,CardObs (INPN),4145cd45-8a92-426d-be8b-bfbbf5209032,CC_BY_NC_4_0,True,True,1,1,2613607058,False,False,,gbif_20260923T091718Z/page_year-2015_offset-000000.json,2026-09-23T09:18:20Z
d111762f000f3899,2613605407,2015-10-12,,1.0,2015,10,automne_reproduction,47.58,-0.26,5000.0,faible_5km,49163,Jarzé Villages,49,"Vespa velutina nigrithorax Buysson, 1905",SUBSPECIES,HUMAN_OBSERVATION,CardObs (INPN),4145cd45-8a92-426d-be8b-bfbbf5209032,CC_BY_NC_4_0,True,True,1,1,2613605407,False,True,,gbif_20260923T091718Z/page_year-2015_offset-000000.json,2026-09-23T09:18:20Z
83fb3b98c3f6db2b,2473200773,2015-10-15,,1.0,2015,10,automne_reproduction,47.273,-2.349,20.0,precise_100m,44055,La Baule-Escoublac,44,"Vespa velutina nigrithorax Buysson, 1905",SUBSPECIES,HUMAN_OBSERVATION,Inventaire national Frelon (MNHN),9fd6c3da-88f7-4df7-9a3f-3f3f9c703998,CC_BY_4_0,True,False,1,1,2473200773,False,False,,gbif_20260923T091718Z/page_year-2015_offset-000000.json,2026-09-23T09:18:20Z
1b884b771e8e5dc2,2473236169,2015-10-16,,1.0,2015,10,automne_reproduction,47.29,-2.357,20.0,precise_100m,44055,La Baule-Escoublac,44,"Vespa velutina nigrithorax Buysson, 1905",SUBSPECIES,HUMAN_OBSERVATION,Inventaire national Frelon (MNHN),9fd6c3da-88f7-4df7-9a3f-3f3f9c703998,CC_BY_4_0,True,False,1,1,2473236169,False,False,,gbif_20260923T091718Z/page_year-2015_offset-000000.json,2026-09-23T09:18:20Z
92f682c8f164e8a7,2473205072,2015-10-16,,1.0,2015,10,automne_reproduction,47.291,-2.369,20.0,precise_100m,44055,La Baule-Escoublac,44,"Vespa velutina nigrithorax Buysson, 1905",SUBSPECIES,HUMAN_OBSERVATION,Inventaire national Frelon (MNHN),9fd6c3da-88f7-4df7-9a3f-3f3f9c703998,CC_BY_4_0,True,False,1,1,2473205072,False,False,,gbif_20260923T091718Z/page_year-2015_offset-000000.json,2026-09-23T09:18:20Z
c7d0aced7373f495,2613607709,2015-10-16,,1.0,2015,10,automne_reproduction,47.321,-2.366,5000.0,faible_5km,44069,Guérande,44,"Vespa velutina nigrithorax Buysson, 1905",SUBSPECIES,HUMAN_OBSERVATION,CardObs (INPN),4145cd45-8a92-426d-be8b-bfbbf5209032,CC_BY_NC_4_0,True,True,3,1,2613607709;2613614027;2613615146,False,False,,gbif_20260923T091718Z/page_year-2015_offset-000000.json,2026-09-23T09:18:20Z
e7ca5ac4fcc0a92f,2473233153,2015-10-16,,1.0,2015,10,automne_reproduction,47.295,-2.311,20.0,precise_100m,44055,La Baule-Escoublac,44,"Vespa velutina nigrithorax Buysson, 1905",SUBSPECIES,HUMAN_OBSERVATION,Inventaire national Frelon (MNHN),9fd6c3da-88f7-4df7-9a3f-3f3f9c703998,CC_BY_4_0,True,False,1,1,2473233153,False,False,,gbif_20260923T091718Z/page_year-2015_offset-000000.json,2026-09-23T09:18:20Z
b5a87f5defe471eb,2473205076,2015-10-20,,1.0,2015,10,automne_reproduction,47.286,-2.405,20.0,precise_100m,44055,La Baule-Escoublac,44,"Vespa velutina nigrithorax Buysson, 1905",SUBSPECIES,HUMAN_OBSERVATION,Inventaire national Frelon (MNHN),9fd6c3da-88f7-4df7-9a3f-3f3f9c703998,CC_BY_4_0,True,False,1,1,2473205076,False,False,,gbif_20260923T091718Z/page_year-2015_offset-000000.json,2026-09-23T09:18:20Z
e88d3c9c775701ca,2613608472,2015-10-20,,1.0,2015,10,automne_reproduction,47.321,-2.366,5000.0,faible_5km,44069,Guérande,44,"Vespa velutina nigrithorax Buysson, 1905",SUBSPECIES,HUMAN_OBSERVATION,CardObs (INPN),4145cd45-8a92-426d-be8b-bfbbf5209032,CC_BY_NC_4_0,True,True,1,1,2613608472,False,False,,gbif_20260923T091718Z/page_year-2015_offset-000000.json,2026-09-23T09:18:20Z
b86006c2d1e66a43,3847358312,2015-10-21,,1.0,2015,10,automne_reproduction,47.326,-1.317,1.0,precise_100m,49126,Orée d'Anjou,49,"Vespa velutina Lepeletier, 1836",SPECIES,HUMAN_OBSERVATION,Autre inventaire,403cea9f-80d5-48f4-ae41-97cc9a157a62,CC_BY_4_0,True,False,1,1,3847358312,False,False,,gbif_20260923T091718Z/page_year-2015_offset-000000.json,2026-09-23T09:18:20Z
d1f05c48bdba8c82,3847450389,2015-10-21,,1.0,2015,10,automne_reproduction,47.317,-1.326,1.0,precise_100m,49126,Orée d'Anjou,49,"Vespa velutina Lepeletier, 1836",SPECIES,HUMAN_OBSERVATION,Autre inventaire,403cea9f-80d5-48f4-ae41-97cc9a157a62,CC_BY_4_0,True,False,1,1,3847450389,False,False,,gbif_20260923T091718Z/page_year-2015_offset-000000.json,2026-09-23T09:18:20Z
1408e9bbb6674a20,2473204129,2015-10-22,,1.0,2015,10,automne_reproduction,47.282,-2.416,20.0,precise_100m,44055,La Baule-Escoublac,44,"Vespa velutina nigrithorax Buysson, 1905",SUBSPECIES,HUMAN_OBSERVATION,Inventaire national Frelon (MNHN),9fd6c3da-88f7-4df7-9a3f-3f3f9c703998,CC_BY_4_0,True,False,1,1,2473204129,False,False,,gbif_20260923T091718Z/page_year-2015_offset-000000.json,2026-09-23T09:18:20Z
20909c0ca432626c,3847292654,2015-10-22,,1.0,2015,10,automne_reproduction,47.309,-1.334,1.0,precise_100m,49126,Orée d'Anjou,49,"Vespa velutina Lepeletier, 1836",SPECIES,HUMAN_OBSERVATION,Autre inventaire,403cea9f-80d5-48f4-ae41-97cc9a157a62,CC_BY_4_0,True,False,1,1,3847292654,False,False,,gbif_20260923T091718Z/page_year-2015_offset-000000.json,2026-09-23T09:18:20Z
35c72ccd9261ec8d,2613612202,2015-10-22,,1.0,2015,10,automne_reproduction,47.321,-2.366,5000.0,faible_5km,44069,Guérande,44,"Vespa velutina nigrithorax Buysson, 1905",SUBSPECIES,HUMAN_OBSERVATION,CardObs (INPN),4145cd45-8a92-426d-be8b-bfbbf5209032,CC_BY_NC_4_0,True,True,1,1,2613612202,False,False,,gbif_20260923T091718Z/page_year-2015_offset-000000.json,2026-09-23T09:18:20Z
171b60d01982e452,2473185688,2015-10-25,,1.0,2015,10,automne_reproduction,46.55,-1.711,,inconnue,85250,Saint-Mathurin,85,"Vespa velutina nigrithorax Buysson, 1905",SUBSPECIES,HUMAN_OBSERVATION,Inventaire national Frelon (MNHN),9fd6c3da-88f7-4df7-9a3f-3f3f9c703998,CC_BY_4_0,True,False,1,1,2473185688,False,True,Q08_incertitude_connue,gbif_20260923T091718Z/page_year-2015_offset-000000.json,2026-09-23T09:18:20Z
b2b63bf9975fb708,2613614876,2015-10-25,,1.0,2015,10,automne_reproduction,46.536,-1.766,5000.0,faible_5km,85194,Les Sables-d'Olonne,85,"Vespa velutina nigrithorax Buysson, 1905",SUBSPECIES,HUMAN_OBSERVATION,CardObs (INPN),4145cd45-8a92-426d-be8b-bfbbf5209032,CC_BY_NC_4_0,True,True,1,1,2613614876,False,False,,gbif_20260923T091718Z/page_year-2015_offset-000000.json,2026-09-23T09:18:20Z
4746737748ce2dd7,4594951718,2015-10-27,,1.0,2015,10,automne_reproduction,47.689,-0.054,,inconnue,72154,La Flèche,72,"Vespa velutina Lepeletier, 1836",SPECIES,HUMAN_OBSERVATION,SPIPOLL,0797c245-3f7f-42db-b822-550a36b2a922,CC_BY_4_0,True,False,1,1,4594951718,False,False,Q08_incertitude_connue,gbif_20260923T091718Z/page_year-2015_offset-000000.json,2026-09-23T09:18:20Z
aa9122b0c2a46d35,2613606920,2015-10-27,,1.0,2015,10,automne_reproduction,47.224,-0.106,5000.0,faible_5km,49123,Distré,49,"Vespa velutina nigrithorax Buysson, 1905",SUBSPECIES,HUMAN_OBSERVATION,CardObs (INPN),4145cd45-8a92-426d-be8b-bfbbf5209032,CC_BY_NC_4_0,True,True,1,1,2613606920,False,False,,gbif_20260923T091718Z/page_year-2015_offset-000000.json,2026-09-23T09:18:20Z
c12a066aef3accb3,2473222435,2015-10-27,,1.0,2015,10,automne_reproduction,47.234,-0.121,20.0,precise_100m,49123,Distré,49,"Vespa velutina nigrithorax Buysson, 1905",SUBSPECIES,HUMAN_OBSERVATION,Inventaire national Frelon (MNHN),9fd6c3da-88f7-4df7-9a3f-3f3f9c703998,CC_BY_4_0,True,False,1,1,2473222435,False,False,,gbif_20260923T091718Z/page_year-2015_offset-000000.json,2026-09-23T09:18:20Z
4fcd16b82b498590,2613610785,2015-10-28,,1.0,2015,10,automne_reproduction,47.321,-2.366,5000.0,faible_5km,44069,Guérande,44,"Vespa velutina nigrithorax Buysson, 1905",SUBSPECIES,HUMAN_OBSERVATION,CardObs (INPN),4145cd45-8a92-426d-be8b-bfbbf5209032,CC_BY_NC_4_0,True,True,1,1,2613610785,False,False,,gbif_20260923T091718Z/page_year-2015_offset-000000.json,2026-09-23T09:18:20Z
5b274fcf648b1d28,2473238992,2015-10-28,,1.0,2015,10,automne_reproduction,47.3,-2.382,20.0,precise_100m,44055,La Baule-Escoublac,44,"Vespa velutina nigrithorax Buysson, 1905",SUBSPECIES,HUMAN_OBSERVATION,Inventaire national Frelon (MNHN),9fd6c3da-88f7-4df7-9a3f-3f3f9c703998,CC_BY_4_0,True,False,1,1,2473238992,False,False,,gbif_20260923T091718Z/page_year-2015_offset-000000.json,2026-09-23T09:18:20Z
5229460644f7632d,2473222492,2015-10-29,,1.0,2015,10,automne_reproduction,46.313,-1.305,,inconnue,85001,L'Aiguillon-la-Presqu'île,85,"Vespa velutina nigrithorax Buysson, 1905",SUBSPECIES,HUMAN_OBSERVATION,Inventaire national Frelon (MNHN),9fd6c3da-88f7-4df7-9a3f-3f3f9c703998,CC_BY_4_0,True,False,1,1,2473222492,False,False,Q08_incertitude_connue,gbif_20260923T091718Z/page_year-2015_offset-000000.json,2026-09-23T09:18:20Z
5720306f5a9a5d79,2613610253,2015-10-29,,1.0,2015,10,automne_reproduction,46.372,-1.36,5000.0,faible_5km,85104,Grues,85,"Vespa velutina nigrithorax Buysson, 1905",SUBSPECIES,HUMAN_OBSERVATION,CardObs (INPN),4145cd45-8a92-426d-be8b-bfbbf5209032,CC_BY_NC_4_0,True,True,2,1,2613610253;2613615091,False,False,,gbif_20260923T091718Z/page_year-2015_offset-000000.json,2026-09-23T09:18:20Z
7f1e2471fd380c1f,2473184715,2015-10-29,,1.0,2015,10,automne_reproduction,46.351,-1.39,,inconnue,85294,La Tranche-sur-Mer,85,"Vespa velutina nigrithorax Buysson, 1905",SUBSPECIES,HUMAN_OBSERVATION,Inventaire national Frelon (MNHN),9fd6c3da-88f7-4df7-9a3f-3f3f9c703998,CC_BY_4_0,True,False,1,1,2473184715,False,True,Q08_incertitude_connue,gbif_20260923T091718Z/page_year-2015_offset-000000.json,2026-09-23T09:18:20Z
b5b8811c7d404646,2473219921,2015-10-29,,1.0,2015,10,automne_reproduction,46.348,-1.381,,inconnue,85294,La Tranche-sur-Mer,85,"Vespa velutina nigrithorax Buysson, 1905",SUBSPECIES,HUMAN_OBSERVATION,Inventaire national Frelon (MNHN),9fd6c3da-88f7-4df7-9a3f-3f3f9c703998,CC_BY_4_0,True,False,1,1,2473219921,False,False,Q08_incertitude_connue,gbif_20260923T091718Z/page_year-2015_offset-000000.json,2026-09-23T09:18:20Z
68577820bcb8d3fa,2473184714,2015-10-30,,1.0,2015,10,automne_reproduction,47.495,-0.366,,inconnue,49307,Loire-Authion,49,"Vespa velutina nigrithorax Buysson, 1905",SUBSPECIES,HUMAN_OBSERVATION,Inventaire national Frelon (MNHN),9fd6c3da-88f7-4df7-9a3f-3f3f9c703998,CC_BY_4_0,True,False,1,1,2473184714,False,True,Q08_incertitude_connue,gbif_20260923T091718Z/page_year-2015_offset-000000.json,2026-09-23T09:18:20Z
d8ccecdaf993c887,2613609742,2015-10-30,,1.0,2015,10,automne_reproduction,47.486,-0.387,5000.0,faible_5km,49307,Loire-Authion,49,"Vespa velutina nigrithorax Buysson, 1905",SUBSPECIES,HUMAN_OBSERVATION,CardObs (INPN),4145cd45-8a92-426d-be8b-bfbbf5209032,CC_BY_NC_4_0,True,True,1,1,2613609742,False,False,,gbif_20260923T091718Z/page_year-2015_offset-000000.json,2026-09-23T09:18:20Z
9f1d4eec43a0254a,2613605728,2015-11-02,,1.0,2015,11,automne_reproduction,46.646,-1.251,5000.0,faible_5km,85093,Fougeré,85,"Vespa velutina nigrithorax Buysson, 1905",SUBSPECIES,HUMAN_OBSERVATION,CardObs (INPN),4145cd45-8a92-426d-be8b-bfbbf5209032,CC_BY_NC_4_0,True,True,1,1,2613605728,False,True,,gbif_20260923T091718Z/page_year-2015_offset-000000.json,2026-09-23T09:18:20Z
bb5a9454c4a43502,2473234751,2015-11-02,,1.0,2015,11,automne_reproduction,46.661,-1.25,,inconnue,85093,Fougeré,85,"Vespa velutina nigrithorax Buysson, 1905",SUBSPECIES,HUMAN_OBSERVATION,Inventaire national Frelon (MNHN),9fd6c3da-88f7-4df7-9a3f-3f3f9c703998,CC_BY_4_0,True,False,1,1,2473234751,False,False,Q08_incertitude_connue,gbif_20260923T091718Z/page_year-2015_offset-000000.json,2026-09-23T09:18:20Z
964dd50f52e6555a,2613605184,2015-11-04,,1.0,2015,11,automne_reproduction,47.321,-2.366,5000.0,faible_5km,44069,Guérande,44,"Vespa velutina nigrithorax Buysson, 1905",SUBSPECIES,HUMAN_OBSERVATION,CardObs (INPN),4145cd45-8a92-426d-be8b-bfbbf5209032,CC_BY_NC_4_0,True,True,1,1,2613605184,False,False,,gbif_20260923T091718Z/page_year-2015_offset-000000.json,2026-09-23T09:18:20Z
cad0ca1f2306565e,2473206168,2015-11-04,,1.0,2015,11,automne_reproduction,47.295,-2.342,20.0,precise_100m,44055,La Baule-Escoublac,44,"Vespa velutina nigrithorax Buysson, 1905",SUBSPECIES,HUMAN_OBSERVATION,Inventaire national Frelon (MNHN),9fd6c3da-88f7-4df7-9a3f-3f3f9c703998,CC_BY_4_0,True,False,1,1,2473206168,False,False,,gbif_20260923T091718Z/page_year-2015_offset-000000.json,2026-09-23T09:18:20Z
1eac2c02df657688,2613611518,2015-11-08,,1.0,2015,11,automne_reproduction,47.006,-1.28,5000.0,faible_5km,85146,Montaigu-Vendée,85,"Vespa velutina nigrithorax Buysson, 1905",SUBSPECIES,HUMAN_OBSERVATION,CardObs (INPN),4145cd45-8a92-426d-be8b-bfbbf5209032,CC_BY_NC_4_0,True,True,1,1,2613611518,False,False,,gbif_20260923T091718Z/page_year-2015_offset-000000.json,2026-09-23T09:18:20Z
b718fee8dd9ea7e4,2473205086,2015-11-08,,1.0,2015,11,automne_reproduction,46.993,-1.299,,inconnue,85146,Montaigu-Vendée,85,"Vespa velutina nigrithorax Buysson, 1905",SUBSPECIES,HUMAN_OBSERVATION,Inventaire national Frelon (MNHN),9fd6c3da-88f7-4df7-9a3f-3f3f9c703998,CC_BY_4_0,True,False,1,1,2473205086,False,False,Q08_incertitude_connue,gbif_20260923T091718Z/page_year-2015_offset-000000.json,2026-09-23T09:18:20Z
182de9352ba9ce35,2473233166,2015-11-11,,1.0,2015,11,automne_reproduction,47.301,-1.486,,inconnue,44026,Carquefou,44,"Vespa velutina nigrithorax Buysson, 1905",SUBSPECIES,HUMAN_OBSERVATION,Inventaire national Frelon (MNHN),9fd6c3da-88f7-4df7-9a3f-3f3f9c703998,CC_BY_4_0,True,False,1,1,2473233166,False,False,Q08_incertitude_connue,gbif_20260923T091718Z/page_year-2015_offset-000000.json,2026-09-23T09:18:20Z
3f927c76f70764e7,2613614115,2015-11-11,,1.0,2015,11,automne_reproduction,47.271,-1.433,5000.0,faible_5km,44204,Thouaré-sur-Loire,44,"Vespa velutina nigrithorax Buysson, 1905",SUBSPECIES,HUMAN_OBSERVATION,CardObs (INPN),4145cd45-8a92-426d-be8b-bfbbf5209032,CC_BY_NC_4_0,True,True,1,1,2613614115,False,False,,gbif_20260923T091718Z/page_year-2015_offset-000000.json,2026-09-23T09:18:20Z
c4019d3323af6592,2473206174,2015-11-12,,1.0,2015,11,automne_reproduction,46.635,-1.555,,inconnue,85211,Sainte-Flaive-des-Loups,85,"Vespa velutina nigrithorax Buysson, 1905",SUBSPECIES,HUMAN_OBSERVATION,Inventaire national Frelon (MNHN),9fd6c3da-88f7-4df7-9a3f-3f3f9c703998,CC_BY_4_0,True,False,1,1,2473206174,False,True,Q08_incertitude_connue,gbif_20260923T091718Z/page_year-2015_offset-000000.json,2026-09-23T09:18:20Z
d71d56b7cb8101a4,2613611209,2015-11-12,,1.0,2015,11,automne_reproduction,46.636,-1.512,5000.0,faible_5km,85008,Aubigny-Les Clouzeaux,85,"Vespa velutina nigrithorax Buysson, 1905",SUBSPECIES,HUMAN_OBSERVATION,CardObs (INPN),4145cd45-8a92-426d-be8b-bfbbf5209032,CC_BY_NC_4_0,True,True,1,1,2613611209,False,True,,gbif_20260923T091718Z/page_year-2015_offset-000000.json,2026-09-23T09:18:20Z
21f3929b4b07e950,2613603739,2015-11-16,,1.0,2015,11,automne_reproduction,47.321,-2.366,5000.0,faible_5km,44069,Guérande,44,"Vespa velutina nigrithorax Buysson, 1905",SUBSPECIES,HUMAN_OBSERVATION,CardObs (INPN),4145cd45-8a92-426d-be8b-bfbbf5209032,CC_BY_NC_4_0,True,True,3,1,2613603739;2613606315;2613609146,False,False,,gbif_20260923T091718Z/page_year-2015_offset-000000.json,2026-09-23T09:18:20Z
62fb964c1bc48159,2473234727,2015-11-16,,1.0,2015,11,automne_reproduction,47.297,-2.373,20.0,precise_100m,44055,La Baule-Escoublac,44,"Vespa velutina nigrithorax Buysson, 1905",SUBSPECIES,HUMAN_OBSERVATION,Inventaire national Frelon (MNHN),9fd6c3da-88f7-4df7-9a3f-3f3f9c703998,CC_BY_4_0,True,False,1,1,2473234727,False,False,,gbif_20260923T091718Z/page_year-2015_offset-000000.json,2026-09-23T09:18:20Z
93fc18501ccc89eb,2473238987,2015-11-16,,1.0,2015,11,automne_reproduction,47.281,-2.366,20.0,precise_100m,44055,La Baule-Escoublac,44,"Vespa velutina nigrithorax Buysson, 1905",SUBSPECIES,HUMAN_OBSERVATION,Inventaire national Frelon (MNHN),9fd6c3da-88f7-4df7-9a3f-3f3f9c703998,CC_BY_4_0,True,False,1,1,2473238987,False,False,,gbif_20260923T091718Z/page_year-2015_offset-000000.json,2026-09-23T09:18:20Z
c0e3997ca0796910,2473203130,2015-11-16,,1.0,2015,11,automne_reproduction,47.289,-2.377,20.0,precise_100m,44055,La Baule-Escoublac,44,"Vespa velutina nigrithorax Buysson, 1905",SUBSPECIES,HUMAN_OBSERVATION,Inventaire national Frelon (MNHN),9fd6c3da-88f7-4df7-9a3f-3f3f9c703998,CC_BY_4_0,True,False,1,1,2473203130,False,False,,gbif_20260923T091718Z/page_year-2015_offset-000000.json,2026-09-23T09:18:20Z
61416d708ac8764a,2613604597,2015-11-17,,1.0,2015,11,automne_reproduction,47.321,-2.366,5000.0,faible_5km,44069,Guérande,44,"Vespa velutina nigrithorax Buysson, 1905",SUBSPECIES,HUMAN_OBSERVATION,CardObs (INPN),4145cd45-8a92-426d-be8b-bfbbf5209032,CC_BY_NC_4_0,True,True,1,1,2613604597,False,False,,gbif_20260923T091718Z/page_year-2015_offset-000000.json,2026-09-23T09:18:20Z
b09c0ab7315b16a1,2473237282,2015-11-17,,1.0,2015,11,automne_reproduction,47.28,-2.351,20.0,precise_100m,44055,La Baule-Escoublac,44,"Vespa velutina nigrithorax Buysson, 1905",SUBSPECIES,HUMAN_OBSERVATION,Inventaire national Frelon (MNHN),9fd6c3da-88f7-4df7-9a3f-3f3f9c703998,CC_BY_4_0,True,False,1,1,2473237282,False,False,,gbif_20260923T091718Z/page_year-2015_offset-000000.json,2026-09-23T09:18:20Z
c1b7dbf2e46b2128,2613611589,2015-11-20,,1.0,2015,11,automne_reproduction,47.006,-1.28,5000.0,faible_5km,85146,Montaigu-Vendée,85,"Vespa velutina nigrithorax Buysson, 1905",SUBSPECIES,HUMAN_OBSERVATION,CardObs (INPN),4145cd45-8a92-426d-be8b-bfbbf5209032,CC_BY_NC_4_0,True,True,1,1,2613611589,False,False,,gbif_20260923T091718Z/page_year-2015_offset-000000.json,2026-09-23T09:18:20Z
e1324a31ace99a19,2473237278,2015-11-20,,1.0,2015,11,automne_reproduction,47.037,-1.324,20.0,precise_100m,44165,Saint-Hilaire-de-Clisson,44,"Vespa velutina nigrithorax Buysson, 1905",SUBSPECIES,HUMAN_OBSERVATION,Inventaire national Frelon (MNHN),9fd6c3da-88f7-4df7-9a3f-3f3f9c703998,CC_BY_4_0,True,False,1,1,2473237278,False,True,,gbif_20260923T091718Z/page_year-2015_offset-000000.json,2026-09-23T09:18:20Z
496f16a26f9f1a99,2473203144,2015-11-21,,1.0,2015,11,automne_reproduction,47.252,-0.081,20.0,precise_100m,49328,Saumur,49,"Vespa velutina nigrithorax Buysson, 1905",SUBSPECIES,HUMAN_OBSERVATION,Inventaire national Frelon (MNHN),9fd6c3da-88f7-4df7-9a3f-3f3f9c703998,CC_BY_4_0,True,False,1,1,2473203144,False,False,,gbif_20260923T091718Z/page_year-2015_offset-000000.json,2026-09-23T09:18:20Z
71ec835355087155,2613610786,2015-11-21,,1.0,2015,11,automne_reproduction,47.224,-0.106,5000.0,faible_5km,49123,Distré,49,"Vespa velutina nigrithorax Buysson, 1905",SUBSPECIES,HUMAN_OBSERVATION,CardObs (INPN),4145cd45-8a92-426d-be8b-bfbbf5209032,CC_BY_NC_4_0,True,True,1,1,2613610786,False,False,,gbif_20260923T091718Z/page_year-2015_offset-000000.json,2026-09-23T09:18:20Z
154ed79b4f947b04,2613605228,2015-11-23,,1.0,2015,11,automne_reproduction,47.321,-2.366,5000.0,faible_5km,44069,Guérande,44,"Vespa velutina nigrithorax Buysson, 1905",SUBSPECIES,HUMAN_OBSERVATION,CardObs (INPN),4145cd45-8a92-426d-be8b-bfbbf5209032,CC_BY_NC_4_0,True,True,2,1,2613605228;2613611756,False,False,,gbif_20260923T091718Z/page_year-2015_offset-000000.json,2026-09-23T09:18:20Z
1d7c653ba658f359,2613603571,2015-11-23,,1.0,2015,11,automne_reproduction,47.266,-1.565,5000.0,faible_5km,44109,Nantes,44,"Vespa velutina nigrithorax Buysson, 1905",SUBSPECIES,HUMAN_OBSERVATION,CardObs (INPN),4145cd45-8a92-426d-be8b-bfbbf5209032,CC_BY_NC_4_0,True,True,1,1,2613603571,False,False,,gbif_20260923T091718Z/page_year-2015_offset-000000.json,2026-09-23T09:18:20Z
6f2055ca3b3b60cf,2473233201,2015-11-23,,1.0,2015,11,automne_reproduction,47.311,-2.354,20.0,precise_100m,44151,Saint-André-des-Eaux,44,"Vespa velutina nigrithorax Buysson, 1905",SUBSPECIES,HUMAN_OBSERVATION,Inventaire national Frelon (MNHN),9fd6c3da-88f7-4df7-9a3f-3f3f9c703998,CC_BY_4_0,True,False,1,1,2473233201,False,False,,gbif_20260923T091718Z/page_year-2015_offset-000000.json,2026-09-23T09:18:20Z
a8873546c67d797e,2473200763,2015-11-23,,1.0,2015,11,automne_reproduction,47.225,-1.605,20.0,precise_100m,44162,Saint-Herblain,44,"Vespa velutina nigrithorax Buysson, 1905",SUBSPECIES,HUMAN_OBSERVATION,Inventaire national Frelon (MNHN),9fd6c3da-88f7-4df7-9a3f-3f3f9c703998,CC_BY_4_0,True,False,1,1,2473200763,False,False,,gbif_20260923T091718Z/page_year-2015_offset-000000.json,2026-09-23T09:18:20Z
f8a5dbf612b03858,2473205118,2015-11-23,,1.0,2015,11,automne_reproduction,47.29,-2.361,20.0,precise_100m,44055,La Baule-Escoublac,44,"Vespa velutina nigrithorax Buysson, 1905",SUBSPECIES,HUMAN_OBSERVATION,Inventaire national Frelon (MNHN),9fd6c3da-88f7-4df7-9a3f-3f3f9c703998,CC_BY_4_0,True,False,1,1,2473205118,False,False,,gbif_20260923T091718Z/page_year-2015_offset-000000.json,2026-09-23T09:18:20Z
133ea5fdca9fa9e6,2473205119,2015-11-24,,1.0,2015,11,automne_reproduction,47.308,-2.391,20.0,precise_100m,44069,Guérande,44,"Vespa velutina nigrithorax Buysson, 1905",SUBSPECIES,HUMAN_OBSERVATION,Inventaire national Frelon (MNHN),9fd6c3da-88f7-4df7-9a3f-3f3f9c703998,CC_BY_4_0,True,False,1,1,2473205119,False,False,,gbif_20260923T091718Z/page_year-2015_offset-000000.json,2026-09-23T09:18:20Z
246ced0f44e1da9e,2613607959,2015-11-24,,1.0,2015,11,automne_reproduction,47.321,-2.366,5000.0,faible_5km,44069,Guérande,44,"Vespa velutina nigrithorax Buysson, 1905",SUBSPECIES,HUMAN_OBSERVATION,CardObs (INPN),4145cd45-8a92-426d-be8b-bfbbf5209032,CC_BY_NC_4_0,True,True,1,1,2613607959,False,False,,gbif_20260923T091718Z/page_year-2015_offset-000000.json,2026-09-23T09:18:20Z
35b74454ae9112a5,2473237300,2015-11-24,,1.0,2015,11,automne_reproduction,46.638,-1.872,,inconnue,85035,Bretignolles-sur-Mer,85,"Vespa velutina nigrithorax Buysson, 1905",SUBSPECIES,HUMAN_OBSERVATION,Inventaire national Frelon (MNHN),9fd6c3da-88f7-4df7-9a3f-3f3f9c703998,CC_BY_4_0,True,False,1,1,2473237300,False,False,Q08_incertitude_connue,gbif_20260923T091718Z/page_year-2015_offset-000000.json,2026-09-23T09:18:20Z
364e2eac7ad7f3c7,2473237292,2015-11-24,,1.0,2015,11,automne_reproduction,47.277,-2.349,20.0,precise_100m,44055,La Baule-Escoublac,44,"Vespa velutina nigrithorax Buysson, 1905",SUBSPECIES,HUMAN_OBSERVATION,Inventaire national Frelon (MNHN),9fd6c3da-88f7-4df7-9a3f-3f3f9c703998,CC_BY_4_0,True,False,1,1,2473237292,False,False,,gbif_20260923T091718Z/page_year-2015_offset-000000.json,2026-09-23T09:18:20Z
4bf37400add4bc33,2613607145,2015-11-24,,1.0,2015,11,automne_reproduction,47.686,0.4,5000.0,faible_5km,72071,Montval-sur-Loir,72,"Vespa velutina nigrithorax Buysson, 1905",SUBSPECIES,HUMAN_OBSERVATION,CardObs (INPN),4145cd45-8a92-426d-be8b-bfbbf5209032,CC_BY_NC_4_0,True,True,1,1,2613607145,False,True,,gbif_20260923T091718Z/page_year-2015_offset-000000.json,2026-09-23T09:18:20Z
cbae0918d1224c30,2473234764,2015-11-24,,1.0,2015,11,automne_reproduction,47.675,0.361,20.0,precise_100m,72364,Vaas,72,"Vespa velutina nigrithorax Buysson, 1905",SUBSPECIES,HUMAN_OBSERVATION,Inventaire national Frelon (MNHN),9fd6c3da-88f7-4df7-9a3f-3f3f9c703998,CC_BY_4_0,True,False,1,1,2473234764,False,True,,gbif_20260923T091718Z/page_year-2015_offset-000000.json,2026-09-23T09:18:20Z
0c5c6f16716e5f6b,2473237293,2015-11-25,,1.0,2015,11,automne_reproduction,48.016,-0.811,20.0,precise_100m,53157,Montigné-le-Brillant,53,"Vespa velutina nigrithorax Buysson, 1905",SUBSPECIES,HUMAN_OBSERVATION,Inventaire national Frelon (MNHN),9fd6c3da-88f7-4df7-9a3f-3f3f9c703998,CC_BY_4_0,True,False,1,1,2473237293,False,True,,gbif_20260923T091718Z/page_year-2015_offset-000000.json,2026-09-23T09:18:20Z
1d27716fa7ab9ae4,2613606403,2015-11-25,,1.0,2015,11,automne_reproduction,48.013,-0.824,5000.0,faible_5km,53157,Montigné-le-Brillant,53,"Vespa velutina nigrithorax Buysson, 1905",SUBSPECIES,HUMAN_OBSERVATION,CardObs (INPN),4145cd45-8a92-426d-be8b-bfbbf5209032,CC_BY_NC_4_0,True,True,1,1,2613606403,False,False,,gbif_20260923T091718Z/page_year-2015_offset-000000.json,2026-09-23T09:18:20Z
2909840ac48110ee,2473236215,2015-11-26,,1.0,2015,11,automne_reproduction,47.285,-2.374,20.0,precise_100m,44055,La Baule-Escoublac,44,"Vespa velutina nigrithorax Buysson, 1905",SUBSPECIES,HUMAN_OBSERVATION,Inventaire national Frelon (MNHN),9fd6c3da-88f7-4df7-9a3f-3f3f9c703998,CC_BY_4_0,True,False,1,1,2473236215,False,False,,gbif_20260923T091718Z/page_year-2015_offset-000000.json,2026-09-23T09:18:20Z
4a6a6458fb6922cf,2613610561,2015-11-26,,1.0,2015,11,automne_reproduction,47.321,-2.366,5000.0,faible_5km,44069,Guérande,44,"Vespa velutina nigrithorax Buysson, 1905",SUBSPECIES,HUMAN_OBSERVATION,CardObs (INPN),4145cd45-8a92-426d-be8b-bfbbf5209032,CC_BY_NC_4_0,True,True,1,1,2613610561,False,False,,gbif_20260923T091718Z/page_year-2015_offset-000000.json,2026-09-23T09:18:20Z
f8b8b27c0c2f033b,2473233202,2015-11-27,,1.0,2015,11,automne_reproduction,47.274,-2.334,20.0,precise_100m,44055,La Baule-Escoublac,44,"Vespa velutina nigrithorax Buysson, 1905",SUBSPECIES,HUMAN_OBSERVATION,Inventaire national Frelon (MNHN),9fd6c3da-88f7-4df7-9a3f-3f3f9c703998,CC_BY_4_0,True,False,1,1,2473233202,False,False,,gbif_20260923T091718Z/page_year-2015_offset-000000.json,2026-09-23T09:18:20Z
0624a0c9ec603608,2473205123,2015-12-01,,1.0,2015,12,hiver_hivernage,46.503,-1.76,,inconnue,85194,Les Sables-d'Olonne,85,"Vespa velutina nigrithorax Buysson, 1905",SUBSPECIES,HUMAN_OBSERVATION,Inventaire national Frelon (MNHN),9fd6c3da-88f7-4df7-9a3f-3f3f9c703998,CC_BY_4_0,True,False,1,1,2473205123,False,False,Q08_incertitude_connue,gbif_20260923T091718Z/page_year-2015_offset-000000.json,2026-09-23T09:18:20Z
0a79a1f1e1727798,2613611318,2015-12-01,,1.0,2015,12,hiver_hivernage,46.536,-1.766,5000.0,faible_5km,85194,Les Sables-d'Olonne,85,"Vespa velutina nigrithorax Buysson, 1905",SUBSPECIES,HUMAN_OBSERVATION,CardObs (INPN),4145cd45-8a92-426d-be8b-bfbbf5209032,CC_BY_NC_4_0,True,True,1,1,2613611318,False,False,,gbif_20260923T091718Z/page_year-2015_offset-000000.json,2026-09-23T09:18:20Z
5b24b47c3fe66be8,2473204167,2015-12-05,,1.0,2015,12,hiver_hivernage,47.803,-0.553,,inconnue,53029,Bierné-les-Villages,53,"Vespa velutina nigrithorax Buysson, 1905",SUBSPECIES,HUMAN_OBSERVATION,Inventaire national Frelon (MNHN),9fd6c3da-88f7-4df7-9a3f-3f3f9c703998,CC_BY_4_0,True,False,1,1,2473204167,False,True,Q08_incertitude_connue,gbif_20260923T091718Z/page_year-2015_offset-000000.json,2026-09-23T09:18:20Z
aeab57c1e56f7115,2613614340,2015-12-05,,1.0,2015,12,hiver_hivernage,47.842,-0.544,5000.0,faible_5km,53110,Grez-en-Bouère,53,"Vespa velutina nigrithorax Buysson, 1905",SUBSPECIES,HUMAN_OBSERVATION,CardObs (INPN),4145cd45-8a92-426d-be8b-bfbbf5209032,CC_BY_NC_4_0,True,True,1,1,2613614340,False,True,,gbif_20260923T091718Z/page_year-2015_offset-000000.json,2026-09-23T09:18:20Z
8fe48b5242c85924,2613607800,2015-12-06,,1.0,2015,12,hiver_hivernage,46.541,-1.635,5000.0,faible_5km,85103,Grosbreuil,85,"Vespa velutina nigrithorax Buysson, 1905",SUBSPECIES,HUMAN_OBSERVATION,CardObs (INPN),4145cd45-8a92-426d-be8b-bfbbf5209032,CC_BY_NC_4_0,True,True,1,1,2613607800,False,True,,gbif_20260923T091718Z/page_year-2015_offset-000000.json,2026-09-23T09:18:20Z
9de22739783f3d2f,2473237329,2015-12-06,,1.0,2015,12,hiver_hivernage,46.566,-1.599,,inconnue,85099,Le Girouard,85,"Vespa velutina nigrithorax Buysson, 1905",SUBSPECIES,HUMAN_OBSERVATION,Inventaire national Frelon (MNHN),9fd6c3da-88f7-4df7-9a3f-3f3f9c703998,CC_BY_4_0,True,False,1,1,2473237329,False,True,Q08_incertitude_connue,gbif_20260923T091718Z/page_year-2015_offset-000000.json,2026-09-23T09:18:20Z
142038bc15db08f4,2613605967,2015-12-09,,1.0,2015,12,hiver_hivernage,47.321,-2.366,5000.0,faible_5km,44069,Guérande,44,"Vespa velutina nigrithorax Buysson, 1905",SUBSPECIES,HUMAN_OBSERVATION,CardObs (INPN),4145cd45-8a92-426d-be8b-bfbbf5209032,CC_BY_NC_4_0,True,True,4,1,2613605967;2613607478;2613613509;2613615216,False,False,,gbif_20260923T091718Z/page_year-2015_offset-000000.json,2026-09-23T09:18:20Z
32eebcdd09638d9f,2473239028,2015-12-09,,1.0,2015,12,hiver_hivernage,47.278,-2.421,20.0,precise_100m,44055,La Baule-Escoublac,44,"Vespa velutina nigrithorax Buysson, 1905",SUBSPECIES,HUMAN_OBSERVATION,Inventaire national Frelon (MNHN),9fd6c3da-88f7-4df7-9a3f-3f3f9c703998,CC_BY_4_0,True,False,1,1,2473239028,False,False,,gbif_20260923T091718Z/page_year-2015_offset-000000.json,2026-09-23T09:18:20Z
6a1b467c6a4332e0,2473234766,2015-12-09,,1.0,2015,12,hiver_hivernage,47.29,-2.382,20.0,precise_100m,44055,La Baule-Escoublac,44,"Vespa velutina nigrithorax Buysson, 1905",SUBSPECIES,HUMAN_OBSERVATION,Inventaire national Frelon (MNHN),9fd6c3da-88f7-4df7-9a3f-3f3f9c703998,CC_BY_4_0,True,False,1,1,2473234766,False,False,,gbif_20260923T091718Z/page_year-2015_offset-000000.json,2026-09-23T09:18:20Z
f729ade4df0aa530,2473203172,2015-12-09,,1.0,2015,12,hiver_hivernage,47.289,-2.379,20.0,precise_100m,44055,La Baule-Escoublac,44,"Vespa velutina nigrithorax Buysson, 1905",SUBSPECIES,HUMAN_OBSERVATION,Inventaire national Frelon (MNHN),9fd6c3da-88f7-4df7-9a3f-3f3f9c703998,CC_BY_4_0,True,False,2,1,2473203172;2473234765,False,False,,gbif_20260923T091718Z/page_year-2015_offset-000000.json,2026-09-23T09:18:20Z
65848ac5a8fde40d,2613612403,2015-12-11,,1.0,2015,12,hiver_hivernage,47.576,-0.393,5000.0,faible_5km,49216,Montreuil-sur-Loir,49,"Vespa velutina nigrithorax Buysson, 1905",SUBSPECIES,HUMAN_OBSERVATION,CardObs (INPN),4145cd45-8a92-426d-be8b-bfbbf5209032,CC_BY_NC_4_0,True,True,1,1,2613612403,False,False,,gbif_20260923T091718Z/page_year-2015_offset-000000.json,2026-09-23T09:18:20Z
c2c936f2be7ef9ff,2473234752,2015-12-11,,1.0,2015,12,hiver_hivernage,47.543,-0.37,,inconnue,49110,Corzé,49,"Vespa velutina nigrithorax Buysson, 1905",SUBSPECIES,HUMAN_OBSERVATION,Inventaire national Frelon (MNHN),9fd6c3da-88f7-4df7-9a3f-3f3f9c703998,CC_BY_4_0,True,False,1,1,2473234752,False,False,Q08_incertitude_connue,gbif_20260923T091718Z/page_year-2015_offset-000000.json,2026-09-23T09:18:20Z
7dccf792a944dca9,2473203173,2015-12-12,,1.0,2015,12,hiver_hivernage,47.292,-2.379,20.0,precise_100m,44055,La Baule-Escoublac,44,"Vespa velutina nigrithorax Buysson, 1905",SUBSPECIES,HUMAN_OBSERVATION,Inventaire national Frelon (MNHN),9fd6c3da-88f7-4df7-9a3f-3f3f9c703998,CC_BY_4_0,True,False,1,1,2473203173,False,False,,gbif_20260923T091718Z/page_year-2015_offset-000000.json,2026-09-23T09:18:20Z
dc0efd3d74261b11,2613605011,2015-12-12,,1.0,2015,12,hiver_hivernage,47.321,-2.366,5000.0,faible_5km,44069,Guérande,44,"Vespa velutina nigrithorax Buysson, 1905",SUBSPECIES,HUMAN_OBSERVATION,CardObs (INPN),4145cd45-8a92-426d-be8b-bfbbf5209032,CC_BY_NC_4_0,True,True,1,1,2613605011,False,False,,gbif_20260923T091718Z/page_year-2015_offset-000000.json,2026-09-23T09:18:20Z
4f00ed19075281e2,2613609538,2015-12-14,,1.0,2015,12,hiver_hivernage,47.08,-1.682,5000.0,faible_5km,44188,Saint-Philbert-de-Grand-Lieu,44,"Vespa velutina nigrithorax Buysson, 1905",SUBSPECIES,HUMAN_OBSERVATION,CardObs (INPN),4145cd45-8a92-426d-be8b-bfbbf5209032,CC_BY_NC_4_0,True,True,1,1,2613609538,False,False,,gbif_20260923T091718Z/page_year-2015_offset-000000.json,2026-09-23T09:18:20Z
7aee4f5ab76a44b7,1453304515,2015-12-14,2015-12-14T15:47:00Z,1.0,2015,12,hiver_hivernage,47.095,-1.64,50.0,precise_100m,44041,La Chevrolière,44,"Vespa velutina Lepeletier, 1836",SPECIES,HUMAN_OBSERVATION,iNaturalist,50c9509d-22c7-4a22-a47d-8c48425ef4a7,CC_BY_4_0,True,False,3,3,1453304515;2473205103;2832595113,True,False,,gbif_20260923T091718Z/page_year-2015_offset-000000.json,2026-09-23T09:18:20Z
bb57cc628fea75bb,2473236218,2015-12-14,,1.0,2015,12,hiver_hivernage,46.818,-1.8,20.0,precise_100m,85047,Challans,85,"Vespa velutina nigrithorax Buysson, 1905",SUBSPECIES,HUMAN_OBSERVATION,Inventaire national Frelon (MNHN),9fd6c3da-88f7-4df7-9a3f-3f3f9c703998,CC_BY_4_0,True,False,1,1,2473236218,False,False,,gbif_20260923T091718Z/page_year-2015_offset-000000.json,2026-09-23T09:18:20Z
f19e0286959fc0a0,2613608084,2015-12-14,,1.0,2015,12,hiver_hivernage,46.805,-1.789,5000.0,faible_5km,85204,Saint-Christophe-du-Ligneron,85,"Vespa velutina nigrithorax Buysson, 1905",SUBSPECIES,HUMAN_OBSERVATION,CardObs (INPN),4145cd45-8a92-426d-be8b-bfbbf5209032,CC_BY_NC_4_0,True,True,1,1,2613608084,False,False,,gbif_20260923T091718Z/page_year-2015_offset-000000.json,2026-09-23T09:18:20Z
1f90a979df67682d,2473237315,2015-12-19,,1.0,2015,12,hiver_hivernage,47.646,0.399,,inconnue,72221,Nogent-sur-Loir,72,"Vespa velutina nigrithorax Buysson, 1905",SUBSPECIES,HUMAN_OBSERVATION,Inventaire national Frelon (MNHN),9fd6c3da-88f7-4df7-9a3f-3f3f9c703998,CC_BY_4_0,True,False,1,1,2473237315,False,True,Q08_incertitude_connue,gbif_20260923T091718Z/page_year-2015_offset-000000.json,2026-09-23T09:18:20Z
ab97b206b6eca349,2613605651,2015-12-19,,1.0,2015,12,hiver_hivernage,47.686,0.4,5000.0,faible_5km,72071,Montval-sur-Loir,72,"Vespa velutina nigrithorax Buysson, 1905",SUBSPECIES,HUMAN_OBSERVATION,CardObs (INPN),4145cd45-8a92-426d-be8b-bfbbf5209032,CC_BY_NC_4_0,True,True,1,1,2613605651,False,False,,gbif_20260923T091718Z/page_year-2015_offset-000000.json,2026-09-23T09:18:20Z
c612c400937c3b12,2473205424,2015-12-21,,1.0,2015,12,hiver_hivernage,48.034,0.248,200.0,moyenne_1km,72328,Sargé-lès-le-Mans,72,"Vespa velutina nigrithorax Buysson, 1905",SUBSPECIES,HUMAN_OBSERVATION,Inventaire national Frelon (MNHN),9fd6c3da-88f7-4df7-9a3f-3f3f9c703998,CC_BY_4_0,True,False,1,1,2473205424,False,False,,gbif_20260923T091718Z/page_year-2015_offset-000000.json,2026-09-23T09:18:20Z
ce056a8afec7051e,2473233507,2015-12-21,,1.0,2015,12,hiver_hivernage,47.281,-2.352,20.0,precise_100m,44055,La Baule-Escoublac,44,"Vespa velutina nigrithorax Buysson, 1905",SUBSPECIES,HUMAN_OBSERVATION,Inventaire national Frelon (MNHN),9fd6c3da-88f7-4df7-9a3f-3f3f9c703998,CC_BY_4_0,True,False,1,1,2473233507,False,False,,gbif_20260923T091718Z/page_year-2015_offset-000000.json,2026-09-23T09:18:20Z
6847b054785d3a29,2473205425,2015-12-24,,1.0,2015,12,hiver_hivernage,47.289,-2.265,20.0,precise_100m,44184,Saint-Nazaire,44,"Vespa velutina nigrithorax Buysson, 1905",SUBSPECIES,HUMAN_OBSERVATION,Inventaire national Frelon (MNHN),9fd6c3da-88f7-4df7-9a3f-3f3f9c703998,CC_BY_4_0,True,False,1,1,2473205425,False,False,,gbif_20260923T091718Z/page_year-2015_offset-000000.json,2026-09-23T09:18:20Z
c4a64a84e1c364a0,1453072952,2015-12-26,,1.0,2015,12,hiver_hivernage,47.996,0.261,88.0,precise_100m,72386,Yvré-l'Évêque,72,"Vespa velutina Lepeletier, 1836",SPECIES,HUMAN_OBSERVATION,iNaturalist,50c9509d-22c7-4a22-a47d-8c48425ef4a7,CC_BY_NC_4_0,True,True,1,1,1453072952,False,False,,gbif_20260923T091718Z/page_year-2015_offset-000000.json,2026-09-23T09:18:20Z
e6d196e2908fd66a,1249299053,2015-12-27,,1.0,2015,12,hiver_hivernage,47.987,0.254,362.0,moyenne_1km,72058,Changé,72,"Vespa velutina Lepeletier, 1836",SPECIES,HUMAN_OBSERVATION,iNaturalist,50c9509d-22c7-4a22-a47d-8c48425ef4a7,CC0_1_0,False,False,1,1,1249299053,False,False,,gbif_20260923T091718Z/page_year-2015_offset-000000.json,2026-09-23T09:18:20Z
ac5a14c7993557f3,2473235104,2015-12-29,,1.0,2015,12,hiver_hivernage,47.303,-2.301,20.0,precise_100m,44055,La Baule-Escoublac,44,"Vespa velutina nigrithorax Buysson, 1905",SUBSPECIES,HUMAN_OBSERVATION,Inventaire national Frelon (MNHN),9fd6c3da-88f7-4df7-9a3f-3f3f9c703998,CC_BY_4_0,True,False,1,1,2473235104,False,False,,gbif_20260923T091718Z/page_year-2015_offset-000000.json,2026-09-23T09:18:20Z
1cf6e9615f05bdb6,2473236571,2015-12-31,,1.0,2015,12,hiver_hivernage,47.186,-1.336,20.0,precise_100m,44079,Le Landreau,44,"Vespa velutina nigrithorax Buysson, 1905",SUBSPECIES,HUMAN_OBSERVATION,Inventaire national Frelon (MNHN),9fd6c3da-88f7-4df7-9a3f-3f3f9c703998,CC_BY_4_0,True,False,1,1,2473236571,False,True,,gbif_20260923T091718Z/page_year-2015_offset-000000.json,2026-09-23T09:18:20Z
1fa38cff01fd7e3d,2613603371,2015-12-31,,1.0,2015,12,hiver_hivernage,46.89,-1.928,5000.0,faible_5km,85280,Sallertaine,85,"Vespa velutina nigrithorax Buysson, 1905",SUBSPECIES,HUMAN_OBSERVATION,CardObs (INPN),4145cd45-8a92-426d-be8b-bfbbf5209032,CC_BY_NC_4_0,True,True,1,1,2613603371,False,False,,gbif_20260923T091718Z/page_year-2015_offset-000000.json,2026-09-23T09:18:20Z
473cceb20aa086ab,2473233189,2015-12-31,,1.0,2015,12,hiver_hivernage,47.355,-2.004,,inconnue,44137,Prinquiau,44,"Vespa velutina nigrithorax Buysson, 1905",SUBSPECIES,HUMAN_OBSERVATION,Inventaire national Frelon (MNHN),9fd6c3da-88f7-4df7-9a3f-3f3f9c703998,CC_BY_4_0,True,False,1,1,2473233189,False,True,Q08_incertitude_connue,gbif_20260923T091718Z/page_year-2015_offset-000000.json,2026-09-23T09:18:20Z
4a0f287a2614f27d,2473237751,2015-12-31,,1.0,2015,12,hiver_hivernage,47.188,-1.342,200.0,moyenne_1km,44079,Le Landreau,44,"Vespa velutina nigrithorax Buysson, 1905",SUBSPECIES,HUMAN_OBSERVATION,Inventaire national Frelon (MNHN),9fd6c3da-88f7-4df7-9a3f-3f3f9c703998,CC_BY_4_0,True,False,1,1,2473237751,False,False,,gbif_20260923T091718Z/page_year-2015_offset-000000.json,2026-09-23T09:18:20Z
4fa3f0796cbea32e,2473234755,2015-12-31,,1.0,2015,12,hiver_hivernage,47.584,-0.361,,inconnue,49333,Seiches-sur-le-Loir,49,"Vespa velutina nigrithorax Buysson, 1905",SUBSPECIES,HUMAN_OBSERVATION,Inventaire national Frelon (MNHN),9fd6c3da-88f7-4df7-9a3f-3f3f9c703998,CC_BY_4_0,True,False,1,1,2473234755,False,True,Q08_incertitude_connue,gbif_20260923T091718Z/page_year-2015_offset-000000.json,2026-09-23T09:18:20Z
51767a7b3d605c3e,2473237750,2015-12-31,,1.0,2015,12,hiver_hivernage,47.397,-0.549,20.0,precise_100m,49223,Mûrs-Erigné,49,"Vespa velutina nigrithorax Buysson, 1905",SUBSPECIES,HUMAN_OBSERVATION,Inventaire national Frelon (MNHN),9fd6c3da-88f7-4df7-9a3f-3f3f9c703998,CC_BY_4_0,True,False,1,1,2473237750,False,True,,gbif_20260923T091718Z/page_year-2015_offset-000000.json,2026-09-23T09:18:20Z
5abbdfb69e7de0df,2473205190,2015-12-31,,1.0,2015,12,hiver_hivernage,47.132,-1.732,,inconnue,44171,Saint-Léger-les-Vignes,44,"Vespa velutina nigrithorax Buysson, 1905",SUBSPECIES,HUMAN_OBSERVATION,Inventaire national Frelon (MNHN),9fd6c3da-88f7-4df7-9a3f-3f3f9c703998,CC_BY_4_0,True,False,1,1,2473205190,False,True,Q08_incertitude_connue,gbif_20260923T091718Z/page_year-2015_offset-000000.json,2026-09-23T09:18:20Z
5d1a3a39b86c477c,2613610423,2015-12-31,,1.0,2015,12,hiver_hivernage,47.339,-1.97,5000.0,faible_5km,44080,Lavau-sur-Loire,44,"Vespa velutina nigrithorax Buysson, 1905",SUBSPECIES,HUMAN_OBSERVATION,CardObs (INPN),4145cd45-8a92-426d-be8b-bfbbf5209032,CC_BY_NC_4_0,True,True,1,1,2613610423,False,False,,gbif_20260923T091718Z/page_year-2015_offset-000000.json,2026-09-23T09:18:20Z
6f34d6a23105bbd1,2473237728,2015-12-31,,1.0,2015,12,hiver_hivernage,47.273,-2.336,20.0,precise_100m,44055,La Baule-Escoublac,44,"Vespa velutina nigrithorax Buysson, 1905",SUBSPECIES,HUMAN_OBSERVATION,Inventaire national Frelon (MNHN),9fd6c3da-88f7-4df7-9a3f-3f3f9c703998,CC_BY_4_0,True,False,1,1,2473237728,False,False,,gbif_20260923T091718Z/page_year-2015_offset-000000.json,2026-09-23T09:18:20Z
b8b482e2e5561f5b,2473239139,2015-12-31,,1.0,2015,12,hiver_hivernage,47.247,-1.538,10.0,precise_100m,44109,Nantes,44,"Vespa velutina nigrithorax Buysson, 1905",SUBSPECIES,HUMAN_OBSERVATION,Inventaire national Frelon (MNHN),9fd6c3da-88f7-4df7-9a3f-3f3f9c703998,CC_BY_4_0,True,False,1,1,2473239139,False,False,,gbif_20260923T091718Z/page_year-2015_offset-000000.json,2026-09-23T09:18:20Z
c071c4da604ca43f,2473233273,2015-12-31,,1.0,2015,12,hiver_hivernage,47.245,-1.602,,inconnue,44162,Saint-Herblain,44,"Vespa velutina nigrithorax Buysson, 1905",SUBSPECIES,HUMAN_OBSERVATION,Inventaire national Frelon (MNHN),9fd6c3da-88f7-4df7-9a3f-3f3f9c703998,CC_BY_4_0,True,False,1,1,2473233273,False,False,Q08_incertitude_connue,gbif_20260923T091718Z/page_year-2015_offset-000000.json,2026-09-23T09:18:20Z
c79213ad64299346,2613611719,2015-12-31,,1.0,2015,12,hiver_hivernage,47.576,-0.393,5000.0,faible_5km,49216,Montreuil-sur-Loir,49,"Vespa velutina nigrithorax Buysson, 1905",SUBSPECIES,HUMAN_OBSERVATION,CardObs (INPN),4145cd45-8a92-426d-be8b-bfbbf5209032,CC_BY_NC_4_0,True,True,1,1,2613611719,False,False,,gbif_20260923T091718Z/page_year-2015_offset-000000.json,2026-09-23T09:18:20Z
ccb5ede93cc3b6c5,2473204153,2015-12-31,,1.0,2015,12,hiver_hivernage,46.875,-1.924,,inconnue,85280,Sallertaine,85,"Vespa velutina nigrithorax Buysson, 1905",SUBSPECIES,HUMAN_OBSERVATION,Inventaire national Frelon (MNHN),9fd6c3da-88f7-4df7-9a3f-3f3f9c703998,CC_BY_4_0,True,False,1,1,2473204153,False,False,Q08_incertitude_connue,gbif_20260923T091718Z/page_year-2015_offset-000000.json,2026-09-23T09:18:20Z
6073a10b605bd64b,3310349829,2016-01-01,,366.0,2016,,,48.36,-0.075,5000.0,faible_5km,72294,Saint-Léonard-des-Bois,72,"Vespa velutina Lepeletier, 1836",SPECIES,HUMAN_OBSERVATION,Inventaire national Frelon (MNHN),f946666e-67dc-4848-9fa8-2162f3559e33,CC_BY_4_0,True,False,1,1,3310349829,False,True,,gbif_20260923T091718Z/page_year-2016_offset-000000.json,2026-09-23T09:18:20Z
4ffd08f52e26f7a6,2835765427,2016-04-01,,1.0,2016,4,printemps_fondatrices,47.307,-0.134,25.0,precise_100m,49261,Gennes-Val-de-Loire,49,"Vespa velutina nigrithorax Buysson, 1905",SUBSPECIES,HUMAN_OBSERVATION,Observation.org,8a863029-f435-446a-821e-275f4f641165,CC_BY_NC_4_0,True,True,1,1,2835765427,False,False,,gbif_20260923T091718Z/page_year-2016_offset-000000.json,2026-09-23T09:18:20Z
086ca59fa8e23236,2473203502,2016-04-20,,1.0,2016,4,printemps_fondatrices,47.991,0.235,3000.0,faible_5km,72181,Le Mans,72,"Vespa velutina nigrithorax Buysson, 1905",SUBSPECIES,HUMAN_OBSERVATION,Inventaire national Frelon (MNHN),9fd6c3da-88f7-4df7-9a3f-3f3f9c703998,CC_BY_4_0,True,False,1,1,2473203502,False,False,,gbif_20260923T091718Z/page_year-2016_offset-000000.json,2026-09-23T09:18:20Z
acaf54493a9671a1,2475533774,2016-05-21,,1.0,2016,5,printemps_fondatrices,46.376,-1.07,,inconnue,85267,Sainte-Radégonde-des-Noyers,85,"Vespa velutina Lepeletier, 1836",SPECIES,HUMAN_OBSERVATION,Autre inventaire,54facf62-bf0c-43e7-9972-4fdc407fa6c5,CC_BY_4_0,True,False,5,1,2475533774;2475534678;2475686848;2475692816;2475692987,False,False,Q08_incertitude_connue,gbif_20260923T091718Z/page_year-2016_offset-000000.json,2026-09-23T09:18:20Z
35fd29245fb8ff56,2483087200,2016-05-31,,1.0,2016,5,printemps_fondatrices,46.997,-2.225,50.0,precise_100m,85163,Noirmoutier-en-l'Île,85,"Vespa velutina Lepeletier, 1836",SPECIES,HUMAN_OBSERVATION,LPO,5686f1a4-0da5-4264-be76-8a0ac1e7d6fa,CC_BY_4_0,True,False,1,1,2483087200,False,False,,gbif_20260923T091718Z/page_year-2016_offset-000000.json,2026-09-23T09:18:20Z
11c2473240b6db4d,3847339507,2016-06-01,,1.0,2016,6,ete_ouvrieres,47.21,-1.527,1.0,precise_100m,44109,Nantes,44,"Vespa velutina Lepeletier, 1836",SPECIES,HUMAN_OBSERVATION,Autre inventaire,403cea9f-80d5-48f4-ae41-97cc9a157a62,CC_BY_4_0,True,False,2,1,3847339507;3847397755,False,False,,gbif_20260923T091718Z/page_year-2016_offset-000000.json,2026-09-23T09:18:20Z
385c372a62bb1a25,3847315941,2016-06-01,,1.0,2016,6,ete_ouvrieres,47.212,-1.524,1.0,precise_100m,44109,Nantes,44,"Vespa velutina Lepeletier, 1836",SPECIES,HUMAN_OBSERVATION,Autre inventaire,403cea9f-80d5-48f4-ae41-97cc9a157a62,CC_BY_4_0,True,False,1,1,3847315941,False,False,,gbif_20260923T091718Z/page_year-2016_offset-000000.json,2026-09-23T09:18:20Z
7ce0dd13b8ea04f7,3847369719,2016-06-01,,1.0,2016,6,ete_ouvrieres,47.378,-0.82,1.0,precise_100m,49063,Chalonnes-sur-Loire,49,"Vespa velutina Lepeletier, 1836",SPECIES,HUMAN_OBSERVATION,Autre inventaire,403cea9f-80d5-48f4-ae41-97cc9a157a62,CC_BY_4_0,True,False,1,1,3847369719,False,True,,gbif_20260923T091718Z/page_year-2016_offset-000000.json,2026-09-23T09:18:20Z
d3c834c71995c1aa,3847352303,2016-06-01,,1.0,2016,6,ete_ouvrieres,47.212,-1.525,1.0,precise_100m,44109,Nantes,44,"Vespa velutina Lepeletier, 1836",SPECIES,HUMAN_OBSERVATION,Autre inventaire,403cea9f-80d5-48f4-ae41-97cc9a157a62,CC_BY_4_0,True,False,1,1,3847352303,False,False,,gbif_20260923T091718Z/page_year-2016_offset-000000.json,2026-09-23T09:18:20Z
f6e773fced936b8a,2473236287,2016-06-11,,1.0,2016,6,ete_ouvrieres,47.298,-2.234,,inconnue,44184,Saint-Nazaire,44,"Vespa velutina nigrithorax Buysson, 1905",SUBSPECIES,HUMAN_OBSERVATION,Inventaire national Frelon (MNHN),9fd6c3da-88f7-4df7-9a3f-3f3f9c703998,CC_BY_4_0,True,False,1,1,2473236287,False,False,Q08_incertitude_connue,gbif_20260923T091718Z/page_year-2016_offset-000000.json,2026-09-23T09:18:20Z
08b829a94f930334,2473236343,2016-07-02,,1.0,2016,7,ete_ouvrieres,47.628,-1.826,,inconnue,44067,Guémené-Penfao,44,"Vespa velutina nigrithorax Buysson, 1905",SUBSPECIES,HUMAN_OBSERVATION,Inventaire national Frelon (MNHN),9fd6c3da-88f7-4df7-9a3f-3f3f9c703998,CC_BY_4_0,True,False,1,1,2473236343,False,True,Q08_incertitude_connue,gbif_20260923T091718Z/page_year-2016_offset-000000.json,2026-09-23T09:18:20Z
533113a9c238f2c7,2473237352,2016-07-02,,1.0,2016,7,ete_ouvrieres,47.874,-0.685,,inconnue,53101,Fromentières,53,"Vespa velutina nigrithorax Buysson, 1905",SUBSPECIES,HUMAN_OBSERVATION,Inventaire national Frelon (MNHN),9fd6c3da-88f7-4df7-9a3f-3f3f9c703998,CC_BY_4_0,True,False,1,1,2473237352,False,True,Q08_incertitude_connue,gbif_20260923T091718Z/page_year-2016_offset-000000.json,2026-09-23T09:18:20Z
df7a48ab317b1a47,2473201144,2016-07-12,,1.0,2016,7,ete_ouvrieres,48.063,-0.763,,inconnue,53130,Laval,53,"Vespa velutina nigrithorax Buysson, 1905",SUBSPECIES,HUMAN_OBSERVATION,Inventaire national Frelon (MNHN),9fd6c3da-88f7-4df7-9a3f-3f3f9c703998,CC_BY_4_0,True,False,1,1,2473201144,False,True,Q08_incertitude_connue,gbif_20260923T091718Z/page_year-2016_offset-000000.json,2026-09-23T09:18:20Z
3d60a5f811c986ba,2473236333,2016-07-20,,1.0,2016,7,ete_ouvrieres,48.05,-0.325,,inconnue,53228,Blandouet-Saint Jean,53,"Vespa velutina nigrithorax Buysson, 1905",SUBSPECIES,HUMAN_OBSERVATION,Inventaire national Frelon (MNHN),9fd6c3da-88f7-4df7-9a3f-3f3f9c703998,CC_BY_4_0,True,False,1,1,2473236333,False,True,Q08_incertitude_connue,gbif_20260923T091718Z/page_year-2016_offset-000000.json,2026-09-23T09:18:20Z
9a667ab3436e59cf,2473237462,2016-07-22,,1.0,2016,7,ete_ouvrieres,48.342,-0.264,,inconnue,53271,Villaines-la-Juhel,53,"Vespa velutina nigrithorax Buysson, 1905",SUBSPECIES,HUMAN_OBSERVATION,Inventaire national Frelon (MNHN),9fd6c3da-88f7-4df7-9a3f-3f3f9c703998,CC_BY_4_0,True,False,1,1,2473237462,False,True,Q08_incertitude_connue,gbif_20260923T091718Z/page_year-2016_offset-000000.json,2026-09-23T09:18:20Z
9ca06a0cdfe9519a,2473200920,2016-07-22,,1.0,2016,7,ete_ouvrieres,47.875,0.205,,inconnue,72155,Laigné-Saint-Gervais,72,"Vespa velutina nigrithorax Buysson, 1905",SUBSPECIES,HUMAN_OBSERVATION,Inventaire national Frelon (MNHN),9fd6c3da-88f7-4df7-9a3f-3f3f9c703998,CC_BY_4_0,True,False,1,1,2473200920,False,True,Q08_incertitude_connue,gbif_20260923T091718Z/page_year-2016_offset-000000.json,2026-09-23T09:18:20Z
bff76335185986a6,2473237355,2016-07-24,,1.0,2016,7,ete_ouvrieres,46.838,-1.862,,inconnue,85047,Challans,85,"Vespa velutina nigrithorax Buysson, 1905",SUBSPECIES,HUMAN_OBSERVATION,Inventaire national Frelon (MNHN),9fd6c3da-88f7-4df7-9a3f-3f3f9c703998,CC_BY_4_0,True,False,1,1,2473237355,False,False,Q08_incertitude_connue,gbif_20260923T091718Z/page_year-2016_offset-000000.json,2026-09-23T09:18:20Z
f7c1f456544c9635,2473237674,2016-07-24,,1.0,2016,7,ete_ouvrieres,48.033,0.238,,inconnue,72328,Sargé-lès-le-Mans,72,"Vespa velutina nigrithorax Buysson, 1905",SUBSPECIES,HUMAN_OBSERVATION,Inventaire national Frelon (MNHN),9fd6c3da-88f7-4df7-9a3f-3f3f9c703998,CC_BY_4_0,True,False,1,1,2473237674,False,False,Q08_incertitude_connue,gbif_20260923T091718Z/page_year-2016_offset-000000.json,2026-09-23T09:18:20Z
2bc0a7c551b5150b,2473237459,2016-07-26,,1.0,2016,7,ete_ouvrieres,47.576,-0.462,,inconnue,49377,Rives-du-Loir-en-Anjou,49,"Vespa velutina nigrithorax Buysson, 1905",SUBSPECIES,HUMAN_OBSERVATION,Inventaire national Frelon (MNHN),9fd6c3da-88f7-4df7-9a3f-3f3f9c703998,CC_BY_4_0,True,False,1,1,2473237459,False,False,Q08_incertitude_connue,gbif_20260923T091718Z/page_year-2016_offset-000000.json,2026-09-23T09:18:20Z
0135d37572ba0c3d,2473206543,2016-08-04,,1.0,2016,8,ete_ouvrieres,47.084,-1.295,,inconnue,44043,Clisson,44,"Vespa velutina nigrithorax Buysson, 1905",SUBSPECIES,HUMAN_OBSERVATION,Inventaire national Frelon (MNHN),9fd6c3da-88f7-4df7-9a3f-3f3f9c703998,CC_BY_4_0,True,False,1,1,2473206543,False,False,Q08_incertitude_connue,gbif_20260923T091718Z/page_year-2016_offset-000000.json,2026-09-23T09:18:20Z
5044742709f1e94f,2473205392,2016-08-13,,1.0,2016,8,ete_ouvrieres,47.206,-1.617,,inconnue,44162,Saint-Herblain,44,"Vespa velutina nigrithorax Buysson, 1905",SUBSPECIES,HUMAN_OBSERVATION,Inventaire national Frelon (MNHN),9fd6c3da-88f7-4df7-9a3f-3f3f9c703998,CC_BY_4_0,True,False,1,1,2473205392,False,False,Q08_incertitude_connue,gbif_20260923T091718Z/page_year-2016_offset-000000.json,2026-09-23T09:18:20Z
2f71173eb7bcd879,2473204494,2016-08-18,,1.0,2016,8,ete_ouvrieres,47.246,-2.278,,inconnue,44184,Saint-Nazaire,44,"Vespa velutina nigrithorax Buysson, 1905",SUBSPECIES,HUMAN_OBSERVATION,Inventaire national Frelon (MNHN),9fd6c3da-88f7-4df7-9a3f-3f3f9c703998,CC_BY_4_0,True,False,1,1,2473204494,False,False,Q08_incertitude_connue,gbif_20260923T091718Z/page_year-2016_offset-000000.json,2026-09-23T09:18:20Z
49715bd9e5af3d6f,2473236515,2016-08-18,,1.0,2016,8,ete_ouvrieres,47.096,-0.794,,inconnue,49231,Nuaillé,49,"Vespa velutina nigrithorax Buysson, 1905",SUBSPECIES,HUMAN_OBSERVATION,Inventaire national Frelon (MNHN),9fd6c3da-88f7-4df7-9a3f-3f3f9c703998,CC_BY_4_0,True,False,1,1,2473236515,False,True,Q08_incertitude_connue,gbif_20260923T091718Z/page_year-2016_offset-000000.json,2026-09-23T09:18:20Z
0ad8102cf4f1a6b6,2473236509,2016-08-21,,1.0,2016,8,ete_ouvrieres,47.28,-1.115,,inconnue,49218,Montrevault-sur-Èvre,49,"Vespa velutina nigrithorax Buysson, 1905",SUBSPECIES,HUMAN_OBSERVATION,Inventaire national Frelon (MNHN),9fd6c3da-88f7-4df7-9a3f-3f3f9c703998,CC_BY_4_0,True,False,1,1,2473236509,False,False,Q08_incertitude_connue,gbif_20260923T091718Z/page_year-2016_offset-000000.json,2026-09-23T09:18:20Z
7e887c095f6bbdf4,2473203490,2016-08-21,,1.0,2016,8,ete_ouvrieres,47.464,-1.276,,inconnue,44202,Teillé,44,"Vespa velutina nigrithorax Buysson, 1905",SUBSPECIES,HUMAN_OBSERVATION,Inventaire national Frelon (MNHN),9fd6c3da-88f7-4df7-9a3f-3f3f9c703998,CC_BY_4_0,True,False,1,1,2473203490,False,True,Q08_incertitude_connue,gbif_20260923T091718Z/page_year-2016_offset-000000.json,2026-09-23T09:18:20Z
1a5a72680ebc7e8a,2473239089,2016-08-23,,1.0,2016,8,ete_ouvrieres,47.293,0.073,,inconnue,49041,Brain-sur-Allonnes,49,"Vespa velutina nigrithorax Buysson, 1905",SUBSPECIES,HUMAN_OBSERVATION,Inventaire national Frelon (MNHN),9fd6c3da-88f7-4df7-9a3f-3f3f9c703998,CC_BY_4_0,True,False,1,1,2473239089,False,True,Q08_incertitude_connue,gbif_20260923T091718Z/page_year-2016_offset-000000.json,2026-09-23T09:18:20Z
7eda5cccfa4dd2cf,2473203499,2016-08-23,,1.0,2016,8,ete_ouvrieres,47.04,-1.406,,inconnue,44142,Remouillé,44,"Vespa velutina nigrithorax Buysson, 1905",SUBSPECIES,HUMAN_OBSERVATION,Inventaire national Frelon (MNHN),9fd6c3da-88f7-4df7-9a3f-3f3f9c703998,CC_BY_4_0,True,False,1,1,2473203499,False,True,Q08_incertitude_connue,gbif_20260923T091718Z/page_year-2016_offset-000000.json,2026-09-23T09:18:20Z
3aa56c31066595a1,2473206546,2016-08-28,,1.0,2016,8,ete_ouvrieres,47.289,-2.529,,inconnue,44049,Le Croisic,44,"Vespa velutina nigrithorax Buysson, 1905",SUBSPECIES,HUMAN_OBSERVATION,Inventaire national Frelon (MNHN),9fd6c3da-88f7-4df7-9a3f-3f3f9c703998,CC_BY_4_0,True,False,1,1,2473206546,False,False,Q08_incertitude_connue,gbif_20260923T091718Z/page_year-2016_offset-000000.json,2026-09-23T09:18:20Z
a7f1c6ce1f890773,2473233574,2016-09-01,,1.0,2016,9,automne_reproduction,46.563,-1.469,3000.0,faible_5km,85026,La Boissière-des-Landes,85,"Vespa velutina nigrithorax Buysson, 1905",SUBSPECIES,HUMAN_OBSERVATION,Inventaire national Frelon (MNHN),9fd6c3da-88f7-4df7-9a3f-3f3f9c703998,CC_BY_4_0,True,False,1,1,2473233574,False,False,,gbif_20260923T091718Z/page_year-2016_offset-000000.json,2026-09-23T09:18:20Z
69ab54342ec8b382,2473237676,2016-09-03,,1.0,2016,9,automne_reproduction,47.297,-1.496,,inconnue,44026,Carquefou,44,"Vespa velutina nigrithorax Buysson, 1905",SUBSPECIES,HUMAN_OBSERVATION,Inventaire national Frelon (MNHN),9fd6c3da-88f7-4df7-9a3f-3f3f9c703998,CC_BY_4_0,True,False,1,1,2473237676,False,False,Q08_incertitude_connue,gbif_20260923T091718Z/page_year-2016_offset-000000.json,2026-09-23T09:18:20Z
1e7d08bcb51a1c1e,1306583434,2016-09-04,2016-09-04T17:17:00Z,1.0,2016,9,automne_reproduction,47.257,-0.072,8.0,precise_100m,49328,Saumur,49,"Vespa velutina Lepeletier, 1836",SPECIES,HUMAN_OBSERVATION,iNaturalist,50c9509d-22c7-4a22-a47d-8c48425ef4a7,CC_BY_NC_4_0,True,True,2,2,1306583434;2473201138,True,False,,gbif_20260923T091718Z/page_year-2016_offset-000000.json,2026-09-23T09:18:20Z
22e1267d7b257704,2473204499,2016-09-06,,1.0,2016,9,automne_reproduction,47.254,-2.271,,inconnue,44184,Saint-Nazaire,44,"Vespa velutina nigrithorax Buysson, 1905",SUBSPECIES,HUMAN_OBSERVATION,Inventaire national Frelon (MNHN),9fd6c3da-88f7-4df7-9a3f-3f3f9c703998,CC_BY_4_0,True,False,1,1,2473204499,False,False,Q08_incertitude_connue,gbif_20260923T091718Z/page_year-2016_offset-000000.json,2026-09-23T09:18:20Z
2c7880ca76db0b70,2473200908,2016-09-06,,1.0,2016,9,automne_reproduction,47.424,-0.33,,inconnue,49307,Loire-Authion,49,"Vespa velutina nigrithorax Buysson, 1905",SUBSPECIES,HUMAN_OBSERVATION,Inventaire national Frelon (MNHN),9fd6c3da-88f7-4df7-9a3f-3f3f9c703998,CC_BY_4_0,True,False,1,1,2473200908,False,False,Q08_incertitude_connue,gbif_20260923T091718Z/page_year-2016_offset-000000.json,2026-09-23T09:18:20Z
0b00a454335693ea,2473200897,2016-09-07,,1.0,2016,9,automne_reproduction,47.277,-2.212,,inconnue,44184,Saint-Nazaire,44,"Vespa velutina nigrithorax Buysson, 1905",SUBSPECIES,HUMAN_OBSERVATION,Inventaire national Frelon (MNHN),9fd6c3da-88f7-4df7-9a3f-3f3f9c703998,CC_BY_4_0,True,False,1,1,2473200897,False,False,Q08_incertitude_connue,gbif_20260923T091718Z/page_year-2016_offset-000000.json,2026-09-23T09:18:20Z
46d0d78d133624d2,2473237332,2016-09-07,,1.0,2016,9,automne_reproduction,47.627,-1.836,,inconnue,44067,Guémené-Penfao,44,"Vespa velutina nigrithorax Buysson, 1905",SUBSPECIES,HUMAN_OBSERVATION,Inventaire national Frelon (MNHN),9fd6c3da-88f7-4df7-9a3f-3f3f9c703998,CC_BY_4_0,True,False,1,1,2473237332,False,False,Q08_incertitude_connue,gbif_20260923T091718Z/page_year-2016_offset-000000.json,2026-09-23T09:18:20Z
466ae00f349eb879,2473236500,2016-09-09,,1.0,2016,9,automne_reproduction,47.692,-0.866,,inconnue,49331,Segré-en-Anjou Bleu,49,"Vespa velutina nigrithorax Buysson, 1905",SUBSPECIES,HUMAN_OBSERVATION,Inventaire national Frelon (MNHN),9fd6c3da-88f7-4df7-9a3f-3f3f9c703998,CC_BY_4_0,True,False,1,1,2473236500,False,True,Q08_incertitude_connue,gbif_20260923T091718Z/page_year-2016_offset-000000.json,2026-09-23T09:18:20Z
00c34a7fd6755aea,2473233317,2016-09-10,,1.0,2016,9,automne_reproduction,46.458,-1.171,,inconnue,85128,Luçon,85,"Vespa velutina nigrithorax Buysson, 1905",SUBSPECIES,HUMAN_OBSERVATION,Inventaire national Frelon (MNHN),9fd6c3da-88f7-4df7-9a3f-3f3f9c703998,CC_BY_4_0,True,False,1,1,2473233317,False,False,Q08_incertitude_connue,gbif_20260923T091718Z/page_year-2016_offset-000000.json,2026-09-23T09:18:20Z
570ae932bf018fac,2473236505,2016-09-10,,1.0,2016,9,automne_reproduction,47.524,-0.599,,inconnue,49214,Montreuil-Juigné,49,"Vespa velutina nigrithorax Buysson, 1905",SUBSPECIES,HUMAN_OBSERVATION,Inventaire national Frelon (MNHN),9fd6c3da-88f7-4df7-9a3f-3f3f9c703998,CC_BY_4_0,True,False,1,1,2473236505,False,True,Q08_incertitude_connue,gbif_20260923T091718Z/page_year-2016_offset-000000.json,2026-09-23T09:18:20Z
76d08ac1e9b7c39f,2473206313,2016-09-10,,1.0,2016,9,automne_reproduction,46.422,-1.57,,inconnue,85114,Jard-sur-Mer,85,"Vespa velutina nigrithorax Buysson, 1905",SUBSPECIES,HUMAN_OBSERVATION,Inventaire national Frelon (MNHN),9fd6c3da-88f7-4df7-9a3f-3f3f9c703998,CC_BY_4_0,True,False,1,1,2473206313,False,False,Q08_incertitude_connue,gbif_20260923T091718Z/page_year-2016_offset-000000.json,2026-09-23T09:18:20Z
c01a4a10ff2fb356,2473236501,2016-09-12,,1.0,2016,9,automne_reproduction,47.608,-0.56,,inconnue,49130,Écuillé,49,"Vespa velutina nigrithorax Buysson, 1905",SUBSPECIES,HUMAN_OBSERVATION,Inventaire national Frelon (MNHN),9fd6c3da-88f7-4df7-9a3f-3f3f9c703998,CC_BY_4_0,True,False,1,1,2473236501,False,True,Q08_incertitude_connue,gbif_20260923T091718Z/page_year-2016_offset-000000.json,2026-09-23T09:18:20Z
44ee5dc0237a7a61,2473204289,2016-09-13,,1.0,2016,9,automne_reproduction,47.252,-1.045,,inconnue,49218,Montrevault-sur-Èvre,49,"Vespa velutina nigrithorax Buysson, 1905",SUBSPECIES,HUMAN_OBSERVATION,Inventaire national Frelon (MNHN),9fd6c3da-88f7-4df7-9a3f-3f3f9c703998,CC_BY_4_0,True,False,1,1,2473204289,False,False,Q08_incertitude_connue,gbif_20260923T091718Z/page_year-2016_offset-000000.json,2026-09-23T09:18:20Z
41f0bb5eee35e4f8,3472503374,2016-09-15,,1.0,2016,9,automne_reproduction,47.505,-0.601,2604.0,faible_5km,49015,Avrillé,49,"Vespa velutina Lepeletier, 1836",SPECIES,HUMAN_OBSERVATION,ONF,43027054-3812-4599-b7bc-a01f1df5b071,CC_BY_4_0,True,False,1,1,3472503374,False,False,,gbif_20260923T091718Z/page_year-2016_offset-000000.json,2026-09-23T09:18:20Z
8f0796028e30a92c,4051937424,2016-09-15,,1.0,2016,9,automne_reproduction,47.488,-0.608,,inconnue,49015,Avrillé,49,"Vespa velutina Lepeletier, 1836",SPECIES,HUMAN_OBSERVATION,ONF,017f23ba-bf04-4eb7-a076-04ab2e5de250,CC_BY_4_0,True,False,1,1,4051937424,False,False,Q08_incertitude_connue,gbif_20260923T091718Z/page_year-2016_offset-000000.json,2026-09-23T09:18:20Z
db146c3580cea0f6,2473205387,2016-09-18,,1.0,2016,9,automne_reproduction,47.338,-0.973,,inconnue,49244,Mauges-sur-Loire,49,"Vespa velutina nigrithorax Buysson, 1905",SUBSPECIES,HUMAN_OBSERVATION,Inventaire national Frelon (MNHN),9fd6c3da-88f7-4df7-9a3f-3f3f9c703998,CC_BY_4_0,True,False,1,1,2473205387,False,True,Q08_incertitude_connue,gbif_20260923T091718Z/page_year-2016_offset-000000.json,2026-09-23T09:18:20Z
ee053fe6f90860df,2473237679,2016-09-24,,1.0,2016,9,automne_reproduction,47.716,0.444,,inconnue,72071,Montval-sur-Loir,72,"Vespa velutina nigrithorax Buysson, 1905",SUBSPECIES,HUMAN_OBSERVATION,Inventaire national Frelon (MNHN),9fd6c3da-88f7-4df7-9a3f-3f3f9c703998,CC_BY_4_0,True,False,1,1,2473237679,False,False,Q08_incertitude_connue,gbif_20260923T091718Z/page_year-2016_offset-000000.json,2026-09-23T09:18:20Z
6577b1ad82da3969,2473200914,2016-09-28,,1.0,2016,9,automne_reproduction,47.33,-1.534,,inconnue,44201,Sucé-sur-Erdre,44,"Vespa velutina nigrithorax Buysson, 1905",SUBSPECIES,HUMAN_OBSERVATION,Inventaire national Frelon (MNHN),9fd6c3da-88f7-4df7-9a3f-3f3f9c703998,CC_BY_4_0,True,False,1,1,2473200914,False,True,Q08_incertitude_connue,gbif_20260923T091718Z/page_year-2016_offset-000000.json,2026-09-23T09:18:20Z
631c328ed7ae5fc1,2473203276,2016-09-29,,1.0,2016,9,automne_reproduction,47.33,-2.444,,inconnue,44069,Guérande,44,"Vespa velutina nigrithorax Buysson, 1905",SUBSPECIES,HUMAN_OBSERVATION,Inventaire national Frelon (MNHN),9fd6c3da-88f7-4df7-9a3f-3f3f9c703998,CC_BY_4_0,True,False,1,1,2473203276,False,False,Q08_incertitude_connue,gbif_20260923T091718Z/page_year-2016_offset-000000.json,2026-09-23T09:18:20Z
500c75b8d3939f7a,2473203270,2016-09-30,,1.0,2016,9,automne_reproduction,47.393,-1.452,,inconnue,44122,Petit-Mars,44,"Vespa velutina nigrithorax Buysson, 1905",SUBSPECIES,HUMAN_OBSERVATION,Inventaire national Frelon (MNHN),9fd6c3da-88f7-4df7-9a3f-3f3f9c703998,CC_BY_4_0,True,False,1,1,2473203270,False,True,Q08_incertitude_connue,gbif_20260923T091718Z/page_year-2016_offset-000000.json,2026-09-23T09:18:20Z
9f489021db5071fe,2510656648,2016-10-01,,1.0,2016,10,automne_reproduction,46.462,-1.367,5000.0,faible_5km,85277,Saint-Vincent-sur-Graon,85,"Vespa velutina nigrithorax Buysson, 1905",SUBSPECIES,HUMAN_OBSERVATION,Inventaire national Frelon (MNHN),a1077e55-120b-4c31-9a6b-ca7c210f5b04,CC_BY_4_0,True,False,1,1,2510656648,False,False,,gbif_20260923T091718Z/page_year-2016_offset-000000.json,2026-09-23T09:18:20Z
ca28efffd624fba1,2510657640,2016-10-01,,1.0,2016,10,automne_reproduction,46.546,-1.505,5000.0,faible_5km,85161,Nieul-le-Dolent,85,"Vespa velutina nigrithorax Buysson, 1905",SUBSPECIES,HUMAN_OBSERVATION,Inventaire national Frelon (MNHN),a1077e55-120b-4c31-9a6b-ca7c210f5b04,CC_BY_4_0,True,False,1,1,2510657640,False,True,,gbif_20260923T091718Z/page_year-2016_offset-000000.json,2026-09-23T09:18:20Z
f094c79fb4dc2c8a,2473233262,2016-10-22,,1.0,2016,10,automne_reproduction,47.369,-1.67,,inconnue,44111,Notre-Dame-des-Landes,44,"Vespa velutina nigrithorax Buysson, 1905",SUBSPECIES,HUMAN_OBSERVATION,Inventaire national Frelon (MNHN),9fd6c3da-88f7-4df7-9a3f-3f3f9c703998,CC_BY_4_0,True,False,1,1,2473233262,False,True,Q08_incertitude_connue,gbif_20260923T091718Z/page_year-2016_offset-000000.json,2026-09-23T09:18:20Z
2498a76b068e7673,2473205480,2016-11-02,,1.0,2016,11,automne_reproduction,48.004,0.078,20.0,precise_100m,72130,Fay,72,"Vespa velutina nigrithorax Buysson, 1905",SUBSPECIES,HUMAN_OBSERVATION,Inventaire national Frelon (MNHN),9fd6c3da-88f7-4df7-9a3f-3f3f9c703998,CC_BY_4_0,True,False,1,1,2473205480,False,True,,gbif_20260923T091718Z/page_year-2016_offset-000000.json,2026-09-23T09:18:20Z
5ebaf04877b9cb9b,2473233268,2016-11-03,,1.0,2016,11,automne_reproduction,47.365,-2.191,,inconnue,44168,Saint-Joachim,44,"Vespa velutina nigrithorax Buysson, 1905",SUBSPECIES,HUMAN_OBSERVATION,Inventaire national Frelon (MNHN),9fd6c3da-88f7-4df7-9a3f-3f3f9c703998,CC_BY_4_0,True,False,1,1,2473233268,False,False,Q08_incertitude_connue,gbif_20260923T091718Z/page_year-2016_offset-000000.json,2026-09-23T09:18:20Z
51e147c97d342214,2473204514,2016-11-06,,1.0,2016,11,automne_reproduction,47.267,-1.519,3000.0,faible_5km,44109,Nantes,44,"Vespa velutina nigrithorax Buysson, 1905",SUBSPECIES,HUMAN_OBSERVATION,Inventaire national Frelon (MNHN),9fd6c3da-88f7-4df7-9a3f-3f3f9c703998,CC_BY_4_0,True,False,1,1,2473204514,False,False,,gbif_20260923T091718Z/page_year-2016_offset-000000.json,2026-09-23T09:18:20Z
4da145e02331711e,2473200961,2016-11-08,,1.0,2016,11,automne_reproduction,48.182,0.191,,inconnue,72349,Teillé,72,"Vespa velutina nigrithorax Buysson, 1905",SUBSPECIES,HUMAN_OBSERVATION,Inventaire national Frelon (MNHN),9fd6c3da-88f7-4df7-9a3f-3f3f9c703998,CC_BY_4_0,True,False,1,1,2473200961,False,True,Q08_incertitude_connue,gbif_20260923T091718Z/page_year-2016_offset-000000.json,2026-09-23T09:18:20Z
85a419f9ff349d5e,2473205221,2016-11-09,,1.0,2016,11,automne_reproduction,46.327,-0.948,,inconnue,85111,L'Île-d'Elle,85,"Vespa velutina nigrithorax Buysson, 1905",SUBSPECIES,HUMAN_OBSERVATION,Inventaire national Frelon (MNHN),9fd6c3da-88f7-4df7-9a3f-3f3f9c703998,CC_BY_4_0,True,False,1,1,2473205221,False,True,Q08_incertitude_connue,gbif_20260923T091718Z/page_year-2016_offset-000000.json,2026-09-23T09:18:20Z
0b0239067c7c640c,2473234857,2016-11-13,,1.0,2016,11,automne_reproduction,47.236,-1.504,,inconnue,44109,Nantes,44,"Vespa velutina nigrithorax Buysson, 1905",SUBSPECIES,HUMAN_OBSERVATION,Inventaire national Frelon (MNHN),9fd6c3da-88f7-4df7-9a3f-3f3f9c703998,CC_BY_4_0,True,False,1,1,2473234857,False,False,Q08_incertitude_connue,gbif_20260923T091718Z/page_year-2016_offset-000000.json,2026-09-23T09:18:20Z
3a64d72c492e78c5,2473203278,2016-11-13,,1.0,2016,11,automne_reproduction,47.237,-1.503,,inconnue,44109,Nantes,44,"Vespa velutina nigrithorax Buysson, 1905",SUBSPECIES,HUMAN_OBSERVATION,Inventaire national Frelon (MNHN),9fd6c3da-88f7-4df7-9a3f-3f3f9c703998,CC_BY_4_0,True,False,1,1,2473203278,False,False,Q08_incertitude_connue,gbif_20260923T091718Z/page_year-2016_offset-000000.json,2026-09-23T09:18:20Z
7bfcd19b80dbede8,2473233224,2016-11-14,,1.0,2016,11,automne_reproduction,46.872,-2.121,,inconnue,85012,La Barre-de-Monts,85,"Vespa velutina nigrithorax Buysson, 1905",SUBSPECIES,HUMAN_OBSERVATION,Inventaire national Frelon (MNHN),9fd6c3da-88f7-4df7-9a3f-3f3f9c703998,CC_BY_4_0,True,False,1,1,2473233224,False,True,Q08_incertitude_connue,gbif_20260923T091718Z/page_year-2016_offset-000000.json,2026-09-23T09:18:20Z
27f6eec602769c61,2473237353,2016-11-19,,1.0,2016,11,automne_reproduction,48.022,0.335,,inconnue,72054,Champagné,72,"Vespa velutina nigrithorax Buysson, 1905",SUBSPECIES,HUMAN_OBSERVATION,Inventaire national Frelon (MNHN),9fd6c3da-88f7-4df7-9a3f-3f3f9c703998,CC_BY_4_0,True,False,1,1,2473237353,False,True,Q08_incertitude_connue,gbif_20260923T091718Z/page_year-2016_offset-000000.json,2026-09-23T09:18:20Z
267a126c73a5281a,2473203593,2016-11-22,,1.0,2016,11,automne_reproduction,47.287,-2.354,20.0,precise_100m,44055,La Baule-Escoublac,44,"Vespa velutina nigrithorax Buysson, 1905",SUBSPECIES,HUMAN_OBSERVATION,Inventaire national Frelon (MNHN),9fd6c3da-88f7-4df7-9a3f-3f3f9c703998,CC_BY_4_0,True,False,1,1,2473203593,False,False,,gbif_20260923T091718Z/page_year-2016_offset-000000.json,2026-09-23T09:18:20Z
51b39ee339efc733,2473234833,2016-11-22,,1.0,2016,11,automne_reproduction,47.246,-1.567,,inconnue,44109,Nantes,44,"Vespa velutina nigrithorax Buysson, 1905",SUBSPECIES,HUMAN_OBSERVATION,Inventaire national Frelon (MNHN),9fd6c3da-88f7-4df7-9a3f-3f3f9c703998,CC_BY_4_0,True,False,1,1,2473234833,False,False,Q08_incertitude_connue,gbif_20260923T091718Z/page_year-2016_offset-000000.json,2026-09-23T09:18:20Z
97930a4bfa5b2ee1,2473200936,2016-11-23,,1.0,2016,11,automne_reproduction,48.542,-0.206,,inconnue,53133,Lignières-Orgères,53,"Vespa velutina nigrithorax Buysson, 1905",SUBSPECIES,HUMAN_OBSERVATION,Inventaire national Frelon (MNHN),9fd6c3da-88f7-4df7-9a3f-3f3f9c703998,CC_BY_4_0,True,False,1,1,2473200936,False,True,Q08_incertitude_connue,gbif_20260923T091718Z/page_year-2016_offset-000000.json,2026-09-23T09:18:20Z
35189b6ee53be68a,2473237464,2016-11-25,,1.0,2016,11,automne_reproduction,47.993,0.203,,inconnue,72181,Le Mans,72,"Vespa velutina nigrithorax Buysson, 1905",SUBSPECIES,HUMAN_OBSERVATION,Inventaire national Frelon (MNHN),9fd6c3da-88f7-4df7-9a3f-3f3f9c703998,CC_BY_4_0,True,False,1,1,2473237464,False,False,Q08_incertitude_connue,gbif_20260923T091718Z/page_year-2016_offset-000000.json,2026-09-23T09:18:20Z
5484472a485b170b,2473203279,2016-11-25,,1.0,2016,11,automne_reproduction,48.144,-0.544,,inconnue,53043,Brée,53,"Vespa velutina nigrithorax Buysson, 1905",SUBSPECIES,HUMAN_OBSERVATION,Inventaire national Frelon (MNHN),9fd6c3da-88f7-4df7-9a3f-3f3f9c703998,CC_BY_4_0,True,False,1,1,2473203279,False,True,Q08_incertitude_connue,gbif_20260923T091718Z/page_year-2016_offset-000000.json,2026-09-23T09:18:20Z
7aa1be6a2575f563,2473234858,2016-11-25,,1.0,2016,11,automne_reproduction,48.106,-0.959,,inconnue,53182,Port-Brillet,53,"Vespa velutina nigrithorax Buysson, 1905",SUBSPECIES,HUMAN_OBSERVATION,Inventaire national Frelon (MNHN),9fd6c3da-88f7-4df7-9a3f-3f3f9c703998,CC_BY_4_0,True,False,1,1,2473234858,False,True,Q08_incertitude_connue,gbif_20260923T091718Z/page_year-2016_offset-000000.json,2026-09-23T09:18:20Z
fbb0be0f9b76cbba,2473204287,2016-11-25,,1.0,2016,11,automne_reproduction,48.04,0.168,,inconnue,72065,La Chapelle-Saint-Aubin,72,"Vespa velutina nigrithorax Buysson, 1905",SUBSPECIES,HUMAN_OBSERVATION,Inventaire national Frelon (MNHN),9fd6c3da-88f7-4df7-9a3f-3f3f9c703998,CC_BY_4_0,True,False,1,1,2473204287,False,True,Q08_incertitude_connue,gbif_20260923T091718Z/page_year-2016_offset-000000.json,2026-09-23T09:18:20Z
4065b5254f98f335,2473237436,2016-11-26,,1.0,2016,11,automne_reproduction,47.424,-0.553,,inconnue,49278,Sainte-Gemmes-sur-Loire,49,"Vespa velutina nigrithorax Buysson, 1905",SUBSPECIES,HUMAN_OBSERVATION,Inventaire national Frelon (MNHN),9fd6c3da-88f7-4df7-9a3f-3f3f9c703998,CC_BY_4_0,True,False,1,1,2473237436,False,False,Q08_incertitude_connue,gbif_20260923T091718Z/page_year-2016_offset-000000.json,2026-09-23T09:18:20Z
739967b003fd9bdb,2473233308,2016-11-26,,1.0,2016,11,automne_reproduction,47.703,0.107,,inconnue,72175,Luché-Pringé,72,"Vespa velutina nigrithorax Buysson, 1905",SUBSPECIES,HUMAN_OBSERVATION,Inventaire national Frelon (MNHN),9fd6c3da-88f7-4df7-9a3f-3f3f9c703998,CC_BY_4_0,True,False,1,1,2473233308,False,False,Q08_incertitude_connue,gbif_20260923T091718Z/page_year-2016_offset-000000.json,2026-09-23T09:18:20Z
7e658eb8501203c5,2473235069,2016-11-27,,1.0,2016,11,automne_reproduction,47.222,-1.559,3000.0,faible_5km,44109,Nantes,44,"Vespa velutina nigrithorax Buysson, 1905",SUBSPECIES,HUMAN_OBSERVATION,Inventaire national Frelon (MNHN),9fd6c3da-88f7-4df7-9a3f-3f3f9c703998,CC_BY_4_0,True,False,1,1,2473235069,False,False,,gbif_20260923T091718Z/page_year-2016_offset-000000.json,2026-09-23T09:18:20Z
f1f7e15a89de3a4f,2473237455,2016-12-04,,1.0,2016,12,hiver_hivernage,46.974,-1.328,,inconnue,85146,Montaigu-Vendée,85,"Vespa velutina nigrithorax Buysson, 1905",SUBSPECIES,HUMAN_OBSERVATION,Inventaire national Frelon (MNHN),9fd6c3da-88f7-4df7-9a3f-3f3f9c703998,CC_BY_4_0,True,False,1,1,2473237455,False,False,Q08_incertitude_connue,gbif_20260923T091718Z/page_year-2016_offset-000000.json,2026-09-23T09:18:20Z
3602b225493d4d77,2473203319,2016-12-05,,1.0,2016,12,hiver_hivernage,46.848,-1.201,10.0,precise_100m,85196,Saint-André-Goule-d'Oie,85,"Vespa velutina nigrithorax Buysson, 1905",SUBSPECIES,HUMAN_OBSERVATION,Inventaire national Frelon (MNHN),9fd6c3da-88f7-4df7-9a3f-3f3f9c703998,CC_BY_4_0,True,False,1,1,2473203319,False,True,,gbif_20260923T091718Z/page_year-2016_offset-000000.json,2026-09-23T09:18:20Z
2dc1e9cd2e993cb7,2473203203,2016-12-06,,1.0,2016,12,hiver_hivernage,47.242,-1.537,,inconnue,44109,Nantes,44,"Vespa velutina nigrithorax Buysson, 1905",SUBSPECIES,HUMAN_OBSERVATION,Inventaire national Frelon (MNHN),9fd6c3da-88f7-4df7-9a3f-3f3f9c703998,CC_BY_4_0,True,False,1,1,2473203203,False,False,Q08_incertitude_connue,gbif_20260923T091718Z/page_year-2016_offset-000000.json,2026-09-23T09:18:20Z
a7200fc27cf1e318,2473237508,2016-12-06,,1.0,2016,12,hiver_hivernage,46.53,-1.287,10.0,precise_100m,85193,Rosnay,85,"Vespa velutina nigrithorax Buysson, 1905",SUBSPECIES,HUMAN_OBSERVATION,Inventaire national Frelon (MNHN),9fd6c3da-88f7-4df7-9a3f-3f3f9c703998,CC_BY_4_0,True,False,1,1,2473237508,False,True,,gbif_20260923T091718Z/page_year-2016_offset-000000.json,2026-09-23T09:18:20Z
cb9836b547a4435d,2473234907,2016-12-06,,1.0,2016,12,hiver_hivernage,46.734,-1.046,10.0,precise_100m,85220,Saint-Germain-de-Prinçay,85,"Vespa velutina nigrithorax Buysson, 1905",SUBSPECIES,HUMAN_OBSERVATION,Inventaire national Frelon (MNHN),9fd6c3da-88f7-4df7-9a3f-3f3f9c703998,CC_BY_4_0,True,False,1,1,2473234907,False,True,,gbif_20260923T091718Z/page_year-2016_offset-000000.json,2026-09-23T09:18:20Z
1474a3ff159cc081,2473204328,2016-12-08,,1.0,2016,12,hiver_hivernage,46.671,-1.435,10.0,precise_100m,85191,La Roche-sur-Yon,85,"Vespa velutina nigrithorax Buysson, 1905",SUBSPECIES,HUMAN_OBSERVATION,Inventaire national Frelon (MNHN),9fd6c3da-88f7-4df7-9a3f-3f3f9c703998,CC_BY_4_0,True,False,1,1,2473204328,False,False,,gbif_20260923T091718Z/page_year-2016_offset-000000.json,2026-09-23T09:18:20Z
1881e68586cdc5b8,2473237447,2016-12-08,,1.0,2016,12,hiver_hivernage,47.117,-2.103,,inconnue,44131,Pornic,44,"Vespa velutina nigrithorax Buysson, 1905",SUBSPECIES,HUMAN_OBSERVATION,Inventaire national Frelon (MNHN),9fd6c3da-88f7-4df7-9a3f-3f3f9c703998,CC_BY_4_0,True,False,1,1,2473237447,False,False,Q08_incertitude_connue,gbif_20260923T091718Z/page_year-2016_offset-000000.json,2026-09-23T09:18:20Z
1491ef05040ac2f3,2473233309,2016-12-09,,1.0,2016,12,hiver_hivernage,47.228,-1.501,,inconnue,44109,Nantes,44,"Vespa velutina nigrithorax Buysson, 1905",SUBSPECIES,HUMAN_OBSERVATION,Inventaire national Frelon (MNHN),9fd6c3da-88f7-4df7-9a3f-3f3f9c703998,CC_BY_4_0,True,False,1,1,2473233309,False,False,Q08_incertitude_connue,gbif_20260923T091718Z/page_year-2016_offset-000000.json,2026-09-23T09:18:20Z
2848b0e3fc614f4e,2473205211,2016-12-09,,1.0,2016,12,hiver_hivernage,47.272,-1.417,,inconnue,44204,Thouaré-sur-Loire,44,"Vespa velutina nigrithorax Buysson, 1905",SUBSPECIES,HUMAN_OBSERVATION,Inventaire national Frelon (MNHN),9fd6c3da-88f7-4df7-9a3f-3f3f9c703998,CC_BY_4_0,True,False,1,1,2473205211,False,False,Q08_incertitude_connue,gbif_20260923T091718Z/page_year-2016_offset-000000.json,2026-09-23T09:18:20Z
c8ad6c43e00554de,2473236336,2016-12-09,,1.0,2016,12,hiver_hivernage,46.79,-1.434,,inconnue,85019,Bellevigny,85,"Vespa velutina nigrithorax Buysson, 1905",SUBSPECIES,HUMAN_OBSERVATION,Inventaire national Frelon (MNHN),9fd6c3da-88f7-4df7-9a3f-3f3f9c703998,CC_BY_4_0,True,False,1,1,2473236336,False,True,Q08_incertitude_connue,gbif_20260923T091718Z/page_year-2016_offset-000000.json,2026-09-23T09:18:20Z
f6bfa5630adca727,3847446705,2016-12-13,,1.0,2016,12,hiver_hivernage,47.264,-1.434,1.0,precise_100m,44204,Thouaré-sur-Loire,44,"Vespa velutina Lepeletier, 1836",SPECIES,HUMAN_OBSERVATION,Autre inventaire,403cea9f-80d5-48f4-ae41-97cc9a157a62,CC_BY_4_0,True,False,1,1,3847446705,False,False,,gbif_20260923T091718Z/page_year-2016_offset-000000.json,2026-09-23T09:18:20Z
78e508b0a2de612b,2473204246,2016-12-14,,1.0,2016,12,hiver_hivernage,47.177,-1.601,,inconnue,44020,Bouguenais,44,"Vespa velutina nigrithorax Buysson, 1905",SUBSPECIES,HUMAN_OBSERVATION,Inventaire national Frelon (MNHN),9fd6c3da-88f7-4df7-9a3f-3f3f9c703998,CC_BY_4_0,True,False,1,1,2473204246,False,True,Q08_incertitude_connue,gbif_20260923T091718Z/page_year-2016_offset-000000.json,2026-09-23T09:18:20Z
372fd038c456f61a,2473233335,2016-12-15,,1.0,2016,12,hiver_hivernage,47.749,0.255,,inconnue,72191,Mayet,72,"Vespa velutina nigrithorax Buysson, 1905",SUBSPECIES,HUMAN_OBSERVATION,Inventaire national Frelon (MNHN),9fd6c3da-88f7-4df7-9a3f-3f3f9c703998,CC_BY_4_0,True,False,1,1,2473233335,False,True,Q08_incertitude_connue,gbif_20260923T091718Z/page_year-2016_offset-000000.json,2026-09-23T09:18:20Z
3f4bc9229fca8978,2473206302,2016-12-23,,1.0,2016,12,hiver_hivernage,46.514,-1.486,,inconnue,85200,Saint-Avaugourd-des-Landes,85,"Vespa velutina nigrithorax Buysson, 1905",SUBSPECIES,HUMAN_OBSERVATION,Inventaire national Frelon (MNHN),9fd6c3da-88f7-4df7-9a3f-3f3f9c703998,CC_BY_4_0,True,False,1,1,2473206302,False,True,Q08_incertitude_connue,gbif_20260923T091718Z/page_year-2016_offset-000000.json,2026-09-23T09:18:20Z
002f63a2794c8379,2473201001,2016-12-31,,1.0,2016,12,hiver_hivernage,47.399,-0.515,,inconnue,49308,Saint-Melaine-sur-Aubance,49,"Vespa velutina nigrithorax Buysson, 1905",SUBSPECIES,HUMAN_OBSERVATION,Inventaire national Frelon (MNHN),9fd6c3da-88f7-4df7-9a3f-3f3f9c703998,CC_BY_4_0,True,False,1,1,2473201001,False,False,Q08_incertitude_connue,gbif_20260923T091718Z/page_year-2016_offset-000000.json,2026-09-23T09:18:20Z
00b641e54f69585a,2473237538,2016-12-31,,1.0,2016,12,hiver_hivernage,47.214,-1.48,20.0,precise_100m,44009,Basse-Goulaine,44,"Vespa velutina nigrithorax Buysson, 1905",SUBSPECIES,HUMAN_OBSERVATION,Inventaire national Frelon (MNHN),9fd6c3da-88f7-4df7-9a3f-3f3f9c703998,CC_BY_4_0,True,False,1,1,2473237538,False,False,,gbif_20260923T091718Z/page_year-2016_offset-000000.json,2026-09-23T09:18:20Z
177022c5a0c2ed0e,2473205257,2016-12-31,,1.0,2016,12,hiver_hivernage,47.059,-0.855,,inconnue,49099,Cholet,49,"Vespa velutina nigrithorax Buysson, 1905",SUBSPECIES,HUMAN_OBSERVATION,Inventaire national Frelon (MNHN),9fd6c3da-88f7-4df7-9a3f-3f3f9c703998,CC_BY_4_0,True,False,1,1,2473205257,False,False,Q08_incertitude_connue,gbif_20260923T091718Z/page_year-2016_offset-000000.json,2026-09-23T09:18:20Z
358a9a87dd83db0d,2473206389,2016-12-31,,1.0,2016,12,hiver_hivernage,47.435,-2.088,,inconnue,44129,Pontchâteau,44,"Vespa velutina nigrithorax Buysson, 1905",SUBSPECIES,HUMAN_OBSERVATION,Inventaire national Frelon (MNHN),9fd6c3da-88f7-4df7-9a3f-3f3f9c703998,CC_BY_4_0,True,False,1,1,2473206389,False,False,Q08_incertitude_connue,gbif_20260923T091718Z/page_year-2016_offset-000000.json,2026-09-23T09:18:20Z
3f109cbabf89c788,2473204316,2016-12-31,,1.0,2016,12,hiver_hivernage,47.278,-2.351,,inconnue,44055,La Baule-Escoublac,44,"Vespa velutina nigrithorax Buysson, 1905",SUBSPECIES,HUMAN_OBSERVATION,Inventaire national Frelon (MNHN),9fd6c3da-88f7-4df7-9a3f-3f3f9c703998,CC_BY_4_0,True,False,1,1,2473204316,False,False,Q08_incertitude_connue,gbif_20260923T091718Z/page_year-2016_offset-000000.json,2026-09-23T09:18:20Z
4d2d42f125e762f7,2473237530,2016-12-31,,1.0,2016,12,hiver_hivernage,47.222,-1.507,20.0,precise_100m,44109,Nantes,44,"Vespa velutina nigrithorax Buysson, 1905",SUBSPECIES,HUMAN_OBSERVATION,Inventaire national Frelon (MNHN),9fd6c3da-88f7-4df7-9a3f-3f3f9c703998,CC_BY_4_0,True,False,1,1,2473237530,False,False,,gbif_20260923T091718Z/page_year-2016_offset-000000.json,2026-09-23T09:18:20Z
5044ad71eb859a1e,2473204350,2016-12-31,,1.0,2016,12,hiver_hivernage,47.278,-2.336,20.0,precise_100m,44055,La Baule-Escoublac,44,"Vespa velutina nigrithorax Buysson, 1905",SUBSPECIES,HUMAN_OBSERVATION,Inventaire national Frelon (MNHN),9fd6c3da-88f7-4df7-9a3f-3f3f9c703998,CC_BY_4_0,True,False,1,1,2473204350,False,False,,gbif_20260923T091718Z/page_year-2016_offset-000000.json,2026-09-23T09:18:20Z
5819f59570e566eb,2473204363,2016-12-31,,1.0,2016,12,hiver_hivernage,47.958,0.227,20.0,precise_100m,72181,Le Mans,72,"Vespa velutina nigrithorax Buysson, 1905",SUBSPECIES,HUMAN_OBSERVATION,Inventaire national Frelon (MNHN),9fd6c3da-88f7-4df7-9a3f-3f3f9c703998,CC_BY_4_0,True,False,1,1,2473204363,False,False,,gbif_20260923T091718Z/page_year-2016_offset-000000.json,2026-09-23T09:18:20Z
5a4072400fd4e860,2473239164,2016-12-31,,1.0,2016,12,hiver_hivernage,47.057,-0.855,,inconnue,49099,Cholet,49,"Vespa velutina nigrithorax Buysson, 1905",SUBSPECIES,HUMAN_OBSERVATION,Inventaire national Frelon (MNHN),9fd6c3da-88f7-4df7-9a3f-3f3f9c703998,CC_BY_4_0,True,False,1,1,2473239164,False,False,Q08_incertitude_connue,gbif_20260923T091718Z/page_year-2016_offset-000000.json,2026-09-23T09:18:20Z
6b20e4c427125fac,2473203349,2016-12-31,,1.0,2016,12,hiver_hivernage,47.235,-1.504,20.0,precise_100m,44109,Nantes,44,"Vespa velutina nigrithorax Buysson, 1905",SUBSPECIES,HUMAN_OBSERVATION,Inventaire national Frelon (MNHN),9fd6c3da-88f7-4df7-9a3f-3f3f9c703998,CC_BY_4_0,True,False,1,1,2473203349,False,False,,gbif_20260923T091718Z/page_year-2016_offset-000000.json,2026-09-23T09:18:20Z
71596fb1bf2bafc5,2473237504,2016-12-31,,1.0,2016,12,hiver_hivernage,47.487,-2.047,,inconnue,44161,Saint-Gildas-des-Bois,44,"Vespa velutina nigrithorax Buysson, 1905",SUBSPECIES,HUMAN_OBSERVATION,Inventaire national Frelon (MNHN),9fd6c3da-88f7-4df7-9a3f-3f3f9c703998,CC_BY_4_0,True,False,1,1,2473237504,False,True,Q08_incertitude_connue,gbif_20260923T091718Z/page_year-2016_offset-000000.json,2026-09-23T09:18:20Z
7e33282e80ff2cc4,2473236386,2016-12-31,,1.0,2016,12,hiver_hivernage,46.697,-1.424,20.0,precise_100m,85191,La Roche-sur-Yon,85,"Vespa velutina nigrithorax Buysson, 1905",SUBSPECIES,HUMAN_OBSERVATION,Inventaire national Frelon (MNHN),9fd6c3da-88f7-4df7-9a3f-3f3f9c703998,CC_BY_4_0,True,False,1,1,2473236386,False,False,,gbif_20260923T091718Z/page_year-2016_offset-000000.json,2026-09-23T09:18:20Z
7f7970957e31a16c,2473206420,2016-12-31,,1.0,2016,12,hiver_hivernage,47.226,-1.557,20.0,precise_100m,44109,Nantes,44,"Vespa velutina nigrithorax Buysson, 1905",SUBSPECIES,HUMAN_OBSERVATION,Inventaire national Frelon (MNHN),9fd6c3da-88f7-4df7-9a3f-3f3f9c703998,CC_BY_4_0,True,False,1,1,2473206420,False,False,,gbif_20260923T091718Z/page_year-2016_offset-000000.json,2026-09-23T09:18:20Z
85f8adc2959594a7,2473206427,2016-12-31,,1.0,2016,12,hiver_hivernage,47.181,-1.653,20.0,precise_100m,44020,Bouguenais,44,"Vespa velutina nigrithorax Buysson, 1905",SUBSPECIES,HUMAN_OBSERVATION,Inventaire national Frelon (MNHN),9fd6c3da-88f7-4df7-9a3f-3f3f9c703998,CC_BY_4_0,True,False,1,1,2473206427,False,False,,gbif_20260923T091718Z/page_year-2016_offset-000000.json,2026-09-23T09:18:20Z
8b1ac6a8dc76421e,2473237528,2016-12-31,,1.0,2016,12,hiver_hivernage,47.277,-2.328,20.0,precise_100m,44055,La Baule-Escoublac,44,"Vespa velutina nigrithorax Buysson, 1905",SUBSPECIES,HUMAN_OBSERVATION,Inventaire national Frelon (MNHN),9fd6c3da-88f7-4df7-9a3f-3f3f9c703998,CC_BY_4_0,True,False,1,1,2473237528,False,False,,gbif_20260923T091718Z/page_year-2016_offset-000000.json,2026-09-23T09:18:20Z
97e9d093214d2948,2473204324,2016-12-31,,1.0,2016,12,hiver_hivernage,47.514,-2.04,,inconnue,44161,Saint-Gildas-des-Bois,44,"Vespa velutina nigrithorax Buysson, 1905",SUBSPECIES,HUMAN_OBSERVATION,Inventaire national Frelon (MNHN),9fd6c3da-88f7-4df7-9a3f-3f3f9c703998,CC_BY_4_0,True,False,1,1,2473204324,False,False,Q08_incertitude_connue,gbif_20260923T091718Z/page_year-2016_offset-000000.json,2026-09-23T09:18:20Z
edfdb1a45ab1bdc4,2473239200,2016-12-31,,1.0,2016,12,hiver_hivernage,47.647,-0.538,3000.0,faible_5km,49090,Cheffes,49,"Vespa velutina nigrithorax Buysson, 1905",SUBSPECIES,HUMAN_OBSERVATION,Inventaire national Frelon (MNHN),9fd6c3da-88f7-4df7-9a3f-3f3f9c703998,CC_BY_4_0,True,False,1,1,2473239200,False,True,,gbif_20260923T091718Z/page_year-2016_offset-000000.json,2026-09-23T09:18:20Z
f4b26f571d44a284,2473236380,2016-12-31,,1.0,2016,12,hiver_hivernage,47.398,-0.516,,inconnue,49308,Saint-Melaine-sur-Aubance,49,"Vespa velutina nigrithorax Buysson, 1905",SUBSPECIES,HUMAN_OBSERVATION,Inventaire national Frelon (MNHN),9fd6c3da-88f7-4df7-9a3f-3f3f9c703998,CC_BY_4_0,True,False,1,1,2473236380,False,False,Q08_incertitude_connue,gbif_20260923T091718Z/page_year-2016_offset-000000.json,2026-09-23T09:18:20Z
f8a7dce4f3a2ee56,2473237505,2016-12-31,,1.0,2016,12,hiver_hivernage,47.358,-1.951,,inconnue,44195,Savenay,44,"Vespa velutina nigrithorax Buysson, 1905",SUBSPECIES,HUMAN_OBSERVATION,Inventaire national Frelon (MNHN),9fd6c3da-88f7-4df7-9a3f-3f3f9c703998,CC_BY_4_0,True,False,1,1,2473237505,False,False,Q08_incertitude_connue,gbif_20260923T091718Z/page_year-2016_offset-000000.json,2026-09-23T09:18:20Z
f7c388a7f0528bb4,2841560251,2017-01-20,,1.0,2017,1,hiver_hivernage,47.317,-0.035,100.0,precise_100m,49378,Vivy,49,"Vespa velutina nigrithorax Buysson, 1905",SUBSPECIES,HUMAN_OBSERVATION,Observation.org,8a863029-f435-446a-821e-275f4f641165,CC_BY_NC_4_0,True,True,1,1,2841560251,False,True,,gbif_20260923T091718Z/page_year-2017_offset-000000.json,2026-09-23T09:18:20Z
07ee269599c2a1f9,4150243991,2017-03-20,,1.0,2017,3,printemps_fondatrices,47.13,-0.148,,inconnue,49215,Montreuil-Bellay,49,"Vespa velutina nigrithorax Buysson, 1905",SUBSPECIES,HUMAN_OBSERVATION,Autre inventaire,9a8e206b-9e5f-41da-80db-fa3a7dffade2,CC_BY_4_0,True,False,1,1,4150243991,False,False,Q08_incertitude_connue,gbif_20260923T091718Z/page_year-2017_offset-000000.json,2026-09-23T09:18:20Z
2e94f73fc874281e,4595577686,2017-04-05,,1.0,2017,4,printemps_fondatrices,47.479,-2.162,,inconnue,44098,Missillac,44,"Vespa velutina Lepeletier, 1836",SPECIES,HUMAN_OBSERVATION,SPIPOLL,0797c245-3f7f-42db-b822-550a36b2a922,CC_BY_4_0,True,False,1,1,4595577686,False,False,Q08_incertitude_connue,gbif_20260923T091718Z/page_year-2017_offset-000000.json,2026-09-23T09:18:20Z
b6c0e4d9eaba582a,2473203358,2017-06-29,,1.0,2017,6,ete_ouvrieres,48.213,-0.665,20.0,precise_100m,53146,Martigné-sur-Mayenne,53,"Vespa velutina nigrithorax Buysson, 1905",SUBSPECIES,HUMAN_OBSERVATION,Inventaire national Frelon (MNHN),9fd6c3da-88f7-4df7-9a3f-3f3f9c703998,CC_BY_4_0,True,False,1,1,2473203358,False,True,,gbif_20260923T091718Z/page_year-2017_offset-000000.json,2026-09-23T09:18:20Z
aa666a7138bb476d,2473236639,2017-07-02,,1.0,2017,7,ete_ouvrieres,47.288,-2.359,20.0,precise_100m,44055,La Baule-Escoublac,44,"Vespa velutina nigrithorax Buysson, 1905",SUBSPECIES,HUMAN_OBSERVATION,Inventaire national Frelon (MNHN),9fd6c3da-88f7-4df7-9a3f-3f3f9c703998,CC_BY_4_0,True,False,1,1,2473236639,True,False,,gbif_20260923T091718Z/page_year-2017_offset-000000.json,2026-09-23T09:18:20Z
109e208512ad1999,2473235159,2017-07-03,,1.0,2017,7,ete_ouvrieres,47.302,-2.371,20.0,precise_100m,44055,La Baule-Escoublac,44,"Vespa velutina nigrithorax Buysson, 1905",SUBSPECIES,HUMAN_OBSERVATION,Inventaire national Frelon (MNHN),9fd6c3da-88f7-4df7-9a3f-3f3f9c703998,CC_BY_4_0,True,False,1,1,2473235159,True,False,,gbif_20260923T091718Z/page_year-2017_offset-000000.json,2026-09-23T09:18:20Z
cf676f56583b4e67,2473203612,2017-07-04,,1.0,2017,7,ete_ouvrieres,47.293,-2.354,20.0,precise_100m,44055,La Baule-Escoublac,44,"Vespa velutina nigrithorax Buysson, 1905",SUBSPECIES,HUMAN_OBSERVATION,Inventaire national Frelon (MNHN),9fd6c3da-88f7-4df7-9a3f-3f3f9c703998,CC_BY_4_0,True,False,1,1,2473203612,True,False,,gbif_20260923T091718Z/page_year-2017_offset-000000.json,2026-09-23T09:18:20Z
89ecc3e6cacf7166,2473236637,2017-07-07,,1.0,2017,7,ete_ouvrieres,47.283,-2.369,20.0,precise_100m,44055,La Baule-Escoublac,44,"Vespa velutina nigrithorax Buysson, 1905",SUBSPECIES,HUMAN_OBSERVATION,Inventaire national Frelon (MNHN),9fd6c3da-88f7-4df7-9a3f-3f3f9c703998,CC_BY_4_0,True,False,1,1,2473236637,True,False,,gbif_20260923T091718Z/page_year-2017_offset-000000.json,2026-09-23T09:18:20Z
16392055bf2246e0,2473236395,2017-07-08,,1.0,2017,7,ete_ouvrieres,48.019,0.152,3000.0,faible_5km,72181,Le Mans,72,"Vespa velutina nigrithorax Buysson, 1905",SUBSPECIES,HUMAN_OBSERVATION,Inventaire national Frelon (MNHN),9fd6c3da-88f7-4df7-9a3f-3f3f9c703998,CC_BY_4_0,True,False,1,1,2473236395,False,False,,gbif_20260923T091718Z/page_year-2017_offset-000000.json,2026-09-23T09:18:20Z
258104f8cd2c2f9f,2473206691,2017-07-11,,1.0,2017,7,ete_ouvrieres,47.294,-2.366,20.0,precise_100m,44055,La Baule-Escoublac,44,"Vespa velutina nigrithorax Buysson, 1905",SUBSPECIES,HUMAN_OBSERVATION,Inventaire national Frelon (MNHN),9fd6c3da-88f7-4df7-9a3f-3f3f9c703998,CC_BY_4_0,True,False,1,1,2473206691,False,False,,gbif_20260923T091718Z/page_year-2017_offset-000000.json,2026-09-23T09:18:20Z
077ec1ea52f0941c,2473239408,2017-07-17,,1.0,2017,7,ete_ouvrieres,47.272,-2.332,20.0,precise_100m,44055,La Baule-Escoublac,44,"Vespa velutina nigrithorax Buysson, 1905",SUBSPECIES,HUMAN_OBSERVATION,Inventaire national Frelon (MNHN),9fd6c3da-88f7-4df7-9a3f-3f3f9c703998,CC_BY_4_0,True,False,1,1,2473239408,False,False,,gbif_20260923T091718Z/page_year-2017_offset-000000.json,2026-09-23T09:18:20Z
189e66928515e8f0,2473206690,2017-07-17,,1.0,2017,7,ete_ouvrieres,47.287,-2.398,20.0,precise_100m,44055,La Baule-Escoublac,44,"Vespa velutina nigrithorax Buysson, 1905",SUBSPECIES,HUMAN_OBSERVATION,Inventaire national Frelon (MNHN),9fd6c3da-88f7-4df7-9a3f-3f3f9c703998,CC_BY_4_0,True,False,1,1,2473206690,False,False,,gbif_20260923T091718Z/page_year-2017_offset-000000.json,2026-09-23T09:18:20Z
d0153ef8a634ad70,2473205499,2017-07-17,,1.0,2017,7,ete_ouvrieres,47.284,-2.391,20.0,precise_100m,44055,La Baule-Escoublac,44,"Vespa velutina nigrithorax Buysson, 1905",SUBSPECIES,HUMAN_OBSERVATION,Inventaire national Frelon (MNHN),9fd6c3da-88f7-4df7-9a3f-3f3f9c703998,CC_BY_4_0,True,False,1,1,2473205499,False,False,,gbif_20260923T091718Z/page_year-2017_offset-000000.json,2026-09-23T09:18:20Z
689da906cca0e3c1,2473206403,2017-07-19,,1.0,2017,7,ete_ouvrieres,46.936,-2.175,3000.0,faible_5km,85011,Barbâtre,85,"Vespa velutina nigrithorax Buysson, 1905",SUBSPECIES,HUMAN_OBSERVATION,Inventaire national Frelon (MNHN),9fd6c3da-88f7-4df7-9a3f-3f3f9c703998,CC_BY_4_0,True,False,1,1,2473206403,False,True,,gbif_20260923T091718Z/page_year-2017_offset-000000.json,2026-09-23T09:18:20Z
476df6ad6178aa84,2473237525,2017-07-23,,1.0,2017,7,ete_ouvrieres,47.464,-1.276,3000.0,faible_5km,44202,Teillé,44,"Vespa velutina nigrithorax Buysson, 1905",SUBSPECIES,HUMAN_OBSERVATION,Inventaire national Frelon (MNHN),9fd6c3da-88f7-4df7-9a3f-3f3f9c703998,CC_BY_4_0,True,False,1,1,2473237525,False,False,,gbif_20260923T091718Z/page_year-2017_offset-000000.json,2026-09-23T09:18:20Z
5ca2e0c6fc767118,2473205502,2017-07-25,,1.0,2017,7,ete_ouvrieres,47.29,-2.382,20.0,precise_100m,44055,La Baule-Escoublac,44,"Vespa velutina nigrithorax Buysson, 1905",SUBSPECIES,HUMAN_OBSERVATION,Inventaire national Frelon (MNHN),9fd6c3da-88f7-4df7-9a3f-3f3f9c703998,CC_BY_4_0,True,False,1,1,2473205502,False,False,,gbif_20260923T091718Z/page_year-2017_offset-000000.json,2026-09-23T09:18:20Z
ab090f33fcae3fa6,2473206687,2017-07-25,,1.0,2017,7,ete_ouvrieres,47.276,-2.357,20.0,precise_100m,44055,La Baule-Escoublac,44,"Vespa velutina nigrithorax Buysson, 1905",SUBSPECIES,HUMAN_OBSERVATION,Inventaire national Frelon (MNHN),9fd6c3da-88f7-4df7-9a3f-3f3f9c703998,CC_BY_4_0,True,False,1,1,2473206687,True,False,,gbif_20260923T091718Z/page_year-2017_offset-000000.json,2026-09-23T09:18:20Z
d057d5d31ca3c195,2473234945,2017-07-25,,1.0,2017,7,ete_ouvrieres,47.977,-0.663,3000.0,faible_5km,53143,Maisoncelles-du-Maine,53,"Vespa velutina nigrithorax Buysson, 1905",SUBSPECIES,HUMAN_OBSERVATION,Inventaire national Frelon (MNHN),9fd6c3da-88f7-4df7-9a3f-3f3f9c703998,CC_BY_4_0,True,False,1,1,2473234945,False,True,,gbif_20260923T091718Z/page_year-2017_offset-000000.json,2026-09-23T09:18:20Z
536a127e72fae80c,2473206689,2017-07-26,,1.0,2017,7,ete_ouvrieres,47.282,-2.406,20.0,precise_100m,44055,La Baule-Escoublac,44,"Vespa velutina nigrithorax Buysson, 1905",SUBSPECIES,HUMAN_OBSERVATION,Inventaire national Frelon (MNHN),9fd6c3da-88f7-4df7-9a3f-3f3f9c703998,CC_BY_4_0,True,False,1,1,2473206689,False,False,,gbif_20260923T091718Z/page_year-2017_offset-000000.json,2026-09-23T09:18:20Z
66eb52d5eaf804c9,2473234920,2017-07-26,,1.0,2017,7,ete_ouvrieres,47.347,-1.285,3000.0,faible_5km,44115,Oudon,44,"Vespa velutina nigrithorax Buysson, 1905",SUBSPECIES,HUMAN_OBSERVATION,Inventaire national Frelon (MNHN),9fd6c3da-88f7-4df7-9a3f-3f3f9c703998,CC_BY_4_0,True,False,1,1,2473234920,False,False,,gbif_20260923T091718Z/page_year-2017_offset-000000.json,2026-09-23T09:18:20Z
bca4e3b97c60b74e,2473201276,2017-08-03,,1.0,2017,8,ete_ouvrieres,47.276,-2.346,20.0,precise_100m,44055,La Baule-Escoublac,44,"Vespa velutina nigrithorax Buysson, 1905",SUBSPECIES,HUMAN_OBSERVATION,Inventaire national Frelon (MNHN),9fd6c3da-88f7-4df7-9a3f-3f3f9c703998,CC_BY_4_0,True,False,1,1,2473201276,True,False,,gbif_20260923T091718Z/page_year-2017_offset-000000.json,2026-09-23T09:18:20Z
d88c90acfa273c3d,2473237820,2017-08-03,,1.0,2017,8,ete_ouvrieres,47.282,-2.352,20.0,precise_100m,44055,La Baule-Escoublac,44,"Vespa velutina nigrithorax Buysson, 1905",SUBSPECIES,HUMAN_OBSERVATION,Inventaire national Frelon (MNHN),9fd6c3da-88f7-4df7-9a3f-3f3f9c703998,CC_BY_4_0,True,False,1,1,2473237820,True,False,,gbif_20260923T091718Z/page_year-2017_offset-000000.json,2026-09-23T09:18:20Z
d091f27e322a116c,2473239410,2017-08-04,,1.0,2017,8,ete_ouvrieres,47.284,-2.353,20.0,precise_100m,44055,La Baule-Escoublac,44,"Vespa velutina nigrithorax Buysson, 1905",SUBSPECIES,HUMAN_OBSERVATION,Inventaire national Frelon (MNHN),9fd6c3da-88f7-4df7-9a3f-3f3f9c703998,CC_BY_4_0,True,False,1,1,2473239410,True,False,,gbif_20260923T091718Z/page_year-2017_offset-000000.json,2026-09-23T09:18:20Z
ac348e4fbd3f5959,2473233589,2017-08-05,,1.0,2017,8,ete_ouvrieres,47.006,-2.239,20.0,precise_100m,85163,Noirmoutier-en-l'Île,85,"Vespa velutina nigrithorax Buysson, 1905",SUBSPECIES,HUMAN_OBSERVATION,Inventaire national Frelon (MNHN),9fd6c3da-88f7-4df7-9a3f-3f3f9c703998,CC_BY_4_0,True,False,1,1,2473233589,False,False,,gbif_20260923T091718Z/page_year-2017_offset-000000.json,2026-09-23T09:18:20Z
43f66681327cf4c3,2473234930,2017-08-08,,1.0,2017,8,ete_ouvrieres,47.101,-1.301,3000.0,faible_5km,44064,Gorges,44,"Vespa velutina nigrithorax Buysson, 1905",SUBSPECIES,HUMAN_OBSERVATION,Inventaire national Frelon (MNHN),9fd6c3da-88f7-4df7-9a3f-3f3f9c703998,CC_BY_4_0,True,False,1,1,2473234930,False,False,,gbif_20260923T091718Z/page_year-2017_offset-000000.json,2026-09-23T09:18:20Z
5d153748be753d55,3847290603,2017-08-08,,1.0,2017,8,ete_ouvrieres,47.395,-0.881,1.0,precise_100m,49244,Mauges-sur-Loire,49,"Vespa velutina Lepeletier, 1836",SPECIES,HUMAN_OBSERVATION,Autre inventaire,403cea9f-80d5-48f4-ae41-97cc9a157a62,CC_BY_4_0,True,False,1,1,3847290603,False,False,,gbif_20260923T091718Z/page_year-2017_offset-000000.json,2026-09-23T09:18:20Z
89a17b28ddef8c4a,2473237543,2017-08-09,,1.0,2017,8,ete_ouvrieres,47.114,-1.768,3000.0,faible_5km,44133,Port-Saint-Père,44,"Vespa velutina nigrithorax Buysson, 1905",SUBSPECIES,HUMAN_OBSERVATION,Inventaire national Frelon (MNHN),9fd6c3da-88f7-4df7-9a3f-3f3f9c703998,CC_BY_4_0,True,False,1,1,2473237543,False,True,,gbif_20260923T091718Z/page_year-2017_offset-000000.json,2026-09-23T09:18:20Z
1fea42eb7efa2066,2473203329,2017-08-12,,1.0,2017,8,ete_ouvrieres,48.145,0.357,3000.0,faible_5km,72026,Beaufay,72,"Vespa velutina nigrithorax Buysson, 1905",SUBSPECIES,HUMAN_OBSERVATION,Inventaire national Frelon (MNHN),9fd6c3da-88f7-4df7-9a3f-3f3f9c703998,CC_BY_4_0,True,False,1,1,2473203329,False,True,,gbif_20260923T091718Z/page_year-2017_offset-000000.json,2026-09-23T09:18:20Z
34952e221b200a63,2473203510,2017-08-17,,1.0,2017,8,ete_ouvrieres,47.207,-1.535,20.0,precise_100m,44109,Nantes,44,"Vespa velutina nigrithorax Buysson, 1905",SUBSPECIES,HUMAN_OBSERVATION,Inventaire national Frelon (MNHN),9fd6c3da-88f7-4df7-9a3f-3f3f9c703998,CC_BY_4_0,True,False,1,1,2473203510,False,False,,gbif_20260923T091718Z/page_year-2017_offset-000000.json,2026-09-23T09:18:20Z
a73723ac9cd3fd00,2473206688,2017-08-17,,1.0,2017,8,ete_ouvrieres,47.277,-2.346,20.0,precise_100m,44055,La Baule-Escoublac,44,"Vespa velutina nigrithorax Buysson, 1905",SUBSPECIES,HUMAN_OBSERVATION,Inventaire national Frelon (MNHN),9fd6c3da-88f7-4df7-9a3f-3f3f9c703998,CC_BY_4_0,True,False,1,1,2473206688,True,False,,gbif_20260923T091718Z/page_year-2017_offset-000000.json,2026-09-23T09:18:20Z
9447f9c1a5870570,2473205501,2017-08-18,,1.0,2017,8,ete_ouvrieres,47.29,-1.555,20.0,precise_100m,44035,La Chapelle-sur-Erdre,44,"Vespa velutina nigrithorax Buysson, 1905",SUBSPECIES,HUMAN_OBSERVATION,Inventaire national Frelon (MNHN),9fd6c3da-88f7-4df7-9a3f-3f3f9c703998,CC_BY_4_0,True,False,1,1,2473205501,False,True,,gbif_20260923T091718Z/page_year-2017_offset-000000.json,2026-09-23T09:18:20Z
7cd550d78ee9e580,2473233590,2017-08-21,,1.0,2017,8,ete_ouvrieres,47.28,-2.346,20.0,precise_100m,44055,La Baule-Escoublac,44,"Vespa velutina nigrithorax Buysson, 1905",SUBSPECIES,HUMAN_OBSERVATION,Inventaire national Frelon (MNHN),9fd6c3da-88f7-4df7-9a3f-3f3f9c703998,CC_BY_4_0,True,False,1,1,2473233590,True,False,,gbif_20260923T091718Z/page_year-2017_offset-000000.json,2026-09-23T09:18:20Z
bf1d9103984ce41b,2473237822,2017-08-21,,1.0,2017,8,ete_ouvrieres,47.293,-2.389,20.0,precise_100m,44055,La Baule-Escoublac,44,"Vespa velutina nigrithorax Buysson, 1905",SUBSPECIES,HUMAN_OBSERVATION,Inventaire national Frelon (MNHN),9fd6c3da-88f7-4df7-9a3f-3f3f9c703998,CC_BY_4_0,True,False,1,1,2473237822,False,False,,gbif_20260923T091718Z/page_year-2017_offset-000000.json,2026-09-23T09:18:20Z
e2b52d5d633e7211,2473203364,2017-08-21,,1.0,2017,8,ete_ouvrieres,47.973,0.283,20.0,precise_100m,72058,Changé,72,"Vespa velutina nigrithorax Buysson, 1905",SUBSPECIES,HUMAN_OBSERVATION,Inventaire national Frelon (MNHN),9fd6c3da-88f7-4df7-9a3f-3f3f9c703998,CC_BY_4_0,True,False,1,1,2473203364,False,False,,gbif_20260923T091718Z/page_year-2017_offset-000000.json,2026-09-23T09:18:20Z
f99e6afb9a9ff2a5,2473205498,2017-08-21,,1.0,2017,8,ete_ouvrieres,47.273,-2.336,20.0,precise_100m,44055,La Baule-Escoublac,44,"Vespa velutina nigrithorax Buysson, 1905",SUBSPECIES,HUMAN_OBSERVATION,Inventaire national Frelon (MNHN),9fd6c3da-88f7-4df7-9a3f-3f3f9c703998,CC_BY_4_0,True,False,1,1,2473205498,False,False,,gbif_20260923T091718Z/page_year-2017_offset-000000.json,2026-09-23T09:18:20Z
f4b56e521f9abb33,2473237550,2017-08-26,,1.0,2017,8,ete_ouvrieres,46.843,-1.867,20.0,precise_100m,85047,Challans,85,"Vespa velutina nigrithorax Buysson, 1905",SUBSPECIES,HUMAN_OBSERVATION,Inventaire national Frelon (MNHN),9fd6c3da-88f7-4df7-9a3f-3f3f9c703998,CC_BY_4_0,True,False,1,1,2473237550,False,False,,gbif_20260923T091718Z/page_year-2017_offset-000000.json,2026-09-23T09:18:20Z
5ad0e26b6714ceaf,2473205291,2017-08-27,,1.0,2017,8,ete_ouvrieres,48.442,-0.552,3000.0,faible_5km,53127,Lassay-les-Châteaux,53,"Vespa velutina nigrithorax Buysson, 1905",SUBSPECIES,HUMAN_OBSERVATION,Inventaire national Frelon (MNHN),9fd6c3da-88f7-4df7-9a3f-3f3f9c703998,CC_BY_4_0,True,False,1,1,2473205291,False,True,,gbif_20260923T091718Z/page_year-2017_offset-000000.json,2026-09-23T09:18:20Z
b4ecaa48997e19b9,2473204372,2017-08-28,,1.0,2017,8,ete_ouvrieres,46.51,-1.77,3000.0,faible_5km,85194,Les Sables-d'Olonne,85,"Vespa velutina nigrithorax Buysson, 1905",SUBSPECIES,HUMAN_OBSERVATION,Inventaire national Frelon (MNHN),9fd6c3da-88f7-4df7-9a3f-3f3f9c703998,CC_BY_4_0,True,False,1,1,2473204372,False,False,,gbif_20260923T091718Z/page_year-2017_offset-000000.json,2026-09-23T09:18:20Z
9d2178f2b8f84811,2473201281,2017-08-29,,1.0,2017,8,ete_ouvrieres,47.294,-2.388,20.0,precise_100m,44055,La Baule-Escoublac,44,"Vespa velutina nigrithorax Buysson, 1905",SUBSPECIES,HUMAN_OBSERVATION,Inventaire national Frelon (MNHN),9fd6c3da-88f7-4df7-9a3f-3f3f9c703998,CC_BY_4_0,True,False,1,1,2473201281,False,False,,gbif_20260923T091718Z/page_year-2017_offset-000000.json,2026-09-23T09:18:20Z
2509a037911a5e61,2473233594,2017-08-31,,1.0,2017,8,ete_ouvrieres,47.297,-2.37,20.0,precise_100m,44055,La Baule-Escoublac,44,"Vespa velutina nigrithorax Buysson, 1905",SUBSPECIES,HUMAN_OBSERVATION,Inventaire national Frelon (MNHN),9fd6c3da-88f7-4df7-9a3f-3f3f9c703998,CC_BY_4_0,True,False,1,1,2473233594,True,False,,gbif_20260923T091718Z/page_year-2017_offset-000000.json,2026-09-23T09:18:20Z
669c5d58dcb85657,2473206432,2017-08-31,,1.0,2017,8,ete_ouvrieres,47.256,-2.013,3000.0,faible_5km,44192,Saint-Viaud,44,"Vespa velutina nigrithorax Buysson, 1905",SUBSPECIES,HUMAN_OBSERVATION,Inventaire national Frelon (MNHN),9fd6c3da-88f7-4df7-9a3f-3f3f9c703998,CC_BY_4_0,True,False,1,1,2473206432,False,True,,gbif_20260923T091718Z/page_year-2017_offset-000000.json,2026-09-23T09:18:20Z
90c04ec00fa72fc6,2473206473,2017-08-31,,1.0,2017,8,ete_ouvrieres,48.461,-0.51,20.0,precise_100m,53235,Sainte-Marie-du-Bois,53,"Vespa velutina nigrithorax Buysson, 1905",SUBSPECIES,HUMAN_OBSERVATION,Inventaire national Frelon (MNHN),9fd6c3da-88f7-4df7-9a3f-3f3f9c703998,CC_BY_4_0,True,False,1,1,2473206473,False,True,,gbif_20260923T091718Z/page_year-2017_offset-000000.json,2026-09-23T09:18:20Z
551fcc9910b74960,2473201282,2017-09-01,,1.0,2017,9,automne_reproduction,47.296,-2.336,20.0,precise_100m,44055,La Baule-Escoublac,44,"Vespa velutina nigrithorax Buysson, 1905",SUBSPECIES,HUMAN_OBSERVATION,Inventaire national Frelon (MNHN),9fd6c3da-88f7-4df7-9a3f-3f3f9c703998,CC_BY_4_0,True,False,1,1,2473201282,True,False,,gbif_20260923T091718Z/page_year-2017_offset-000000.json,2026-09-23T09:18:20Z
3b1d09e7937ee4c6,2473237553,2017-09-02,,1.0,2017,9,automne_reproduction,47.523,-0.742,20.0,precise_100m,49271,Saint-Clément-de-la-Place,49,"Vespa velutina nigrithorax Buysson, 1905",SUBSPECIES,HUMAN_OBSERVATION,Inventaire national Frelon (MNHN),9fd6c3da-88f7-4df7-9a3f-3f3f9c703998,CC_BY_4_0,True,False,1,1,2473237553,False,True,,gbif_20260923T091718Z/page_year-2017_offset-000000.json,2026-09-23T09:18:20Z
67b3e8bbb5a267c3,2473205293,2017-09-02,,1.0,2017,9,automne_reproduction,48.314,0.23,3000.0,faible_5km,72192,Les Mées,72,"Vespa velutina nigrithorax Buysson, 1905",SUBSPECIES,HUMAN_OBSERVATION,Inventaire national Frelon (MNHN),9fd6c3da-88f7-4df7-9a3f-3f3f9c703998,CC_BY_4_0,True,False,1,1,2473205293,False,True,,gbif_20260923T091718Z/page_year-2017_offset-000000.json,2026-09-23T09:18:20Z
09bec3df8e62ceef,2473237555,2017-09-04,,1.0,2017,9,automne_reproduction,47.052,-1.378,3000.0,faible_5km,44142,Remouillé,44,"Vespa velutina nigrithorax Buysson, 1905",SUBSPECIES,HUMAN_OBSERVATION,Inventaire national Frelon (MNHN),9fd6c3da-88f7-4df7-9a3f-3f3f9c703998,CC_BY_4_0,True,False,1,1,2473237555,False,False,,gbif_20260923T091718Z/page_year-2017_offset-000000.json,2026-09-23T09:18:20Z
66c0118315073b6e,2473201278,2017-09-09,,1.0,2017,9,automne_reproduction,47.283,-2.354,20.0,precise_100m,44055,La Baule-Escoublac,44,"Vespa velutina nigrithorax Buysson, 1905",SUBSPECIES,HUMAN_OBSERVATION,Inventaire national Frelon (MNHN),9fd6c3da-88f7-4df7-9a3f-3f3f9c703998,CC_BY_4_0,True,False,1,1,2473201278,False,False,,gbif_20260923T091718Z/page_year-2017_offset-000000.json,2026-09-23T09:18:20Z
0c8de4b4098e2d62,2473234955,2017-09-11,,1.0,2017,9,automne_reproduction,47.462,-0.533,20.0,precise_100m,49007,Angers,49,"Vespa velutina nigrithorax Buysson, 1905",SUBSPECIES,HUMAN_OBSERVATION,Inventaire national Frelon (MNHN),9fd6c3da-88f7-4df7-9a3f-3f3f9c703998,CC_BY_4_0,True,False,1,1,2473234955,False,False,,gbif_20260923T091718Z/page_year-2017_offset-000000.json,2026-09-23T09:18:20Z
0f5757cb6b136c29,2473201280,2017-09-12,,1.0,2017,9,automne_reproduction,47.289,-2.373,20.0,precise_100m,44055,La Baule-Escoublac,44,"Vespa velutina nigrithorax Buysson, 1905",SUBSPECIES,HUMAN_OBSERVATION,Inventaire national Frelon (MNHN),9fd6c3da-88f7-4df7-9a3f-3f3f9c703998,CC_BY_4_0,True,False,1,1,2473201280,True,False,,gbif_20260923T091718Z/page_year-2017_offset-000000.json,2026-09-23T09:18:20Z
1a06e66d2a9ddce6,2473205503,2017-09-12,,1.0,2017,9,automne_reproduction,47.3,-2.32,20.0,precise_100m,44055,La Baule-Escoublac,44,"Vespa velutina nigrithorax Buysson, 1905",SUBSPECIES,HUMAN_OBSERVATION,Inventaire national Frelon (MNHN),9fd6c3da-88f7-4df7-9a3f-3f3f9c703998,CC_BY_4_0,True,False,1,1,2473205503,False,False,,gbif_20260923T091718Z/page_year-2017_offset-000000.json,2026-09-23T09:18:20Z
cafde830b21f10a0,2473201041,2017-09-12,,1.0,2017,9,automne_reproduction,47.761,0.287,20.0,precise_100m,72191,Mayet,72,"Vespa velutina nigrithorax Buysson, 1905",SUBSPECIES,HUMAN_OBSERVATION,Inventaire national Frelon (MNHN),9fd6c3da-88f7-4df7-9a3f-3f3f9c703998,CC_BY_4_0,True,False,1,1,2473201041,False,False,,gbif_20260923T091718Z/page_year-2017_offset-000000.json,2026-09-23T09:18:20Z
27b32174c6916db4,2472710641,2017-09-14,,1.0,2017,9,automne_reproduction,47.702,-0.048,11.0,precise_100m,72154,La Flèche,72,"Vespa velutina Lepeletier, 1836",SPECIES,HUMAN_OBSERVATION,CardObs (INPN),abf9b70d-8d79-4444-ba75-7aa8039f55bc,CC_BY_4_0,True,False,1,1,2472710641,False,False,,gbif_20260923T091718Z/page_year-2017_offset-000000.json,2026-09-23T09:18:20Z
b26ec7ffdfbda900,2473203611,2017-09-14,,1.0,2017,9,automne_reproduction,47.286,-2.377,20.0,precise_100m,44055,La Baule-Escoublac,44,"Vespa velutina nigrithorax Buysson, 1905",SUBSPECIES,HUMAN_OBSERVATION,Inventaire national Frelon (MNHN),9fd6c3da-88f7-4df7-9a3f-3f3f9c703998,CC_BY_4_0,True,False,1,1,2473203611,True,False,,gbif_20260923T091718Z/page_year-2017_offset-000000.json,2026-09-23T09:18:20Z
8cea6c770c1d1182,2473203511,2017-09-16,,1.0,2017,9,automne_reproduction,46.985,-1.513,3000.0,faible_5km,85262,Saint-Philbert-de-Bouaine,85,"Vespa velutina nigrithorax Buysson, 1905",SUBSPECIES,HUMAN_OBSERVATION,Inventaire national Frelon (MNHN),9fd6c3da-88f7-4df7-9a3f-3f3f9c703998,CC_BY_4_0,True,False,1,1,2473203511,False,True,,gbif_20260923T091718Z/page_year-2017_offset-000000.json,2026-09-23T09:18:20Z
3aa1c7e5c5edab27,4594999940,2017-09-18,,1.0,2017,9,automne_reproduction,47.213,-1.543,,inconnue,44109,Nantes,44,"Vespa velutina Lepeletier, 1836",SPECIES,HUMAN_OBSERVATION,SPIPOLL,0797c245-3f7f-42db-b822-550a36b2a922,CC_BY_4_0,True,False,2,1,4594999940;4595740602,False,False,Q08_incertitude_connue,gbif_20260923T091718Z/page_year-2017_offset-000000.json,2026-09-23T09:18:20Z
6f85182d4c4943ee,2473233591,2017-09-18,,1.0,2017,9,automne_reproduction,47.288,-2.4,20.0,precise_100m,44055,La Baule-Escoublac,44,"Vespa velutina nigrithorax Buysson, 1905",SUBSPECIES,HUMAN_OBSERVATION,Inventaire national Frelon (MNHN),9fd6c3da-88f7-4df7-9a3f-3f3f9c703998,CC_BY_4_0,True,False,1,1,2473233591,False,False,,gbif_20260923T091718Z/page_year-2017_offset-000000.json,2026-09-23T09:18:20Z
15371837f235407f,2473233389,2017-09-21,,1.0,2017,9,automne_reproduction,47.304,-1.488,3000.0,faible_5km,44026,Carquefou,44,"Vespa velutina nigrithorax Buysson, 1905",SUBSPECIES,HUMAN_OBSERVATION,Inventaire national Frelon (MNHN),9fd6c3da-88f7-4df7-9a3f-3f3f9c703998,CC_BY_4_0,True,False,1,1,2473233389,False,False,,gbif_20260923T091718Z/page_year-2017_offset-000000.json,2026-09-23T09:18:20Z
aa6a5b5f78f439f3,2473236413,2017-09-21,,1.0,2017,9,automne_reproduction,47.418,-0.923,3000.0,faible_5km,49160,Ingrandes-le-Fresne-sur-Loire,49,"Vespa velutina nigrithorax Buysson, 1905",SUBSPECIES,HUMAN_OBSERVATION,Inventaire national Frelon (MNHN),9fd6c3da-88f7-4df7-9a3f-3f3f9c703998,CC_BY_4_0,True,False,1,1,2473236413,False,True,,gbif_20260923T091718Z/page_year-2017_offset-000000.json,2026-09-23T09:18:20Z
d62a29a44aa9c2d2,2473237821,2017-09-21,,1.0,2017,9,automne_reproduction,47.286,-2.361,20.0,precise_100m,44055,La Baule-Escoublac,44,"Vespa velutina nigrithorax Buysson, 1905",SUBSPECIES,HUMAN_OBSERVATION,Inventaire national Frelon (MNHN),9fd6c3da-88f7-4df7-9a3f-3f3f9c703998,CC_BY_4_0,True,False,1,1,2473237821,True,False,,gbif_20260923T091718Z/page_year-2017_offset-000000.json,2026-09-23T09:18:20Z
6fb4eeb04a951f88,2473203610,2017-09-25,,1.0,2017,9,automne_reproduction,47.282,-2.409,20.0,precise_100m,44055,La Baule-Escoublac,44,"Vespa velutina nigrithorax Buysson, 1905",SUBSPECIES,HUMAN_OBSERVATION,Inventaire national Frelon (MNHN),9fd6c3da-88f7-4df7-9a3f-3f3f9c703998,CC_BY_4_0,True,False,1,1,2473203610,False,False,,gbif_20260923T091718Z/page_year-2017_offset-000000.json,2026-09-23T09:18:20Z
d6523c3bf81d1705,2473236638,2017-09-25,,1.0,2017,9,automne_reproduction,47.288,-2.375,20.0,precise_100m,44055,La Baule-Escoublac,44,"Vespa velutina nigrithorax Buysson, 1905",SUBSPECIES,HUMAN_OBSERVATION,Inventaire national Frelon (MNHN),9fd6c3da-88f7-4df7-9a3f-3f3f9c703998,CC_BY_4_0,True,False,1,1,2473236638,True,False,,gbif_20260923T091718Z/page_year-2017_offset-000000.json,2026-09-23T09:18:20Z
4e7953a20b496da6,2473204382,2017-09-26,,1.0,2017,9,automne_reproduction,47.246,-1.505,3000.0,faible_5km,44109,Nantes,44,"Vespa velutina nigrithorax Buysson, 1905",SUBSPECIES,HUMAN_OBSERVATION,Inventaire national Frelon (MNHN),9fd6c3da-88f7-4df7-9a3f-3f3f9c703998,CC_BY_4_0,True,False,1,1,2473204382,False,False,,gbif_20260923T091718Z/page_year-2017_offset-000000.json,2026-09-23T09:18:20Z
95b9a5cac84cdfbf,2473203376,2017-09-26,,1.0,2017,9,automne_reproduction,47.087,-1.611,3000.0,faible_5km,44041,La Chevrolière,44,"Vespa velutina nigrithorax Buysson, 1905",SUBSPECIES,HUMAN_OBSERVATION,Inventaire national Frelon (MNHN),9fd6c3da-88f7-4df7-9a3f-3f3f9c703998,CC_BY_4_0,True,False,1,1,2473203376,False,False,,gbif_20260923T091718Z/page_year-2017_offset-000000.json,2026-09-23T09:18:20Z
869b62bc8be2010c,2473201044,2017-09-27,,1.0,2017,9,automne_reproduction,47.468,-0.608,3000.0,faible_5km,49007,Angers,49,"Vespa velutina nigrithorax Buysson, 1905",SUBSPECIES,HUMAN_OBSERVATION,Inventaire national Frelon (MNHN),9fd6c3da-88f7-4df7-9a3f-3f3f9c703998,CC_BY_4_0,True,False,1,1,2473201044,False,False,,gbif_20260923T091718Z/page_year-2017_offset-000000.json,2026-09-23T09:18:20Z
f4c7674d5586c407,2473204628,2017-10-02,,1.0,2017,10,automne_reproduction,47.304,-2.38,20.0,precise_100m,44055,La Baule-Escoublac,44,"Vespa velutina nigrithorax Buysson, 1905",SUBSPECIES,HUMAN_OBSERVATION,Inventaire national Frelon (MNHN),9fd6c3da-88f7-4df7-9a3f-3f3f9c703998,CC_BY_4_0,True,False,1,1,2473204628,False,False,,gbif_20260923T091718Z/page_year-2017_offset-000000.json,2026-09-23T09:18:20Z
2ec2a1e4c0a9b0de,2473206692,2017-10-11,,1.0,2017,10,automne_reproduction,47.296,-2.367,20.0,precise_100m,44055,La Baule-Escoublac,44,"Vespa velutina nigrithorax Buysson, 1905",SUBSPECIES,HUMAN_OBSERVATION,Inventaire national Frelon (MNHN),9fd6c3da-88f7-4df7-9a3f-3f3f9c703998,CC_BY_4_0,True,False,1,1,2473206692,False,False,,gbif_20260923T091718Z/page_year-2017_offset-000000.json,2026-09-23T09:18:20Z
37c3ac176f13a54b,2473235157,2017-10-11,,1.0,2017,10,automne_reproduction,47.285,-2.378,20.0,precise_100m,44055,La Baule-Escoublac,44,"Vespa velutina nigrithorax Buysson, 1905",SUBSPECIES,HUMAN_OBSERVATION,Inventaire national Frelon (MNHN),9fd6c3da-88f7-4df7-9a3f-3f3f9c703998,CC_BY_4_0,True,False,1,1,2473235157,False,False,,gbif_20260923T091718Z/page_year-2017_offset-000000.json,2026-09-23T09:18:20Z
df83298008e433b6,2473239214,2017-10-11,,1.0,2017,10,automne_reproduction,47.27,-1.447,20.0,precise_100m,44204,Thouaré-sur-Loire,44,"Vespa velutina nigrithorax Buysson, 1905",SUBSPECIES,HUMAN_OBSERVATION,Inventaire national Frelon (MNHN),9fd6c3da-88f7-4df7-9a3f-3f3f9c703998,CC_BY_4_0,True,False,1,1,2473239214,False,False,,gbif_20260923T091718Z/page_year-2017_offset-000000.json,2026-09-23T09:18:20Z
323181d187736c5a,2473236429,2017-10-13,,1.0,2017,10,automne_reproduction,48.0,0.204,20.0,precise_100m,72181,Le Mans,72,"Vespa velutina nigrithorax Buysson, 1905",SUBSPECIES,HUMAN_OBSERVATION,Inventaire national Frelon (MNHN),9fd6c3da-88f7-4df7-9a3f-3f3f9c703998,CC_BY_4_0,True,False,1,1,2473236429,False,False,,gbif_20260923T091718Z/page_year-2017_offset-000000.json,2026-09-23T09:18:20Z
bdd964f95fbdf460,2473234962,2017-10-14,,1.0,2017,10,automne_reproduction,47.572,-0.476,20.0,precise_100m,49048,Briollay,49,"Vespa velutina nigrithorax Buysson, 1905",SUBSPECIES,HUMAN_OBSERVATION,Inventaire national Frelon (MNHN),9fd6c3da-88f7-4df7-9a3f-3f3f9c703998,CC_BY_4_0,True,False,1,1,2473234962,False,True,,gbif_20260923T091718Z/page_year-2017_offset-000000.json,2026-09-23T09:18:20Z
319224db44176005,4594982522,2017-10-16,,1.0,2017,10,automne_reproduction,48.143,-0.42,,inconnue,53097,Évron,53,"Vespa velutina Lepeletier, 1836",SPECIES,HUMAN_OBSERVATION,SPIPOLL,0797c245-3f7f-42db-b822-550a36b2a922,CC_BY_4_0,True,False,1,1,4594982522,False,False,Q08_incertitude_connue,gbif_20260923T091718Z/page_year-2017_offset-000000.json,2026-09-23T09:18:20Z
e314f49424de4fba,2473201277,2017-10-16,,1.0,2017,10,automne_reproduction,47.282,-2.406,20.0,precise_100m,44055,La Baule-Escoublac,44,"Vespa velutina nigrithorax Buysson, 1905",SUBSPECIES,HUMAN_OBSERVATION,Inventaire national Frelon (MNHN),9fd6c3da-88f7-4df7-9a3f-3f3f9c703998,CC_BY_4_0,True,False,1,1,2473201277,False,False,,gbif_20260923T091718Z/page_year-2017_offset-000000.json,2026-09-23T09:18:20Z
55eab173dc272277,2473235155,2017-10-20,,1.0,2017,10,automne_reproduction,47.274,-2.341,20.0,precise_100m,44055,La Baule-Escoublac,44,"Vespa velutina nigrithorax Buysson, 1905",SUBSPECIES,HUMAN_OBSERVATION,Inventaire national Frelon (MNHN),9fd6c3da-88f7-4df7-9a3f-3f3f9c703998,CC_BY_4_0,True,False,1,1,2473235155,False,False,,gbif_20260923T091718Z/page_year-2017_offset-000000.json,2026-09-23T09:18:20Z
7d9a483466eb0cff,2473233592,2017-10-20,,1.0,2017,10,automne_reproduction,47.29,-2.372,20.0,precise_100m,44055,La Baule-Escoublac,44,"Vespa velutina nigrithorax Buysson, 1905",SUBSPECIES,HUMAN_OBSERVATION,Inventaire national Frelon (MNHN),9fd6c3da-88f7-4df7-9a3f-3f3f9c703998,CC_BY_4_0,True,False,1,1,2473233592,False,False,,gbif_20260923T091718Z/page_year-2017_offset-000000.json,2026-09-23T09:18:20Z
3b919b048c7623d9,2473239409,2017-10-23,,1.0,2017,10,automne_reproduction,47.274,-2.348,20.0,precise_100m,44055,La Baule-Escoublac,44,"Vespa velutina nigrithorax Buysson, 1905",SUBSPECIES,HUMAN_OBSERVATION,Inventaire national Frelon (MNHN),9fd6c3da-88f7-4df7-9a3f-3f3f9c703998,CC_BY_4_0,True,False,1,1,2473239409,True,False,,gbif_20260923T091718Z/page_year-2017_offset-000000.json,2026-09-23T09:18:20Z
cc208fd6a4d89a33,2473237819,2017-10-23,,1.0,2017,10,automne_reproduction,47.277,-2.349,20.0,precise_100m,44055,La Baule-Escoublac,44,"Vespa velutina nigrithorax Buysson, 1905",SUBSPECIES,HUMAN_OBSERVATION,Inventaire national Frelon (MNHN),9fd6c3da-88f7-4df7-9a3f-3f3f9c703998,CC_BY_4_0,True,False,1,1,2473237819,True,False,,gbif_20260923T091718Z/page_year-2017_offset-000000.json,2026-09-23T09:18:20Z
c26337ccbbe0d82c,2473239218,2017-10-24,,1.0,2017,10,automne_reproduction,47.243,-1.069,20.0,precise_100m,49218,Montrevault-sur-Èvre,49,"Vespa velutina nigrithorax Buysson, 1905",SUBSPECIES,HUMAN_OBSERVATION,Inventaire national Frelon (MNHN),9fd6c3da-88f7-4df7-9a3f-3f3f9c703998,CC_BY_4_0,True,False,1,1,2473239218,False,False,,gbif_20260923T091718Z/page_year-2017_offset-000000.json,2026-09-23T09:18:20Z
5b59afe9d593f63d,2473239412,2017-10-26,,1.0,2017,10,automne_reproduction,47.29,-2.384,20.0,precise_100m,44055,La Baule-Escoublac,44,"Vespa velutina nigrithorax Buysson, 1905",SUBSPECIES,HUMAN_OBSERVATION,Inventaire national Frelon (MNHN),9fd6c3da-88f7-4df7-9a3f-3f3f9c703998,CC_BY_4_0,True,False,1,1,2473239412,False,False,,gbif_20260923T091718Z/page_year-2017_offset-000000.json,2026-09-23T09:18:20Z
927023c91e938125,2473236640,2017-10-26,,1.0,2017,10,automne_reproduction,47.295,-2.37,20.0,precise_100m,44055,La Baule-Escoublac,44,"Vespa velutina nigrithorax Buysson, 1905",SUBSPECIES,HUMAN_OBSERVATION,Inventaire national Frelon (MNHN),9fd6c3da-88f7-4df7-9a3f-3f3f9c703998,CC_BY_4_0,True,False,1,1,2473236640,True,False,,gbif_20260923T091718Z/page_year-2017_offset-000000.json,2026-09-23T09:18:20Z
c731189725374131,2473237694,2017-10-27,,1.0,2017,10,automne_reproduction,47.107,-2.101,3000.0,faible_5km,44131,Pornic,44,"Vespa velutina nigrithorax Buysson, 1905",SUBSPECIES,HUMAN_OBSERVATION,Inventaire national Frelon (MNHN),9fd6c3da-88f7-4df7-9a3f-3f3f9c703998,CC_BY_4_0,True,False,1,1,2473237694,False,False,,gbif_20260923T091718Z/page_year-2017_offset-000000.json,2026-09-23T09:18:20Z
8337b20542228153,2510656601,2017-10-29,,1.0,2017,10,automne_reproduction,47.478,-0.653,5000.0,faible_5km,49020,Beaucouzé,49,"Vespa velutina nigrithorax Buysson, 1905",SUBSPECIES,HUMAN_OBSERVATION,Inventaire national Frelon (MNHN),a1077e55-120b-4c31-9a6b-ca7c210f5b04,CC_BY_4_0,True,False,1,1,2510656601,False,False,,gbif_20260923T091718Z/page_year-2017_offset-000000.json,2026-09-23T09:18:20Z
c79c281b7bf65b2d,2473233396,2017-10-30,,1.0,2017,10,automne_reproduction,47.235,-1.545,20.0,precise_100m,44109,Nantes,44,"Vespa velutina nigrithorax Buysson, 1905",SUBSPECIES,HUMAN_OBSERVATION,Inventaire national Frelon (MNHN),9fd6c3da-88f7-4df7-9a3f-3f3f9c703998,CC_BY_4_0,True,False,1,1,2473233396,False,False,,gbif_20260923T091718Z/page_year-2017_offset-000000.json,2026-09-23T09:18:20Z
fcfdab5e84bf5193,2473206564,2017-10-31,,1.0,2017,10,automne_reproduction,47.259,-1.6,3000.0,faible_5km,44114,Orvault,44,"Vespa velutina nigrithorax Buysson, 1905",SUBSPECIES,HUMAN_OBSERVATION,Inventaire national Frelon (MNHN),9fd6c3da-88f7-4df7-9a3f-3f3f9c703998,CC_BY_4_0,True,False,1,1,2473206564,False,False,,gbif_20260923T091718Z/page_year-2017_offset-000000.json,2026-09-23T09:18:20Z
4ccc62327964e1dd,2473201279,2017-11-02,,1.0,2017,11,automne_reproduction,47.288,-2.368,20.0,precise_100m,44055,La Baule-Escoublac,44,"Vespa velutina nigrithorax Buysson, 1905",SUBSPECIES,HUMAN_OBSERVATION,Inventaire national Frelon (MNHN),9fd6c3da-88f7-4df7-9a3f-3f3f9c703998,CC_BY_4_0,True,False,1,1,2473201279,True,False,,gbif_20260923T091718Z/page_year-2017_offset-000000.json,2026-09-23T09:18:20Z
cbf33b433947c017,2473204627,2017-11-02,,1.0,2017,11,automne_reproduction,47.293,-2.391,20.0,precise_100m,44055,La Baule-Escoublac,44,"Vespa velutina nigrithorax Buysson, 1905",SUBSPECIES,HUMAN_OBSERVATION,Inventaire national Frelon (MNHN),9fd6c3da-88f7-4df7-9a3f-3f3f9c703998,CC_BY_4_0,True,False,1,1,2473204627,False,False,,gbif_20260923T091718Z/page_year-2017_offset-000000.json,2026-09-23T09:18:20Z
1396329d78c1ec89,2473234968,2017-11-04,,1.0,2017,11,automne_reproduction,47.122,-0.159,20.0,precise_100m,49215,Montreuil-Bellay,49,"Vespa velutina nigrithorax Buysson, 1905",SUBSPECIES,HUMAN_OBSERVATION,Inventaire national Frelon (MNHN),9fd6c3da-88f7-4df7-9a3f-3f3f9c703998,CC_BY_4_0,True,False,1,1,2473234968,False,False,,gbif_20260923T091718Z/page_year-2017_offset-000000.json,2026-09-23T09:18:20Z
a723f993109523af,2473203389,2017-11-05,,1.0,2017,11,automne_reproduction,47.136,-1.743,20.0,precise_100m,44133,Port-Saint-Père,44,"Vespa velutina nigrithorax Buysson, 1905",SUBSPECIES,HUMAN_OBSERVATION,Inventaire national Frelon (MNHN),9fd6c3da-88f7-4df7-9a3f-3f3f9c703998,CC_BY_4_0,True,False,1,1,2473203389,False,False,,gbif_20260923T091718Z/page_year-2017_offset-000000.json,2026-09-23T09:18:20Z
c121c9fb0b4a2778,3489647303,2017-11-05,,1.0,2017,11,automne_reproduction,47.77,0.129,5000.0,faible_5km,72182,Mansigné,72,"Vespa velutina nigrithorax Buysson, 1905",SUBSPECIES,HUMAN_OBSERVATION,Inventaire national Frelon (MNHN),a1077e55-120b-4c31-9a6b-ca7c210f5b04,CC_BY_4_0,True,False,1,1,3489647303,False,True,,gbif_20260923T091718Z/page_year-2017_offset-000000.json,2026-09-23T09:18:20Z
364a7c90eda4cb4e,2473205500,2017-11-06,,1.0,2017,11,automne_reproduction,47.285,-2.351,20.0,precise_100m,44055,La Baule-Escoublac,44,"Vespa velutina nigrithorax Buysson, 1905",SUBSPECIES,HUMAN_OBSERVATION,Inventaire national Frelon (MNHN),9fd6c3da-88f7-4df7-9a3f-3f3f9c703998,CC_BY_4_0,True,False,1,1,2473205500,True,False,,gbif_20260923T091718Z/page_year-2017_offset-000000.json,2026-09-23T09:18:20Z
09b7738fca13021e,2473203613,2017-11-07,,1.0,2017,11,automne_reproduction,47.302,-2.336,20.0,precise_100m,44055,La Baule-Escoublac,44,"Vespa velutina nigrithorax Buysson, 1905",SUBSPECIES,HUMAN_OBSERVATION,Inventaire national Frelon (MNHN),9fd6c3da-88f7-4df7-9a3f-3f3f9c703998,CC_BY_4_0,True,False,1,1,2473203613,True,False,,gbif_20260923T091718Z/page_year-2017_offset-000000.json,2026-09-23T09:18:20Z
8dc97870a2a195e5,2473203391,2017-11-07,,1.0,2017,11,automne_reproduction,47.282,-2.482,20.0,precise_100m,44010,Batz-sur-Mer,44,"Vespa velutina nigrithorax Buysson, 1905",SUBSPECIES,HUMAN_OBSERVATION,Inventaire national Frelon (MNHN),9fd6c3da-88f7-4df7-9a3f-3f3f9c703998,CC_BY_4_0,True,False,1,1,2473203391,False,True,,gbif_20260923T091718Z/page_year-2017_offset-000000.json,2026-09-23T09:18:20Z
35688e05226b7ac5,2473203392,2017-11-12,,1.0,2017,11,automne_reproduction,47.813,0.494,20.0,precise_100m,72314,Saint-Pierre-du-Lorouër,72,"Vespa velutina nigrithorax Buysson, 1905",SUBSPECIES,HUMAN_OBSERVATION,Inventaire national Frelon (MNHN),9fd6c3da-88f7-4df7-9a3f-3f3f9c703998,CC_BY_4_0,True,False,1,1,2473203392,False,False,,gbif_20260923T091718Z/page_year-2017_offset-000000.json,2026-09-23T09:18:20Z
e26e09584835ae0e,2473205309,2017-11-12,,1.0,2017,11,automne_reproduction,48.077,0.115,20.0,precise_100m,72001,Aigné,72,"Vespa velutina nigrithorax Buysson, 1905",SUBSPECIES,HUMAN_OBSERVATION,Inventaire national Frelon (MNHN),9fd6c3da-88f7-4df7-9a3f-3f3f9c703998,CC_BY_4_0,True,False,1,1,2473205309,False,True,,gbif_20260923T091718Z/page_year-2017_offset-000000.json,2026-09-23T09:18:20Z
374618b102dd22bf,2473235156,2017-11-15,,1.0,2017,11,automne_reproduction,47.28,-2.352,20.0,precise_100m,44055,La Baule-Escoublac,44,"Vespa velutina nigrithorax Buysson, 1905",SUBSPECIES,HUMAN_OBSERVATION,Inventaire national Frelon (MNHN),9fd6c3da-88f7-4df7-9a3f-3f3f9c703998,CC_BY_4_0,True,False,1,1,2473235156,False,False,,gbif_20260923T091718Z/page_year-2017_offset-000000.json,2026-09-23T09:18:20Z
01b7dd5097ff6903,2473236434,2017-11-16,,1.0,2017,11,automne_reproduction,48.415,-0.114,20.0,precise_100m,53246,Saint-Pierre-des-Nids,53,"Vespa velutina nigrithorax Buysson, 1905",SUBSPECIES,HUMAN_OBSERVATION,Inventaire national Frelon (MNHN),9fd6c3da-88f7-4df7-9a3f-3f3f9c703998,CC_BY_4_0,True,False,1,1,2473236434,False,True,,gbif_20260923T091718Z/page_year-2017_offset-000000.json,2026-09-23T09:18:20Z
f2bbd8aebe2451a1,2473233401,2017-11-16,,1.0,2017,11,automne_reproduction,47.2,-1.593,20.0,precise_100m,44109,Nantes,44,"Vespa velutina nigrithorax Buysson, 1905",SUBSPECIES,HUMAN_OBSERVATION,Inventaire national Frelon (MNHN),9fd6c3da-88f7-4df7-9a3f-3f3f9c703998,CC_BY_4_0,True,False,1,1,2473233401,False,False,,gbif_20260923T091718Z/page_year-2017_offset-000000.json,2026-09-23T09:18:20Z
f96d5bf42e1ff5fc,2473206465,2017-11-18,,1.0,2017,11,automne_reproduction,47.434,-0.4,20.0,precise_100m,49307,Loire-Authion,49,"Vespa velutina nigrithorax Buysson, 1905",SUBSPECIES,HUMAN_OBSERVATION,Inventaire national Frelon (MNHN),9fd6c3da-88f7-4df7-9a3f-3f3f9c703998,CC_BY_4_0,True,False,1,1,2473206465,False,False,,gbif_20260923T091718Z/page_year-2017_offset-000000.json,2026-09-23T09:18:20Z
2218b110f30325b0,4148429753,2017-11-19,,1.0,2017,11,automne_reproduction,46.374,-1.075,,inconnue,85267,Sainte-Radégonde-des-Noyers,85,"Vespa velutina Lepeletier, 1836",SPECIES,HUMAN_OBSERVATION,Autre inventaire,54facf62-bf0c-43e7-9972-4fdc407fa6c5,CC_BY_4_0,True,False,2,1,4148429753;4148499098,False,False,Q08_incertitude_connue,gbif_20260923T091718Z/page_year-2017_offset-000000.json,2026-09-23T09:18:20Z
6d7bbaea35b90539,2473235158,2017-11-20,,1.0,2017,11,automne_reproduction,47.292,-2.387,20.0,precise_100m,44055,La Baule-Escoublac,44,"Vespa velutina nigrithorax Buysson, 1905",SUBSPECIES,HUMAN_OBSERVATION,Inventaire national Frelon (MNHN),9fd6c3da-88f7-4df7-9a3f-3f3f9c703998,CC_BY_4_0,True,False,1,1,2473235158,False,False,,gbif_20260923T091718Z/page_year-2017_offset-000000.json,2026-09-23T09:18:20Z
a89548b1a030dd46,2473239226,2017-11-20,,1.0,2017,11,automne_reproduction,47.261,-2.316,20.0,precise_100m,44132,Pornichet,44,"Vespa velutina nigrithorax Buysson, 1905",SUBSPECIES,HUMAN_OBSERVATION,Inventaire national Frelon (MNHN),9fd6c3da-88f7-4df7-9a3f-3f3f9c703998,CC_BY_4_0,True,False,1,1,2473239226,False,False,,gbif_20260923T091718Z/page_year-2017_offset-000000.json,2026-09-23T09:18:20Z
cb9347e84785f43b,2473205504,2017-11-20,,1.0,2017,11,automne_reproduction,47.301,-2.384,20.0,precise_100m,44055,La Baule-Escoublac,44,"Vespa velutina nigrithorax Buysson, 1905",SUBSPECIES,HUMAN_OBSERVATION,Inventaire national Frelon (MNHN),9fd6c3da-88f7-4df7-9a3f-3f3f9c703998,CC_BY_4_0,True,False,1,1,2473205504,False,False,,gbif_20260923T091718Z/page_year-2017_offset-000000.json,2026-09-23T09:18:20Z
e1ee68562a1e57c6,2473233593,2017-11-20,,1.0,2017,11,automne_reproduction,47.29,-2.38,20.0,precise_100m,44055,La Baule-Escoublac,44,"Vespa velutina nigrithorax Buysson, 1905",SUBSPECIES,HUMAN_OBSERVATION,Inventaire national Frelon (MNHN),9fd6c3da-88f7-4df7-9a3f-3f3f9c703998,CC_BY_4_0,True,False,1,1,2473233593,False,False,,gbif_20260923T091718Z/page_year-2017_offset-000000.json,2026-09-23T09:18:20Z
e83ac490a6a0aad6,2473239411,2017-11-20,,1.0,2017,11,automne_reproduction,47.285,-2.409,20.0,precise_100m,44055,La Baule-Escoublac,44,"Vespa velutina nigrithorax Buysson, 1905",SUBSPECIES,HUMAN_OBSERVATION,Inventaire national Frelon (MNHN),9fd6c3da-88f7-4df7-9a3f-3f3f9c703998,CC_BY_4_0,True,False,1,1,2473239411,False,False,,gbif_20260923T091718Z/page_year-2017_offset-000000.json,2026-09-23T09:18:20Z
6bea3ca54323d0c8,2473233405,2017-11-23,,1.0,2017,11,automne_reproduction,47.273,-0.36,20.0,precise_100m,49003,Tuffalun,49,"Vespa velutina nigrithorax Buysson, 1905",SUBSPECIES,HUMAN_OBSERVATION,Inventaire national Frelon (MNHN),9fd6c3da-88f7-4df7-9a3f-3f3f9c703998,CC_BY_4_0,True,False,1,1,2473233405,False,True,,gbif_20260923T091718Z/page_year-2017_offset-000000.json,2026-09-23T09:18:20Z
2973aa0b64db9ad3,2473239331,2017-11-28,,1.0,2017,11,automne_reproduction,46.625,-1.443,10.0,precise_100m,85008,Aubigny-Les Clouzeaux,85,"Vespa velutina nigrithorax Buysson, 1905",SUBSPECIES,HUMAN_OBSERVATION,Inventaire national Frelon (MNHN),9fd6c3da-88f7-4df7-9a3f-3f3f9c703998,CC_BY_4_0,True,False,1,1,2473239331,False,False,,gbif_20260923T091718Z/page_year-2017_offset-000000.json,2026-09-23T09:18:20Z
090a1e28530fbbc1,2473205403,2017-11-29,,1.0,2017,11,automne_reproduction,46.652,-1.893,10.0,precise_100m,85035,Bretignolles-sur-Mer,85,"Vespa velutina nigrithorax Buysson, 1905",SUBSPECIES,HUMAN_OBSERVATION,Inventaire national Frelon (MNHN),9fd6c3da-88f7-4df7-9a3f-3f3f9c703998,CC_BY_4_0,True,False,1,1,2473205403,False,False,,gbif_20260923T091718Z/page_year-2017_offset-000000.json,2026-09-23T09:18:20Z
116c0935777ae034,2473239330,2017-11-29,,1.0,2017,11,automne_reproduction,46.817,-2.131,10.0,precise_100m,85234,Saint-Jean-de-Monts,85,"Vespa velutina nigrithorax Buysson, 1905",SUBSPECIES,HUMAN_OBSERVATION,Inventaire national Frelon (MNHN),9fd6c3da-88f7-4df7-9a3f-3f3f9c703998,CC_BY_4_0,True,False,1,1,2473239330,False,True,,gbif_20260923T091718Z/page_year-2017_offset-000000.json,2026-09-23T09:18:20Z
279c158c97d2a51f,2473206566,2017-11-29,,1.0,2017,11,automne_reproduction,46.854,-2.126,10.0,precise_100m,85164,Notre-Dame-de-Monts,85,"Vespa velutina nigrithorax Buysson, 1905",SUBSPECIES,HUMAN_OBSERVATION,Inventaire national Frelon (MNHN),9fd6c3da-88f7-4df7-9a3f-3f3f9c703998,CC_BY_4_0,True,False,1,1,2473206566,False,True,,gbif_20260923T091718Z/page_year-2017_offset-000000.json,2026-09-23T09:18:20Z
62c4dd7cf137f242,2473204517,2017-11-29,,1.0,2017,11,automne_reproduction,46.669,-1.907,10.0,precise_100m,85035,Bretignolles-sur-Mer,85,"Vespa velutina nigrithorax Buysson, 1905",SUBSPECIES,HUMAN_OBSERVATION,Inventaire national Frelon (MNHN),9fd6c3da-88f7-4df7-9a3f-3f3f9c703998,CC_BY_4_0,True,False,1,1,2473204517,False,False,,gbif_20260923T091718Z/page_year-2017_offset-000000.json,2026-09-23T09:18:20Z
651f65640c749448,2473235076,2017-11-29,,1.0,2017,11,automne_reproduction,46.548,-1.76,10.0,precise_100m,85194,Les Sables-d'Olonne,85,"Vespa velutina nigrithorax Buysson, 1905",SUBSPECIES,HUMAN_OBSERVATION,Inventaire national Frelon (MNHN),9fd6c3da-88f7-4df7-9a3f-3f3f9c703998,CC_BY_4_0,True,False,1,1,2473235076,False,False,,gbif_20260923T091718Z/page_year-2017_offset-000000.json,2026-09-23T09:18:20Z
7b6f327f9b2c29e5,2473233481,2017-11-29,,1.0,2017,11,automne_reproduction,46.881,-2.129,10.0,precise_100m,85012,La Barre-de-Monts,85,"Vespa velutina nigrithorax Buysson, 1905",SUBSPECIES,HUMAN_OBSERVATION,Inventaire national Frelon (MNHN),9fd6c3da-88f7-4df7-9a3f-3f3f9c703998,CC_BY_4_0,True,False,1,1,2473233481,False,False,,gbif_20260923T091718Z/page_year-2017_offset-000000.json,2026-09-23T09:18:20Z
c322b4be34e75136,2473201155,2017-11-29,,1.0,2017,11,automne_reproduction,46.775,-2.006,10.0,precise_100m,85234,Saint-Jean-de-Monts,85,"Vespa velutina nigrithorax Buysson, 1905",SUBSPECIES,HUMAN_OBSERVATION,Inventaire national Frelon (MNHN),9fd6c3da-88f7-4df7-9a3f-3f3f9c703998,CC_BY_4_0,True,False,1,1,2473201155,False,False,,gbif_20260923T091718Z/page_year-2017_offset-000000.json,2026-09-23T09:18:20Z
c539def406a39175,2473204518,2017-11-29,,1.0,2017,11,automne_reproduction,46.8,-2.042,10.0,precise_100m,85234,Saint-Jean-de-Monts,85,"Vespa velutina nigrithorax Buysson, 1905",SUBSPECIES,HUMAN_OBSERVATION,Inventaire national Frelon (MNHN),9fd6c3da-88f7-4df7-9a3f-3f3f9c703998,CC_BY_4_0,True,False,1,1,2473204518,False,False,,gbif_20260923T091718Z/page_year-2017_offset-000000.json,2026-09-23T09:18:20Z
d7c66c71e4f10fd2,2473201154,2017-11-29,,1.0,2017,11,automne_reproduction,46.812,-2.121,10.0,precise_100m,85234,Saint-Jean-de-Monts,85,"Vespa velutina nigrithorax Buysson, 1905",SUBSPECIES,HUMAN_OBSERVATION,Inventaire national Frelon (MNHN),9fd6c3da-88f7-4df7-9a3f-3f3f9c703998,CC_BY_4_0,True,False,1,1,2473201154,False,False,,gbif_20260923T091718Z/page_year-2017_offset-000000.json,2026-09-23T09:18:20Z
e5d7388dd86d803a,2473236520,2017-11-29,,1.0,2017,11,automne_reproduction,46.789,-2.022,10.0,precise_100m,85234,Saint-Jean-de-Monts,85,"Vespa velutina nigrithorax Buysson, 1905",SUBSPECIES,HUMAN_OBSERVATION,Inventaire national Frelon (MNHN),9fd6c3da-88f7-4df7-9a3f-3f3f9c703998,CC_BY_4_0,True,False,1,1,2473236520,False,False,,gbif_20260923T091718Z/page_year-2017_offset-000000.json,2026-09-23T09:18:20Z
5552ae9c78df1f37,2473233363,2017-12-01,,1.0,2017,12,hiver_hivernage,46.919,-1.36,24.0,precise_100m,85108,L'Herbergement,85,"Vespa velutina nigrithorax Buysson, 1905",SUBSPECIES,HUMAN_OBSERVATION,Inventaire national Frelon (MNHN),9fd6c3da-88f7-4df7-9a3f-3f3f9c703998,CC_BY_4_0,True,False,1,1,2473233363,False,False,,gbif_20260923T091718Z/page_year-2017_offset-000000.json,2026-09-23T09:18:20Z
5dd7ceb671d1c342,2473205272,2017-12-01,,1.0,2017,12,hiver_hivernage,47.104,-1.309,28.0,precise_100m,44064,Gorges,44,"Vespa velutina nigrithorax Buysson, 1905",SUBSPECIES,HUMAN_OBSERVATION,Inventaire national Frelon (MNHN),9fd6c3da-88f7-4df7-9a3f-3f3f9c703998,CC_BY_4_0,True,False,1,1,2473205272,False,False,,gbif_20260923T091718Z/page_year-2017_offset-000000.json,2026-09-23T09:18:20Z
b557e4b967e20da6,2473236388,2017-12-01,,1.0,2017,12,hiver_hivernage,46.789,-1.435,28.0,precise_100m,85019,Bellevigny,85,"Vespa velutina nigrithorax Buysson, 1905",SUBSPECIES,HUMAN_OBSERVATION,Inventaire national Frelon (MNHN),9fd6c3da-88f7-4df7-9a3f-3f3f9c703998,CC_BY_4_0,True,False,1,1,2473236388,False,False,,gbif_20260923T091718Z/page_year-2017_offset-000000.json,2026-09-23T09:18:20Z
efd4da8845d2b58d,2473236389,2017-12-01,,1.0,2017,12,hiver_hivernage,47.216,-1.519,25.0,precise_100m,44109,Nantes,44,"Vespa velutina nigrithorax Buysson, 1905",SUBSPECIES,HUMAN_OBSERVATION,Inventaire national Frelon (MNHN),9fd6c3da-88f7-4df7-9a3f-3f3f9c703998,CC_BY_4_0,True,False,1,1,2473236389,False,False,,gbif_20260923T091718Z/page_year-2017_offset-000000.json,2026-09-23T09:18:20Z
6c7df53ecfcbf338,2473236443,2017-12-02,,1.0,2017,12,hiver_hivernage,47.267,-1.53,20.0,precise_100m,44109,Nantes,44,"Vespa velutina nigrithorax Buysson, 1905",SUBSPECIES,HUMAN_OBSERVATION,Inventaire national Frelon (MNHN),9fd6c3da-88f7-4df7-9a3f-3f3f9c703998,CC_BY_4_0,True,False,1,1,2473236443,False,False,,gbif_20260923T091718Z/page_year-2017_offset-000000.json,2026-09-23T09:18:20Z
64a2f47a668b367d,2473233410,2017-12-08,,1.0,2017,12,hiver_hivernage,48.016,0.231,20.0,precise_100m,72181,Le Mans,72,"Vespa velutina nigrithorax Buysson, 1905",SUBSPECIES,HUMAN_OBSERVATION,Inventaire national Frelon (MNHN),9fd6c3da-88f7-4df7-9a3f-3f3f9c703998,CC_BY_4_0,True,False,1,1,2473233410,False,False,,gbif_20260923T091718Z/page_year-2017_offset-000000.json,2026-09-23T09:18:20Z
d6a97d04997f1582,2473205322,2017-12-17,,1.0,2017,12,hiver_hivernage,47.792,-0.436,20.0,precise_100m,53210,Saint-Denis-d'Anjou,53,"Vespa velutina nigrithorax Buysson, 1905",SUBSPECIES,HUMAN_OBSERVATION,Inventaire national Frelon (MNHN),9fd6c3da-88f7-4df7-9a3f-3f3f9c703998,CC_BY_4_0,True,False,2,1,2473205322;2473239517,False,True,,gbif_20260923T091718Z/page_year-2017_offset-000000.json,2026-09-23T09:18:20Z
ac36273604a07b88,2473236447,2017-12-18,,1.0,2017,12,hiver_hivernage,47.749,-1.343,20.0,precise_100m,44199,Soudan,44,"Vespa velutina nigrithorax Buysson, 1905",SUBSPECIES,HUMAN_OBSERVATION,Inventaire national Frelon (MNHN),9fd6c3da-88f7-4df7-9a3f-3f3f9c703998,CC_BY_4_0,True,False,1,1,2473236447,False,True,,gbif_20260923T091718Z/page_year-2017_offset-000000.json,2026-09-23T09:18:20Z
04191e92fddf0394,2473233413,2017-12-19,,1.0,2017,12,hiver_hivernage,47.32,-1.035,20.0,precise_100m,49244,Mauges-sur-Loire,49,"Vespa velutina nigrithorax Buysson, 1905",SUBSPECIES,HUMAN_OBSERVATION,Inventaire national Frelon (MNHN),9fd6c3da-88f7-4df7-9a3f-3f3f9c703998,CC_BY_4_0,True,False,1,1,2473233413,False,False,,gbif_20260923T091718Z/page_year-2017_offset-000000.json,2026-09-23T09:18:20Z
dd6e25915c55c23a,1802725546,2017-12-24,2017-12-24T10:52:00Z,1.0,2017,12,hiver_hivernage,48.054,0.437,15.0,precise_100m,72241,Montfort-le-Gesnois,72,"Vespa velutina Lepeletier, 1836",SPECIES,HUMAN_OBSERVATION,iNaturalist,50c9509d-22c7-4a22-a47d-8c48425ef4a7,CC0_1_0,False,False,1,1,1802725546,False,True,,gbif_20260923T091718Z/page_year-2017_offset-000000.json,2026-09-23T09:18:20Z
3faf3cac212cc1af,2473233490,2017-12-31,,1.0,2017,12,hiver_hivernage,48.225,0.128,12.0,precise_100m,72029,Beaumont-sur-Sarthe,72,"Vespa velutina nigrithorax Buysson, 1905",SUBSPECIES,HUMAN_OBSERVATION,Inventaire national Frelon (MNHN),9fd6c3da-88f7-4df7-9a3f-3f3f9c703998,CC_BY_4_0,True,False,1,1,2473233490,False,True,,gbif_20260923T091718Z/page_year-2017_offset-000000.json,2026-09-23T09:18:20Z
41619db5d340ba89,2473236496,2017-12-31,,1.0,2017,12,hiver_hivernage,47.407,-0.479,20.0,precise_100m,49167,Les Garennes sur Loire,49,"Vespa velutina nigrithorax Buysson, 1905",SUBSPECIES,HUMAN_OBSERVATION,Inventaire national Frelon (MNHN),9fd6c3da-88f7-4df7-9a3f-3f3f9c703998,CC_BY_4_0,True,False,1,1,2473236496,False,True,,gbif_20260923T091718Z/page_year-2017_offset-000000.json,2026-09-23T09:18:20Z
5ba5db05cf0a1970,2473233414,2017-12-31,,1.0,2017,12,hiver_hivernage,47.292,-1.502,20.0,precise_100m,44026,Carquefou,44,"Vespa velutina nigrithorax Buysson, 1905",SUBSPECIES,HUMAN_OBSERVATION,Inventaire national Frelon (MNHN),9fd6c3da-88f7-4df7-9a3f-3f3f9c703998,CC_BY_4_0,True,False,1,1,2473233414,False,False,,gbif_20260923T091718Z/page_year-2017_offset-000000.json,2026-09-23T09:18:20Z
f052057ef5a2ce05,2473206540,2017-12-31,,1.0,2017,12,hiver_hivernage,47.261,-1.552,20.0,precise_100m,44035,La Chapelle-sur-Erdre,44,"Vespa velutina nigrithorax Buysson, 1905",SUBSPECIES,HUMAN_OBSERVATION,Inventaire national Frelon (MNHN),9fd6c3da-88f7-4df7-9a3f-3f3f9c703998,CC_BY_4_0,True,False,1,1,2473206540,False,False,,gbif_20260923T091718Z/page_year-2017_offset-000000.json,2026-09-23T09:18:20Z
f0872e470afdfa92,2473237823,2017-12-31,,1.0,2017,12,hiver_hivernage,47.438,-0.507,20.0,precise_100m,49246,Les Ponts-de-Cé,49,"Vespa velutina nigrithorax Buysson, 1905",SUBSPECIES,HUMAN_OBSERVATION,Inventaire national Frelon (MNHN),9fd6c3da-88f7-4df7-9a3f-3f3f9c703998,CC_BY_4_0,True,False,1,1,2473237823,False,False,,gbif_20260923T091718Z/page_year-2017_offset-000000.json,2026-09-23T09:18:20Z
b78bb9d433c2adcc,4148481200,2018-02-10,,1.0,2018,2,printemps_fondatrices,47.245,-2.301,,inconnue,44132,Pornichet,44,"Vespa velutina Lepeletier, 1836",SPECIES,HUMAN_OBSERVATION,Autre inventaire,54facf62-bf0c-43e7-9972-4fdc407fa6c5,CC_BY_4_0,True,False,1,1,4148481200,False,False,Q08_incertitude_connue,gbif_20260923T091718Z/page_year-2018_offset-000000.json,2026-09-23T09:18:20Z
45266e9961a539ac,2473205411,2018-03-18,,1.0,2018,3,printemps_fondatrices,48.087,0.166,63.0,precise_100m,72024,La Bazoge,72,"Vespa velutina nigrithorax Buysson, 1905",SUBSPECIES,HUMAN_OBSERVATION,Inventaire national Frelon (MNHN),9fd6c3da-88f7-4df7-9a3f-3f3f9c703998,CC_BY_4_0,True,False,1,1,2473205411,False,True,,gbif_20260923T091718Z/page_year-2018_offset-000000.json,2026-09-23T09:18:20Z
2226c4bf065b24d2,3491920646,2018-04-11,,122.0,2018,,,47.676,-0.656,3242.0,faible_5km,49067,Chenillé-Champteussé,49,"Vespa velutina Lepeletier, 1836",SPECIES,HUMAN_OBSERVATION,Autre inventaire,76b67c05-85de-4541-a2f7-acff7177a673,CC_BY_4_0,True,False,1,1,3491920646,False,True,,gbif_20260923T091718Z/page_year-2018_offset-000000.json,2026-09-23T09:18:20Z
45ddf6e250f2a486,2510657794,2018-04-19,,1.0,2018,4,printemps_fondatrices,47.762,-0.495,2990.0,faible_5km,49205,Miré,49,"Vespa velutina nigrithorax Buysson, 1905",SUBSPECIES,HUMAN_OBSERVATION,Inventaire national Frelon (MNHN),a1077e55-120b-4c31-9a6b-ca7c210f5b04,CC_BY_4_0,True,False,1,1,2510657794,False,True,,gbif_20260923T091718Z/page_year-2018_offset-000000.json,2026-09-23T09:18:20Z
e9dde3217bdca13e,3489931946,2018-04-22,,1.0,2018,4,printemps_fondatrices,47.202,-1.509,,inconnue,44190,Saint-Sébastien-sur-Loire,44,"Vespa velutina Lepeletier, 1836",SPECIES,HUMAN_OBSERVATION,CardObs (INPN),0c7bfc03-a631-46b1-a451-26c8e01bbf66,CC_BY_4_0,True,False,1,1,3489931946,False,True,Q08_incertitude_connue,gbif_20260923T091718Z/page_year-2018_offset-000000.json,2026-09-23T09:18:20Z
de4631ba3af45201,2510655805,2018-04-24,,1.0,2018,4,printemps_fondatrices,47.477,-0.556,4886.0,faible_5km,49007,Angers,49,"Vespa velutina nigrithorax Buysson, 1905",SUBSPECIES,HUMAN_OBSERVATION,Inventaire national Frelon (MNHN),a1077e55-120b-4c31-9a6b-ca7c210f5b04,CC_BY_4_0,True,False,1,1,2510655805,False,False,,gbif_20260923T091718Z/page_year-2018_offset-000000.json,2026-09-23T09:18:20Z
34460b241ea7a675,2510655807,2018-04-27,,1.0,2018,4,printemps_fondatrices,47.133,-0.875,3920.0,faible_5km,49193,Le May-sur-Èvre,49,"Vespa velutina nigrithorax Buysson, 1905",SUBSPECIES,HUMAN_OBSERVATION,Inventaire national Frelon (MNHN),a1077e55-120b-4c31-9a6b-ca7c210f5b04,CC_BY_4_0,True,False,1,1,2510655807,False,False,,gbif_20260923T091718Z/page_year-2018_offset-000000.json,2026-09-23T09:18:20Z
5dc6627ea13cbfe7,2510657824,2018-05-17,,1.0,2018,5,printemps_fondatrices,46.935,-1.056,4454.0,faible_5km,85097,La Gaubretière,85,"Vespa velutina nigrithorax Buysson, 1905",SUBSPECIES,HUMAN_OBSERVATION,Inventaire national Frelon (MNHN),a1077e55-120b-4c31-9a6b-ca7c210f5b04,CC_BY_4_0,True,False,1,1,2510657824,False,True,,gbif_20260923T091718Z/page_year-2018_offset-000000.json,2026-09-23T09:18:20Z
92c59f2c8b4cde19,2510654829,2018-05-17,,1.0,2018,5,printemps_fondatrices,47.845,-0.943,3913.0,faible_5km,53084,Craon,53,"Vespa velutina nigrithorax Buysson, 1905",SUBSPECIES,HUMAN_OBSERVATION,Inventaire national Frelon (MNHN),a1077e55-120b-4c31-9a6b-ca7c210f5b04,CC_BY_4_0,True,False,1,1,2510654829,False,True,,gbif_20260923T091718Z/page_year-2018_offset-000000.json,2026-09-23T09:18:20Z
d937b05fc67aece9,3841743170,2018-05-17,,1.0,2018,5,printemps_fondatrices,47.947,-0.559,3619.0,faible_5km,53152,Meslay-du-Maine,53,"Vespa velutina nigrithorax Buysson, 1905",SUBSPECIES,PRESERVED_SPECIMEN,CardObs (INPN),49c8dd63-bc43-411e-9da6-ee5a197ac2cd,CC_BY_4_0,True,False,1,1,3841743170,False,True,,gbif_20260923T091718Z/page_year-2018_offset-000000.json,2026-09-23T09:18:20Z
0973565ec754e736,3841742878,2018-05-20,,1.0,2018,5,printemps_fondatrices,47.947,-0.559,3619.0,faible_5km,53152,Meslay-du-Maine,53,"Vespa velutina nigrithorax Buysson, 1905",SUBSPECIES,PRESERVED_SPECIMEN,CardObs (INPN),49c8dd63-bc43-411e-9da6-ee5a197ac2cd,CC_BY_4_0,True,False,1,1,3841742878,False,False,,gbif_20260923T091718Z/page_year-2018_offset-000000.json,2026-09-23T09:18:20Z
0950856ea689e619,2510656832,2018-05-28,,1.0,2018,5,printemps_fondatrices,47.89,0.278,4167.0,faible_5km,72350,Teloché,72,"Vespa velutina nigrithorax Buysson, 1905",SUBSPECIES,HUMAN_OBSERVATION,Inventaire national Frelon (MNHN),a1077e55-120b-4c31-9a6b-ca7c210f5b04,CC_BY_4_0,True,False,1,1,2510656832,False,True,,gbif_20260923T091718Z/page_year-2018_offset-000000.json,2026-09-23T09:18:20Z
55ab54ab17c50d3a,2473206832,2018-07-06,,1.0,2018,7,ete_ouvrieres,48.385,-0.848,20.0,precise_100m,53071,Colombiers-du-Plessis,53,"Vespa velutina nigrithorax Buysson, 1905",SUBSPECIES,HUMAN_OBSERVATION,Inventaire national Frelon (MNHN),9fd6c3da-88f7-4df7-9a3f-3f3f9c703998,CC_BY_4_0,True,False,1,1,2473206832,False,True,,gbif_20260923T091718Z/page_year-2018_offset-000000.json,2026-09-23T09:18:20Z
b08e279c0220921b,2510654852,2018-07-08,,1.0,2018,7,ete_ouvrieres,47.254,-1.473,2740.0,faible_5km,44172,Sainte-Luce-sur-Loire,44,"Vespa velutina nigrithorax Buysson, 1905",SUBSPECIES,HUMAN_OBSERVATION,Inventaire national Frelon (MNHN),a1077e55-120b-4c31-9a6b-ca7c210f5b04,CC_BY_4_0,True,False,1,1,2510654852,False,False,,gbif_20260923T091718Z/page_year-2018_offset-000000.json,2026-09-23T09:18:20Z
400fd10d26484b79,2473237991,2018-07-12,,1.0,2018,7,ete_ouvrieres,48.06,0.489,3000.0,faible_5km,72090,Connerré,72,"Vespa velutina nigrithorax Buysson, 1905",SUBSPECIES,HUMAN_OBSERVATION,Inventaire national Frelon (MNHN),9fd6c3da-88f7-4df7-9a3f-3f3f9c703998,CC_BY_4_0,True,False,1,1,2473237991,False,True,,gbif_20260923T091718Z/page_year-2018_offset-000000.json,2026-09-23T09:18:20Z
9e47f13cc340b5b1,2473236747,2018-07-12,,1.0,2018,7,ete_ouvrieres,48.013,0.271,20.0,precise_100m,72386,Yvré-l'Évêque,72,"Vespa velutina nigrithorax Buysson, 1905",SUBSPECIES,HUMAN_OBSERVATION,Inventaire national Frelon (MNHN),9fd6c3da-88f7-4df7-9a3f-3f3f9c703998,CC_BY_4_0,True,False,1,1,2473236747,False,False,,gbif_20260923T091718Z/page_year-2018_offset-000000.json,2026-09-23T09:18:20Z
b93aa1839a9b02de,2473235084,2018-07-14,,1.0,2018,7,ete_ouvrieres,46.408,-1.498,13.0,precise_100m,85127,Longeville-sur-Mer,85,"Vespa velutina nigrithorax Buysson, 1905",SUBSPECIES,HUMAN_OBSERVATION,Inventaire national Frelon (MNHN),9fd6c3da-88f7-4df7-9a3f-3f3f9c703998,CC_BY_4_0,True,False,1,1,2473235084,False,False,,gbif_20260923T091718Z/page_year-2018_offset-000000.json,2026-09-23T09:18:20Z
8cf5dd8341620514,2473239547,2018-07-16,,1.0,2018,7,ete_ouvrieres,47.007,-0.743,20.0,precise_100m,49192,Maulévrier,49,"Vespa velutina nigrithorax Buysson, 1905",SUBSPECIES,HUMAN_OBSERVATION,Inventaire national Frelon (MNHN),9fd6c3da-88f7-4df7-9a3f-3f3f9c703998,CC_BY_4_0,True,False,1,1,2473239547,False,False,,gbif_20260923T091718Z/page_year-2018_offset-000000.json,2026-09-23T09:18:20Z
63696b3b02467a0d,2473235285,2018-07-19,,1.0,2018,7,ete_ouvrieres,47.095,-0.786,20.0,precise_100m,49231,Nuaillé,49,"Vespa velutina nigrithorax Buysson, 1905",SUBSPECIES,HUMAN_OBSERVATION,Inventaire national Frelon (MNHN),9fd6c3da-88f7-4df7-9a3f-3f3f9c703998,CC_BY_4_0,True,False,1,1,2473235285,False,False,,gbif_20260923T091718Z/page_year-2018_offset-000000.json,2026-09-23T09:18:20Z
417e9cbc809b761a,2473201407,2018-07-22,,1.0,2018,7,ete_ouvrieres,47.188,-1.498,20.0,precise_100m,44215,Vertou,44,"Vespa velutina nigrithorax Buysson, 1905",SUBSPECIES,HUMAN_OBSERVATION,Inventaire national Frelon (MNHN),9fd6c3da-88f7-4df7-9a3f-3f3f9c703998,CC_BY_4_0,True,False,1,1,2473201407,False,False,,gbif_20260923T091718Z/page_year-2018_offset-000000.json,2026-09-23T09:18:20Z
8c69ceb587c84f0a,2473201416,2018-07-23,,1.0,2018,7,ete_ouvrieres,47.456,-0.568,3000.0,faible_5km,49007,Angers,49,"Vespa velutina nigrithorax Buysson, 1905",SUBSPECIES,HUMAN_OBSERVATION,Inventaire national Frelon (MNHN),9fd6c3da-88f7-4df7-9a3f-3f3f9c703998,CC_BY_4_0,True,False,1,1,2473201416,False,False,,gbif_20260923T091718Z/page_year-2018_offset-000000.json,2026-09-23T09:18:20Z
6bdef73441ddbb3e,2473203762,2018-07-29,,1.0,2018,7,ete_ouvrieres,47.44,-2.094,3000.0,faible_5km,44129,Pontchâteau,44,"Vespa velutina nigrithorax Buysson, 1905",SUBSPECIES,HUMAN_OBSERVATION,Inventaire national Frelon (MNHN),9fd6c3da-88f7-4df7-9a3f-3f3f9c703998,CC_BY_4_0,True,False,1,1,2473203762,False,False,,gbif_20260923T091718Z/page_year-2018_offset-000000.json,2026-09-23T09:18:20Z
3f560bfe92ffbf77,4148447173,2018-08-05,,1.0,2018,8,ete_ouvrieres,47.2,-1.011,,inconnue,49023,Beaupréau-en-Mauges,49,"Vespa velutina Lepeletier, 1836",SPECIES,HUMAN_OBSERVATION,Autre inventaire,54facf62-bf0c-43e7-9972-4fdc407fa6c5,CC_BY_4_0,True,False,1,1,4148447173,False,False,Q08_incertitude_connue,gbif_20260923T091718Z/page_year-2018_offset-000000.json,2026-09-23T09:18:20Z
a9d30a3e5bceb30a,2473233733,2018-08-05,,1.0,2018,8,ete_ouvrieres,47.896,0.196,3000.0,faible_5km,72200,Moncé-en-Belin,72,"Vespa velutina nigrithorax Buysson, 1905",SUBSPECIES,HUMAN_OBSERVATION,Inventaire national Frelon (MNHN),9fd6c3da-88f7-4df7-9a3f-3f3f9c703998,CC_BY_4_0,True,False,1,1,2473233733,False,True,,gbif_20260923T091718Z/page_year-2018_offset-000000.json,2026-09-23T09:18:20Z
211036c8225af555,2473201394,2018-08-07,,1.0,2018,8,ete_ouvrieres,48.133,-0.486,20.0,precise_100m,53097,Évron,53,"Vespa velutina nigrithorax Buysson, 1905",SUBSPECIES,HUMAN_OBSERVATION,Inventaire national Frelon (MNHN),9fd6c3da-88f7-4df7-9a3f-3f3f9c703998,CC_BY_4_0,True,False,1,1,2473201394,False,False,,gbif_20260923T091718Z/page_year-2018_offset-000000.json,2026-09-23T09:18:20Z
3f73606b370e66d0,2473206706,2018-08-09,,1.0,2018,8,ete_ouvrieres,47.058,-0.902,20.0,precise_100m,49099,Cholet,49,"Vespa velutina nigrithorax Buysson, 1905",SUBSPECIES,HUMAN_OBSERVATION,Inventaire national Frelon (MNHN),9fd6c3da-88f7-4df7-9a3f-3f3f9c703998,CC_BY_4_0,True,False,1,1,2473206706,False,False,,gbif_20260923T091718Z/page_year-2018_offset-000000.json,2026-09-23T09:18:20Z
7eeb7fb8bf392e9f,2473235321,2018-08-10,,1.0,2018,8,ete_ouvrieres,46.5,-0.873,3000.0,faible_5km,85281,Sérigné,85,"Vespa velutina nigrithorax Buysson, 1905",SUBSPECIES,HUMAN_OBSERVATION,Inventaire national Frelon (MNHN),9fd6c3da-88f7-4df7-9a3f-3f3f9c703998,CC_BY_4_0,True,False,1,1,2473235321,False,False,,gbif_20260923T091718Z/page_year-2018_offset-000000.json,2026-09-23T09:18:20Z
8884b0e0231ee981,2510655622,2018-08-11,,1.0,2018,8,ete_ouvrieres,46.51,-1.539,3990.0,faible_5km,85179,Poiroux,85,"Vespa velutina nigrithorax Buysson, 1905",SUBSPECIES,HUMAN_OBSERVATION,Inventaire national Frelon (MNHN),a1077e55-120b-4c31-9a6b-ca7c210f5b04,CC_BY_4_0,True,False,1,1,2510655622,False,True,,gbif_20260923T091718Z/page_year-2018_offset-000000.json,2026-09-23T09:18:20Z
55b5fd2579a497e5,2473201409,2018-08-14,,1.0,2018,8,ete_ouvrieres,46.944,-1.508,3000.0,faible_5km,85190,Rocheservière,85,"Vespa velutina nigrithorax Buysson, 1905",SUBSPECIES,HUMAN_OBSERVATION,Inventaire national Frelon (MNHN),9fd6c3da-88f7-4df7-9a3f-3f3f9c703998,CC_BY_4_0,True,False,1,1,2473201409,False,False,,gbif_20260923T091718Z/page_year-2018_offset-000000.json,2026-09-23T09:18:20Z
dd9338363b7292c0,2510657713,2018-08-17,,1.0,2018,8,ete_ouvrieres,47.95,0.119,5000.0,faible_5km,72003,Allonnes,72,"Vespa velutina nigrithorax Buysson, 1905",SUBSPECIES,HUMAN_OBSERVATION,Inventaire national Frelon (MNHN),a1077e55-120b-4c31-9a6b-ca7c210f5b04,CC_BY_4_0,True,False,1,1,2510657713,False,True,,gbif_20260923T091718Z/page_year-2018_offset-000000.json,2026-09-23T09:18:20Z
0e0c2a8a846ee5f6,2473205522,2018-08-18,,1.0,2018,8,ete_ouvrieres,47.435,-0.408,20.0,precise_100m,49307,Loire-Authion,49,"Vespa velutina nigrithorax Buysson, 1905",SUBSPECIES,HUMAN_OBSERVATION,Inventaire national Frelon (MNHN),9fd6c3da-88f7-4df7-9a3f-3f3f9c703998,CC_BY_4_0,True,False,1,1,2473205522,False,False,,gbif_20260923T091718Z/page_year-2018_offset-000000.json,2026-09-23T09:18:20Z
519407d713f11a0a,2473204644,2018-08-18,,1.0,2018,8,ete_ouvrieres,46.645,-1.522,20.0,precise_100m,85300,Venansault,85,"Vespa velutina nigrithorax Buysson, 1905",SUBSPECIES,HUMAN_OBSERVATION,Inventaire national Frelon (MNHN),9fd6c3da-88f7-4df7-9a3f-3f3f9c703998,CC_BY_4_0,True,False,1,1,2473204644,False,True,,gbif_20260923T091718Z/page_year-2018_offset-000000.json,2026-09-23T09:18:20Z
54306f292a8f9cef,2473235178,2018-08-18,,1.0,2018,8,ete_ouvrieres,47.931,-0.461,20.0,precise_100m,53184,Préaux,53,"Vespa velutina nigrithorax Buysson, 1905",SUBSPECIES,HUMAN_OBSERVATION,Inventaire national Frelon (MNHN),9fd6c3da-88f7-4df7-9a3f-3f3f9c703998,CC_BY_4_0,True,False,1,1,2473235178,False,True,,gbif_20260923T091718Z/page_year-2018_offset-000000.json,2026-09-23T09:18:20Z
f67baff0352184ff,2473235179,2018-08-18,,1.0,2018,8,ete_ouvrieres,46.645,-1.523,20.0,precise_100m,85300,Venansault,85,"Vespa velutina nigrithorax Buysson, 1905",SUBSPECIES,HUMAN_OBSERVATION,Inventaire national Frelon (MNHN),9fd6c3da-88f7-4df7-9a3f-3f3f9c703998,CC_BY_4_0,True,False,1,1,2473235179,False,False,,gbif_20260923T091718Z/page_year-2018_offset-000000.json,2026-09-23T09:18:20Z
f81855ade6c38549,2510654920,2018-08-18,,1.0,2018,8,ete_ouvrieres,47.37,-1.176,5000.0,faible_5km,44003,Ancenis-Saint-Géréon,44,"Vespa velutina nigrithorax Buysson, 1905",SUBSPECIES,HUMAN_OBSERVATION,Inventaire national Frelon (MNHN),a1077e55-120b-4c31-9a6b-ca7c210f5b04,CC_BY_4_0,True,False,1,1,2510654920,False,True,,gbif_20260923T091718Z/page_year-2018_offset-000000.json,2026-09-23T09:18:20Z
e1a34f2532f76f0c,2473201436,2018-08-19,,1.0,2018,8,ete_ouvrieres,48.187,0.651,3000.0,faible_5km,72132,La Ferté-Bernard,72,"Vespa velutina nigrithorax Buysson, 1905",SUBSPECIES,HUMAN_OBSERVATION,Inventaire national Frelon (MNHN),9fd6c3da-88f7-4df7-9a3f-3f3f9c703998,CC_BY_4_0,True,False,1,1,2473201436,False,True,,gbif_20260923T091718Z/page_year-2018_offset-000000.json,2026-09-23T09:18:20Z
654df46c210a25bd,2473238013,2018-08-20,,1.0,2018,8,ete_ouvrieres,47.255,-2.335,3000.0,faible_5km,44132,Pornichet,44,"Vespa velutina nigrithorax Buysson, 1905",SUBSPECIES,HUMAN_OBSERVATION,Inventaire national Frelon (MNHN),9fd6c3da-88f7-4df7-9a3f-3f3f9c703998,CC_BY_4_0,True,False,1,1,2473238013,False,False,,gbif_20260923T091718Z/page_year-2018_offset-000000.json,2026-09-23T09:18:20Z
90449690f6a8ce6e,2473237842,2018-08-20,,1.0,2018,8,ete_ouvrieres,47.232,-1.634,20.0,precise_100m,44162,Saint-Herblain,44,"Vespa velutina nigrithorax Buysson, 1905",SUBSPECIES,HUMAN_OBSERVATION,Inventaire national Frelon (MNHN),9fd6c3da-88f7-4df7-9a3f-3f3f9c703998,CC_BY_4_0,True,False,1,1,2473237842,False,False,,gbif_20260923T091718Z/page_year-2018_offset-000000.json,2026-09-23T09:18:20Z
bd31e00f1b6eae9c,2473204631,2018-08-21,,1.0,2018,8,ete_ouvrieres,47.773,0.471,200.0,moyenne_1km,72356,Thoiré-sur-Dinan,72,"Vespa velutina nigrithorax Buysson, 1905",SUBSPECIES,HUMAN_OBSERVATION,Inventaire national Frelon (MNHN),9fd6c3da-88f7-4df7-9a3f-3f3f9c703998,CC_BY_4_0,True,False,1,1,2473204631,False,True,,gbif_20260923T091718Z/page_year-2018_offset-000000.json,2026-09-23T09:18:20Z
cce3baa5c941696a,2473239433,2018-08-21,,1.0,2018,8,ete_ouvrieres,47.253,-1.594,20.0,precise_100m,44114,Orvault,44,"Vespa velutina nigrithorax Buysson, 1905",SUBSPECIES,HUMAN_OBSERVATION,Inventaire national Frelon (MNHN),9fd6c3da-88f7-4df7-9a3f-3f3f9c703998,CC_BY_4_0,True,False,1,1,2473239433,False,False,,gbif_20260923T091718Z/page_year-2018_offset-000000.json,2026-09-23T09:18:20Z
18d4d36437eec029,6398848452,2018-08-22,2018-08-22T16:30:00Z,1.0,2018,8,ete_ouvrieres,47.264,-1.536,2.0,precise_100m,44109,Nantes,44,"Vespa velutina Lepeletier, 1836",SPECIES,HUMAN_OBSERVATION,iNaturalist,50c9509d-22c7-4a22-a47d-8c48425ef4a7,CC_BY_4_0,True,False,1,1,6398848452,False,False,,gbif_20260923T091718Z/page_year-2018_offset-000000.json,2026-09-23T09:18:20Z
82a4d2f378fa719a,2473233747,2018-08-22,,1.0,2018,8,ete_ouvrieres,48.229,-0.873,3000.0,faible_5km,53048,Chailland,53,"Vespa velutina nigrithorax Buysson, 1905",SUBSPECIES,HUMAN_OBSERVATION,Inventaire national Frelon (MNHN),9fd6c3da-88f7-4df7-9a3f-3f3f9c703998,CC_BY_4_0,True,False,1,1,2473233747,False,True,,gbif_20260923T091718Z/page_year-2018_offset-000000.json,2026-09-23T09:18:20Z
7a33fb4bea293f39,4049522784,2018-08-28,,1.0,2018,8,ete_ouvrieres,47.141,-1.329,,inconnue,44117,Le Pallet,44,"Vespa velutina Lepeletier, 1836",SPECIES,HUMAN_OBSERVATION,INPN Especes,b127e9e0-dadc-4db3-93f1-a49b6069d696,CC_BY_4_0,True,False,1,1,4049522784,False,True,Q08_incertitude_connue,gbif_20260923T091718Z/page_year-2018_offset-000000.json,2026-09-23T09:18:20Z
40a00c32137a1c7f,2473235184,2018-08-30,,1.0,2018,8,ete_ouvrieres,47.259,-0.789,20.0,precise_100m,49092,Chemillé-en-Anjou,49,"Vespa velutina nigrithorax Buysson, 1905",SUBSPECIES,HUMAN_OBSERVATION,Inventaire national Frelon (MNHN),9fd6c3da-88f7-4df7-9a3f-3f3f9c703998,CC_BY_4_0,True,False,1,1,2473235184,False,False,,gbif_20260923T091718Z/page_year-2018_offset-000000.json,2026-09-23T09:18:20Z
c35f77da593c813e,2510656933,2018-08-31,,1.0,2018,8,ete_ouvrieres,46.985,-1.805,5000.0,faible_5km,44087,Machecoul-Saint-Même,44,"Vespa velutina nigrithorax Buysson, 1905",SUBSPECIES,HUMAN_OBSERVATION,Inventaire national Frelon (MNHN),a1077e55-120b-4c31-9a6b-ca7c210f5b04,CC_BY_4_0,True,False,1,1,2510656933,False,True,,gbif_20260923T091718Z/page_year-2018_offset-000000.json,2026-09-23T09:18:20Z
c9870d0807ccffe6,2473206883,2018-08-31,,1.0,2018,8,ete_ouvrieres,47.854,0.306,3000.0,faible_5km,72299,Saint-Mars-d'Outillé,72,"Vespa velutina nigrithorax Buysson, 1905",SUBSPECIES,HUMAN_OBSERVATION,Inventaire national Frelon (MNHN),9fd6c3da-88f7-4df7-9a3f-3f3f9c703998,CC_BY_4_0,True,False,1,1,2473206883,False,True,,gbif_20260923T091718Z/page_year-2018_offset-000000.json,2026-09-23T09:18:20Z
da3bf16687a1d9fb,2510657933,2018-08-31,,1.0,2018,8,ete_ouvrieres,47.478,-0.653,5000.0,faible_5km,49020,Beaucouzé,49,"Vespa velutina nigrithorax Buysson, 1905",SUBSPECIES,HUMAN_OBSERVATION,Inventaire national Frelon (MNHN),a1077e55-120b-4c31-9a6b-ca7c210f5b04,CC_BY_4_0,True,False,1,1,2510657933,False,False,,gbif_20260923T091718Z/page_year-2018_offset-000000.json,2026-09-23T09:18:20Z
3fba302e1506a5ee,2473235331,2018-09-01,,1.0,2018,9,automne_reproduction,48.01,0.23,3000.0,faible_5km,72181,Le Mans,72,"Vespa velutina nigrithorax Buysson, 1905",SUBSPECIES,HUMAN_OBSERVATION,Inventaire national Frelon (MNHN),9fd6c3da-88f7-4df7-9a3f-3f3f9c703998,CC_BY_4_0,True,False,1,1,2473235331,False,False,,gbif_20260923T091718Z/page_year-2018_offset-000000.json,2026-09-23T09:18:20Z
7c7da58126227d8f,2473206713,2018-09-01,,1.0,2018,9,automne_reproduction,47.793,-0.67,20.0,precise_100m,53150,Ménil,53,"Vespa velutina nigrithorax Buysson, 1905",SUBSPECIES,HUMAN_OBSERVATION,Inventaire national Frelon (MNHN),9fd6c3da-88f7-4df7-9a3f-3f3f9c703998,CC_BY_4_0,True,False,1,1,2473206713,False,False,,gbif_20260923T091718Z/page_year-2018_offset-000000.json,2026-09-23T09:18:20Z
fc2a45e2de907a01,2473201448,2018-09-01,,1.0,2018,9,automne_reproduction,46.675,-1.473,3000.0,faible_5km,85191,La Roche-sur-Yon,85,"Vespa velutina nigrithorax Buysson, 1905",SUBSPECIES,HUMAN_OBSERVATION,Inventaire national Frelon (MNHN),9fd6c3da-88f7-4df7-9a3f-3f3f9c703998,CC_BY_4_0,True,False,1,1,2473201448,False,False,,gbif_20260923T091718Z/page_year-2018_offset-000000.json,2026-09-23T09:18:20Z
68b4990f7eb5673e,2473201449,2018-09-02,,1.0,2018,9,automne_reproduction,46.353,-1.253,3000.0,faible_5km,85255,Saint-Michel-en-l'Herm,85,"Vespa velutina nigrithorax Buysson, 1905",SUBSPECIES,HUMAN_OBSERVATION,Inventaire national Frelon (MNHN),9fd6c3da-88f7-4df7-9a3f-3f3f9c703998,CC_BY_4_0,True,False,1,1,2473201449,False,True,,gbif_20260923T091718Z/page_year-2018_offset-000000.json,2026-09-23T09:18:20Z
79643a4aa74f55d9,2473233756,2018-09-02,,1.0,2018,9,automne_reproduction,46.612,-1.445,3000.0,faible_5km,85008,Aubigny-Les Clouzeaux,85,"Vespa velutina nigrithorax Buysson, 1905",SUBSPECIES,HUMAN_OBSERVATION,Inventaire national Frelon (MNHN),9fd6c3da-88f7-4df7-9a3f-3f3f9c703998,CC_BY_4_0,True,False,1,1,2473233756,False,False,,gbif_20260923T091718Z/page_year-2018_offset-000000.json,2026-09-23T09:18:20Z
88af127385b6123b,2473236796,2018-09-02,,1.0,2018,9,automne_reproduction,47.125,-0.786,3000.0,faible_5km,49355,Trémentines,49,"Vespa velutina nigrithorax Buysson, 1905",SUBSPECIES,HUMAN_OBSERVATION,Inventaire national Frelon (MNHN),9fd6c3da-88f7-4df7-9a3f-3f3f9c703998,CC_BY_4_0,True,False,1,1,2473236796,False,True,,gbif_20260923T091718Z/page_year-2018_offset-000000.json,2026-09-23T09:18:20Z
b232e42bb8a7e969,2473238030,2018-09-03,,1.0,2018,9,automne_reproduction,47.522,-1.666,3000.0,faible_5km,44224,La Grigonnais,44,"Vespa velutina nigrithorax Buysson, 1905",SUBSPECIES,HUMAN_OBSERVATION,Inventaire national Frelon (MNHN),9fd6c3da-88f7-4df7-9a3f-3f3f9c703998,CC_BY_4_0,True,False,1,1,2473238030,False,True,,gbif_20260923T091718Z/page_year-2018_offset-000000.json,2026-09-23T09:18:20Z
c8e71a3f141b6ecb,2510655735,2018-09-03,,1.0,2018,9,automne_reproduction,46.985,-1.805,5000.0,faible_5km,44087,Machecoul-Saint-Même,44,"Vespa velutina nigrithorax Buysson, 1905",SUBSPECIES,HUMAN_OBSERVATION,Inventaire national Frelon (MNHN),a1077e55-120b-4c31-9a6b-ca7c210f5b04,CC_BY_4_0,True,False,2,1,2510655735;2510657732,False,False,,gbif_20260923T091718Z/page_year-2018_offset-000000.json,2026-09-23T09:18:20Z
46396312a6055592,2473205664,2018-09-05,,1.0,2018,9,automne_reproduction,47.691,-0.07,3000.0,faible_5km,72154,La Flèche,72,"Vespa velutina nigrithorax Buysson, 1905",SUBSPECIES,HUMAN_OBSERVATION,Inventaire national Frelon (MNHN),9fd6c3da-88f7-4df7-9a3f-3f3f9c703998,CC_BY_4_0,True,False,1,1,2473205664,False,False,,gbif_20260923T091718Z/page_year-2018_offset-000000.json,2026-09-23T09:18:20Z
6b80866d5e4f4756,2473233757,2018-09-05,,1.0,2018,9,automne_reproduction,48.062,0.137,3000.0,faible_5km,72198,La Milesse,72,"Vespa velutina nigrithorax Buysson, 1905",SUBSPECIES,HUMAN_OBSERVATION,Inventaire national Frelon (MNHN),9fd6c3da-88f7-4df7-9a3f-3f3f9c703998,CC_BY_4_0,True,False,1,1,2473233757,False,True,,gbif_20260923T091718Z/page_year-2018_offset-000000.json,2026-09-23T09:18:20Z
ae1bc1c1a1f89936,3851017504,2018-09-06,,1.0,2018,9,automne_reproduction,47.219,-1.074,1.0,precise_100m,49218,Montrevault-sur-Èvre,49,"Vespa velutina Lepeletier, 1836",SPECIES,HUMAN_OBSERVATION,Autre inventaire,55598238-9abe-451f-8706-0f620ad7cc28,CC_BY_4_0,True,False,1,1,3851017504,False,False,,gbif_20260923T091718Z/page_year-2018_offset-000000.json,2026-09-23T09:18:20Z
0942d2ec3fa16130,2473236799,2018-09-07,,1.0,2018,9,automne_reproduction,46.534,-1.798,3000.0,faible_5km,85194,Les Sables-d'Olonne,85,"Vespa velutina nigrithorax Buysson, 1905",SUBSPECIES,HUMAN_OBSERVATION,Inventaire national Frelon (MNHN),9fd6c3da-88f7-4df7-9a3f-3f3f9c703998,CC_BY_4_0,True,False,1,1,2473236799,False,False,,gbif_20260923T091718Z/page_year-2018_offset-000000.json,2026-09-23T09:18:20Z
204186ee7867a688,2473201453,2018-09-08,,1.0,2018,9,automne_reproduction,47.153,-1.523,3000.0,faible_5km,44198,Les Sorinières,44,"Vespa velutina nigrithorax Buysson, 1905",SUBSPECIES,HUMAN_OBSERVATION,Inventaire national Frelon (MNHN),9fd6c3da-88f7-4df7-9a3f-3f3f9c703998,CC_BY_4_0,True,False,1,1,2473201453,False,True,,gbif_20260923T091718Z/page_year-2018_offset-000000.json,2026-09-23T09:18:20Z
6347868074861f3e,2473233760,2018-09-08,,1.0,2018,9,automne_reproduction,48.295,-0.924,3000.0,faible_5km,53096,Ernée,53,"Vespa velutina nigrithorax Buysson, 1905",SUBSPECIES,HUMAN_OBSERVATION,Inventaire national Frelon (MNHN),9fd6c3da-88f7-4df7-9a3f-3f3f9c703998,CC_BY_4_0,True,False,1,1,2473233760,False,True,,gbif_20260923T091718Z/page_year-2018_offset-000000.json,2026-09-23T09:18:20Z
881a7785d0bd9896,2473233614,2018-09-08,,1.0,2018,9,automne_reproduction,48.312,-0.176,20.0,precise_100m,53198,Saint-Aubin-du-Désert,53,"Vespa velutina nigrithorax Buysson, 1905",SUBSPECIES,HUMAN_OBSERVATION,Inventaire national Frelon (MNHN),9fd6c3da-88f7-4df7-9a3f-3f3f9c703998,CC_BY_4_0,True,False,1,1,2473233614,False,True,,gbif_20260923T091718Z/page_year-2018_offset-000000.json,2026-09-23T09:18:20Z
e2a59e7cefa676da,2510656749,2018-09-08,,1.0,2018,9,automne_reproduction,47.355,-1.573,5000.0,faible_5km,44066,Grandchamp-des-Fontaines,44,"Vespa velutina nigrithorax Buysson, 1905",SUBSPECIES,HUMAN_OBSERVATION,Inventaire national Frelon (MNHN),a1077e55-120b-4c31-9a6b-ca7c210f5b04,CC_BY_4_0,True,False,1,1,2510656749,False,True,,gbif_20260923T091718Z/page_year-2018_offset-000000.json,2026-09-23T09:18:20Z
8cad3689606e1b7a,2511888999,2018-09-09,,1.0,2018,9,automne_reproduction,46.992,-0.954,5.0,precise_100m,85151,Mortagne-sur-Sèvre,85,"Vespa velutina Lepeletier, 1836",SPECIES,HUMAN_OBSERVATION,CardObs (INPN),4f0a9cb0-0079-4b22-b1fe-359b7e71a36a,CC_BY_4_0,True,False,1,1,2511888999,False,False,,gbif_20260923T091718Z/page_year-2018_offset-000000.json,2026-09-23T09:18:20Z
52198da6debd5ef2,2473239580,2018-09-10,,1.0,2018,9,automne_reproduction,47.455,-0.269,3000.0,faible_5km,49194,Mazé-Milon,49,"Vespa velutina nigrithorax Buysson, 1905",SUBSPECIES,HUMAN_OBSERVATION,Inventaire national Frelon (MNHN),9fd6c3da-88f7-4df7-9a3f-3f3f9c703998,CC_BY_4_0,True,False,1,1,2473239580,False,True,,gbif_20260923T091718Z/page_year-2018_offset-000000.json,2026-09-23T09:18:20Z
7f1fd07cd5ff64bd,2473239581,2018-09-10,,1.0,2018,9,automne_reproduction,47.21,-0.727,3000.0,faible_5km,49092,Chemillé-en-Anjou,49,"Vespa velutina nigrithorax Buysson, 1905",SUBSPECIES,HUMAN_OBSERVATION,Inventaire national Frelon (MNHN),9fd6c3da-88f7-4df7-9a3f-3f3f9c703998,CC_BY_4_0,True,False,1,1,2473239581,False,False,,gbif_20260923T091718Z/page_year-2018_offset-000000.json,2026-09-23T09:18:20Z
b9eb1e1dedcdfc68,2510654760,2018-09-11,,1.0,2018,9,automne_reproduction,47.355,-1.573,5000.0,faible_5km,44066,Grandchamp-des-Fontaines,44,"Vespa velutina nigrithorax Buysson, 1905",SUBSPECIES,HUMAN_OBSERVATION,Inventaire national Frelon (MNHN),a1077e55-120b-4c31-9a6b-ca7c210f5b04,CC_BY_4_0,True,False,1,1,2510654760,False,False,,gbif_20260923T091718Z/page_year-2018_offset-000000.json,2026-09-23T09:18:20Z
f18934acde25c994,2473205671,2018-09-14,,1.0,2018,9,automne_reproduction,47.164,-1.471,3000.0,faible_5km,44215,Vertou,44,"Vespa velutina nigrithorax Buysson, 1905",SUBSPECIES,HUMAN_OBSERVATION,Inventaire national Frelon (MNHN),9fd6c3da-88f7-4df7-9a3f-3f3f9c703998,CC_BY_4_0,True,False,1,1,2473205671,False,False,,gbif_20260923T091718Z/page_year-2018_offset-000000.json,2026-09-23T09:18:20Z
46760f6ba1166cea,2511893140,2018-09-15,,1.0,2018,9,automne_reproduction,47.686,-0.87,6.0,precise_100m,49331,Segré-en-Anjou Bleu,49,"Vespa velutina Lepeletier, 1836",SPECIES,HUMAN_OBSERVATION,CardObs (INPN),4f0a9cb0-0079-4b22-b1fe-359b7e71a36a,CC_BY_4_0,True,False,1,1,2511893140,False,False,,gbif_20260923T091718Z/page_year-2018_offset-000000.json,2026-09-23T09:18:20Z
7f19d4393aa6c7df,2473201459,2018-09-15,,1.0,2018,9,automne_reproduction,47.183,-1.593,3000.0,faible_5km,44020,Bouguenais,44,"Vespa velutina nigrithorax Buysson, 1905",SUBSPECIES,HUMAN_OBSERVATION,Inventaire national Frelon (MNHN),9fd6c3da-88f7-4df7-9a3f-3f3f9c703998,CC_BY_4_0,True,False,1,1,2473201459,False,False,,gbif_20260923T091718Z/page_year-2018_offset-000000.json,2026-09-23T09:18:20Z
e20667afb4382358,2473235342,2018-09-17,,1.0,2018,9,automne_reproduction,47.315,-1.369,3000.0,faible_5km,44028,Le Cellier,44,"Vespa velutina nigrithorax Buysson, 1905",SUBSPECIES,HUMAN_OBSERVATION,Inventaire national Frelon (MNHN),9fd6c3da-88f7-4df7-9a3f-3f3f9c703998,CC_BY_4_0,True,False,1,1,2473235342,False,False,,gbif_20260923T091718Z/page_year-2018_offset-000000.json,2026-09-23T09:18:20Z
87f8847998baa134,2473236810,2018-09-18,,1.0,2018,9,automne_reproduction,47.472,-0.591,3000.0,faible_5km,49007,Angers,49,"Vespa velutina nigrithorax Buysson, 1905",SUBSPECIES,HUMAN_OBSERVATION,Inventaire national Frelon (MNHN),9fd6c3da-88f7-4df7-9a3f-3f3f9c703998,CC_BY_4_0,True,False,1,1,2473236810,False,False,,gbif_20260923T091718Z/page_year-2018_offset-000000.json,2026-09-23T09:18:20Z
3ff7ef689437ee37,2473206726,2018-09-19,,1.0,2018,9,automne_reproduction,47.058,-0.902,20.0,precise_100m,49099,Cholet,49,"Vespa velutina nigrithorax Buysson, 1905",SUBSPECIES,HUMAN_OBSERVATION,Inventaire national Frelon (MNHN),9fd6c3da-88f7-4df7-9a3f-3f3f9c703998,CC_BY_4_0,True,False,1,1,2473206726,False,False,,gbif_20260923T091718Z/page_year-2018_offset-000000.json,2026-09-23T09:18:20Z
7e620e9a5330f1da,2473201310,2018-09-19,,1.0,2018,9,automne_reproduction,47.183,-1.767,20.0,precise_100m,44039,Cheix-en-Retz,44,"Vespa velutina nigrithorax Buysson, 1905",SUBSPECIES,HUMAN_OBSERVATION,Inventaire national Frelon (MNHN),9fd6c3da-88f7-4df7-9a3f-3f3f9c703998,CC_BY_4_0,True,False,1,1,2473201310,False,True,,gbif_20260923T091718Z/page_year-2018_offset-000000.json,2026-09-23T09:18:20Z
ea9e4638ad6aa727,2510657767,2018-09-19,,1.0,2018,9,automne_reproduction,47.355,-1.573,5000.0,faible_5km,44066,Grandchamp-des-Fontaines,44,"Vespa velutina nigrithorax Buysson, 1905",SUBSPECIES,HUMAN_OBSERVATION,Inventaire national Frelon (MNHN),a1077e55-120b-4c31-9a6b-ca7c210f5b04,CC_BY_4_0,True,False,1,1,2510657767,False,False,,gbif_20260923T091718Z/page_year-2018_offset-000000.json,2026-09-23T09:18:20Z
88cb6627f747d3bc,2473201463,2018-09-20,,1.0,2018,9,automne_reproduction,46.382,-1.134,3000.0,faible_5km,85049,Champagné-les-Marais,85,"Vespa velutina nigrithorax Buysson, 1905",SUBSPECIES,HUMAN_OBSERVATION,Inventaire national Frelon (MNHN),9fd6c3da-88f7-4df7-9a3f-3f3f9c703998,CC_BY_4_0,True,False,1,1,2473201463,False,False,,gbif_20260923T091718Z/page_year-2018_offset-000000.json,2026-09-23T09:18:20Z
26d39b9399ba5c2f,2473236814,2018-09-22,,1.0,2018,9,automne_reproduction,47.579,-0.253,3000.0,faible_5km,49163,Jarzé Villages,49,"Vespa velutina nigrithorax Buysson, 1905",SUBSPECIES,HUMAN_OBSERVATION,Inventaire national Frelon (MNHN),9fd6c3da-88f7-4df7-9a3f-3f3f9c703998,CC_BY_4_0,True,False,1,1,2473236814,False,False,,gbif_20260923T091718Z/page_year-2018_offset-000000.json,2026-09-23T09:18:20Z
3daada5c8acccd46,2473233619,2018-09-22,,1.0,2018,9,automne_reproduction,46.796,-0.738,20.0,precise_100m,85254,Saint-Mesmin,85,"Vespa velutina nigrithorax Buysson, 1905",SUBSPECIES,HUMAN_OBSERVATION,Inventaire national Frelon (MNHN),9fd6c3da-88f7-4df7-9a3f-3f3f9c703998,CC_BY_4_0,True,False,1,1,2473233619,False,True,,gbif_20260923T091718Z/page_year-2018_offset-000000.json,2026-09-23T09:18:20Z
e3fae4f5606af307,2473236665,2018-09-22,,1.0,2018,9,automne_reproduction,47.046,-0.889,20.0,precise_100m,49099,Cholet,49,"Vespa velutina nigrithorax Buysson, 1905",SUBSPECIES,HUMAN_OBSERVATION,Inventaire national Frelon (MNHN),9fd6c3da-88f7-4df7-9a3f-3f3f9c703998,CC_BY_4_0,True,False,1,1,2473236665,False,False,,gbif_20260923T091718Z/page_year-2018_offset-000000.json,2026-09-23T09:18:20Z
5feb3b2b247073e8,2473239449,2018-09-24,,1.0,2018,9,automne_reproduction,48.12,-0.184,20.0,precise_100m,72229,Parennes,72,"Vespa velutina nigrithorax Buysson, 1905",SUBSPECIES,HUMAN_OBSERVATION,Inventaire national Frelon (MNHN),9fd6c3da-88f7-4df7-9a3f-3f3f9c703998,CC_BY_4_0,True,False,1,1,2473239449,False,True,,gbif_20260923T091718Z/page_year-2018_offset-000000.json,2026-09-23T09:18:20Z
fce9abda032fcd01,2473203654,2018-09-27,,1.0,2018,9,automne_reproduction,47.363,-1.954,20.0,precise_100m,44195,Savenay,44,"Vespa velutina nigrithorax Buysson, 1905",SUBSPECIES,HUMAN_OBSERVATION,Inventaire national Frelon (MNHN),9fd6c3da-88f7-4df7-9a3f-3f3f9c703998,CC_BY_4_0,True,False,1,1,2473203654,False,False,,gbif_20260923T091718Z/page_year-2018_offset-000000.json,2026-09-23T09:18:20Z
6290f7ca10feb0f6,2473239417,2018-09-29,,1.0,2018,9,automne_reproduction,47.145,-1.506,20.0,precise_100m,44198,Les Sorinières,44,"Vespa velutina nigrithorax Buysson, 1905",SUBSPECIES,HUMAN_OBSERVATION,Inventaire national Frelon (MNHN),9fd6c3da-88f7-4df7-9a3f-3f3f9c703998,CC_BY_4_0,True,False,1,1,2473239417,False,False,,gbif_20260923T091718Z/page_year-2018_offset-000000.json,2026-09-23T09:18:20Z
f0382c105710fd4d,2473239416,2018-09-29,,1.0,2018,9,automne_reproduction,47.379,-0.192,20.0,precise_100m,49180,Longué-Jumelles,49,"Vespa velutina nigrithorax Buysson, 1905",SUBSPECIES,HUMAN_OBSERVATION,Inventaire national Frelon (MNHN),9fd6c3da-88f7-4df7-9a3f-3f3f9c703998,CC_BY_4_0,True,False,1,1,2473239416,False,True,,gbif_20260923T091718Z/page_year-2018_offset-000000.json,2026-09-23T09:18:20Z
0a8375769c293d17,2473239592,2018-09-30,,1.0,2018,9,automne_reproduction,46.484,-1.755,3000.0,faible_5km,85194,Les Sables-d'Olonne,85,"Vespa velutina nigrithorax Buysson, 1905",SUBSPECIES,HUMAN_OBSERVATION,Inventaire national Frelon (MNHN),9fd6c3da-88f7-4df7-9a3f-3f3f9c703998,CC_BY_4_0,True,False,1,1,2473239592,False,False,,gbif_20260923T091718Z/page_year-2018_offset-000000.json,2026-09-23T09:18:20Z
e101bb7e6f8ae1f0,2510657775,2018-09-30,,1.0,2018,9,automne_reproduction,47.355,-1.573,5000.0,faible_5km,44066,Grandchamp-des-Fontaines,44,"Vespa velutina nigrithorax Buysson, 1905",SUBSPECIES,HUMAN_OBSERVATION,Inventaire national Frelon (MNHN),a1077e55-120b-4c31-9a6b-ca7c210f5b04,CC_BY_4_0,True,False,1,1,2510657775,False,False,,gbif_20260923T091718Z/page_year-2018_offset-000000.json,2026-09-23T09:18:20Z
66201042564ebe14,2473201470,2018-10-01,,1.0,2018,10,automne_reproduction,48.06,0.335,3000.0,faible_5km,72275,Saint-Corneille,72,"Vespa velutina nigrithorax Buysson, 1905",SUBSPECIES,HUMAN_OBSERVATION,Inventaire national Frelon (MNHN),9fd6c3da-88f7-4df7-9a3f-3f3f9c703998,CC_BY_4_0,True,False,1,1,2473201470,False,True,,gbif_20260923T091718Z/page_year-2018_offset-000000.json,2026-09-23T09:18:20Z
5deb2ac0c405a890,2473236820,2018-10-02,,1.0,2018,10,automne_reproduction,47.46,-1.004,3000.0,faible_5km,44213,Loireauxence,44,"Vespa velutina nigrithorax Buysson, 1905",SUBSPECIES,HUMAN_OBSERVATION,Inventaire national Frelon (MNHN),9fd6c3da-88f7-4df7-9a3f-3f3f9c703998,CC_BY_4_0,True,False,1,1,2473236820,False,True,,gbif_20260923T091718Z/page_year-2018_offset-000000.json,2026-09-23T09:18:20Z
667c4d1a25da23df,2510654781,2018-10-04,,1.0,2018,10,automne_reproduction,47.355,-1.573,5000.0,faible_5km,44066,Grandchamp-des-Fontaines,44,"Vespa velutina nigrithorax Buysson, 1905",SUBSPECIES,HUMAN_OBSERVATION,Inventaire national Frelon (MNHN),a1077e55-120b-4c31-9a6b-ca7c210f5b04,CC_BY_4_0,True,False,1,1,2510654781,False,False,,gbif_20260923T091718Z/page_year-2018_offset-000000.json,2026-09-23T09:18:20Z
6de4ce77c86b667a,2473233628,2018-10-14,,1.0,2018,10,automne_reproduction,47.277,-2.209,20.0,precise_100m,44184,Saint-Nazaire,44,"Vespa velutina nigrithorax Buysson, 1905",SUBSPECIES,HUMAN_OBSERVATION,Inventaire national Frelon (MNHN),9fd6c3da-88f7-4df7-9a3f-3f3f9c703998,CC_BY_4_0,True,False,1,1,2473233628,False,False,,gbif_20260923T091718Z/page_year-2018_offset-000000.json,2026-09-23T09:18:20Z
c2750c66b00ec3ec,2473204678,2018-10-14,,1.0,2018,10,automne_reproduction,47.962,0.078,20.0,precise_100m,72127,Étival-lès-le-Mans,72,"Vespa velutina nigrithorax Buysson, 1905",SUBSPECIES,HUMAN_OBSERVATION,Inventaire national Frelon (MNHN),9fd6c3da-88f7-4df7-9a3f-3f3f9c703998,CC_BY_4_0,True,False,1,1,2473204678,False,True,,gbif_20260923T091718Z/page_year-2018_offset-000000.json,2026-09-23T09:18:20Z
824ad76a3de7a0cf,2473205548,2018-10-16,,1.0,2018,10,automne_reproduction,47.724,-1.378,20.0,precise_100m,44036,Châteaubriant,44,"Vespa velutina nigrithorax Buysson, 1905",SUBSPECIES,HUMAN_OBSERVATION,Inventaire national Frelon (MNHN),9fd6c3da-88f7-4df7-9a3f-3f3f9c703998,CC_BY_4_0,True,False,1,1,2473205548,False,False,,gbif_20260923T091718Z/page_year-2018_offset-000000.json,2026-09-23T09:18:20Z
efe4f55f141bcbcc,2473204684,2018-10-17,,1.0,2018,10,automne_reproduction,47.278,-2.333,20.0,precise_100m,44055,La Baule-Escoublac,44,"Vespa velutina nigrithorax Buysson, 1905",SUBSPECIES,HUMAN_OBSERVATION,Inventaire national Frelon (MNHN),9fd6c3da-88f7-4df7-9a3f-3f3f9c703998,CC_BY_4_0,True,False,1,1,2473204684,False,False,,gbif_20260923T091718Z/page_year-2018_offset-000000.json,2026-09-23T09:18:20Z
588e44b3bb19bb47,2473237884,2018-10-20,,1.0,2018,10,automne_reproduction,47.734,-1.588,20.0,precise_100m,44197,Sion-les-Mines,44,"Vespa velutina nigrithorax Buysson, 1905",SUBSPECIES,HUMAN_OBSERVATION,Inventaire national Frelon (MNHN),9fd6c3da-88f7-4df7-9a3f-3f3f9c703998,CC_BY_4_0,True,False,1,1,2473237884,False,False,,gbif_20260923T091718Z/page_year-2018_offset-000000.json,2026-09-23T09:18:20Z
2f0893a450906d58,2473204690,2018-10-21,,1.0,2018,10,automne_reproduction,47.389,-0.256,20.0,precise_100m,49201,La Ménitré,49,"Vespa velutina nigrithorax Buysson, 1905",SUBSPECIES,HUMAN_OBSERVATION,Inventaire national Frelon (MNHN),9fd6c3da-88f7-4df7-9a3f-3f3f9c703998,CC_BY_4_0,True,False,1,1,2473204690,False,True,,gbif_20260923T091718Z/page_year-2018_offset-000000.json,2026-09-23T09:18:20Z
a6218df0f8757edd,2473205687,2018-10-21,,1.0,2018,10,automne_reproduction,47.256,-0.068,3000.0,faible_5km,49328,Saumur,49,"Vespa velutina nigrithorax Buysson, 1905",SUBSPECIES,HUMAN_OBSERVATION,Inventaire national Frelon (MNHN),9fd6c3da-88f7-4df7-9a3f-3f3f9c703998,CC_BY_4_0,True,False,1,1,2473205687,False,False,,gbif_20260923T091718Z/page_year-2018_offset-000000.json,2026-09-23T09:18:20Z
2a9205b6e77e7c3a,6398677042,2018-10-24,2018-10-24T14:12:19Z,1.0,2018,10,automne_reproduction,47.268,-1.548,,inconnue,44035,La Chapelle-sur-Erdre,44,"Vespa velutina Lepeletier, 1836",SPECIES,HUMAN_OBSERVATION,iNaturalist,50c9509d-22c7-4a22-a47d-8c48425ef4a7,CC_BY_4_0,True,False,1,1,6398677042,False,False,Q08_incertitude_connue,gbif_20260923T091718Z/page_year-2018_offset-000000.json,2026-09-23T09:18:20Z
fec13e5efcefa5d3,2510655051,2018-10-26,,1.0,2018,10,automne_reproduction,47.321,-2.366,5000.0,faible_5km,44069,Guérande,44,"Vespa velutina nigrithorax Buysson, 1905",SUBSPECIES,HUMAN_OBSERVATION,Inventaire national Frelon (MNHN),a1077e55-120b-4c31-9a6b-ca7c210f5b04,CC_BY_4_0,True,False,1,1,2510655051,False,False,,gbif_20260923T091718Z/page_year-2018_offset-000000.json,2026-09-23T09:18:20Z
e1af12e765339f54,2510657054,2018-10-28,,1.0,2018,10,automne_reproduction,47.478,-0.653,5000.0,faible_5km,49020,Beaucouzé,49,"Vespa velutina nigrithorax Buysson, 1905",SUBSPECIES,HUMAN_OBSERVATION,Inventaire national Frelon (MNHN),a1077e55-120b-4c31-9a6b-ca7c210f5b04,CC_BY_4_0,True,False,1,1,2510657054,False,False,,gbif_20260923T091718Z/page_year-2018_offset-000000.json,2026-09-23T09:18:20Z
035ba3379a6fd8da,1944395304,2018-10-31,2018-10-31T06:46:00Z,1.0,2018,10,automne_reproduction,47.481,-2.172,172.0,moyenne_1km,44098,Missillac,44,"Vespa velutina Lepeletier, 1836",SPECIES,HUMAN_OBSERVATION,iNaturalist,50c9509d-22c7-4a22-a47d-8c48425ef4a7,CC_BY_NC_4_0,True,True,1,1,1944395304,False,False,,gbif_20260923T091718Z/page_year-2018_offset-000000.json,2026-09-23T09:18:20Z
03968b17c64ebd19,2473205565,2018-11-01,,1.0,2018,11,automne_reproduction,47.286,-2.358,20.0,precise_100m,44055,La Baule-Escoublac,44,"Vespa velutina nigrithorax Buysson, 1905",SUBSPECIES,HUMAN_OBSERVATION,Inventaire national Frelon (MNHN),9fd6c3da-88f7-4df7-9a3f-3f3f9c703998,CC_BY_4_0,True,False,1,1,2473205565,True,False,,gbif_20260923T091718Z/page_year-2018_offset-000000.json,2026-09-23T09:18:20Z
0d7445e225444efd,2510657060,2018-11-01,,1.0,2018,11,automne_reproduction,47.266,-1.565,5000.0,faible_5km,44109,Nantes,44,"Vespa velutina nigrithorax Buysson, 1905",SUBSPECIES,HUMAN_OBSERVATION,Inventaire national Frelon (MNHN),a1077e55-120b-4c31-9a6b-ca7c210f5b04,CC_BY_4_0,True,False,1,1,2510657060,False,False,,gbif_20260923T091718Z/page_year-2018_offset-000000.json,2026-09-23T09:18:20Z
44f1f1a01682753a,2473239483,2018-11-02,,1.0,2018,11,automne_reproduction,47.283,-2.354,20.0,precise_100m,44055,La Baule-Escoublac,44,"Vespa velutina nigrithorax Buysson, 1905",SUBSPECIES,HUMAN_OBSERVATION,Inventaire national Frelon (MNHN),9fd6c3da-88f7-4df7-9a3f-3f3f9c703998,CC_BY_4_0,True,False,1,1,2473239483,False,False,,gbif_20260923T091718Z/page_year-2018_offset-000000.json,2026-09-23T09:18:20Z
4a9015221057f0e0,2473235232,2018-11-02,,1.0,2018,11,automne_reproduction,47.291,-2.38,20.0,precise_100m,44055,La Baule-Escoublac,44,"Vespa velutina nigrithorax Buysson, 1905",SUBSPECIES,HUMAN_OBSERVATION,Inventaire national Frelon (MNHN),9fd6c3da-88f7-4df7-9a3f-3f3f9c703998,CC_BY_4_0,True,False,1,1,2473235232,False,False,,gbif_20260923T091718Z/page_year-2018_offset-000000.json,2026-09-23T09:18:20Z
bd0ba3b46d7fd8cd,2473205567,2018-11-02,,1.0,2018,11,automne_reproduction,47.292,-2.381,20.0,precise_100m,44055,La Baule-Escoublac,44,"Vespa velutina nigrithorax Buysson, 1905",SUBSPECIES,HUMAN_OBSERVATION,Inventaire national Frelon (MNHN),9fd6c3da-88f7-4df7-9a3f-3f3f9c703998,CC_BY_4_0,True,False,1,1,2473205567,False,False,,gbif_20260923T091718Z/page_year-2018_offset-000000.json,2026-09-23T09:18:20Z
297132cb4cdc54c1,2510658057,2018-11-03,,1.0,2018,11,automne_reproduction,47.266,-1.565,5000.0,faible_5km,44109,Nantes,44,"Vespa velutina nigrithorax Buysson, 1905",SUBSPECIES,HUMAN_OBSERVATION,Inventaire national Frelon (MNHN),a1077e55-120b-4c31-9a6b-ca7c210f5b04,CC_BY_4_0,True,False,1,1,2510658057,False,False,,gbif_20260923T091718Z/page_year-2018_offset-000000.json,2026-09-23T09:18:20Z
3c1b1e5c391cf9c4,2510656071,2018-11-04,,1.0,2018,11,automne_reproduction,47.024,-0.754,5000.0,faible_5km,49192,Maulévrier,49,"Vespa velutina nigrithorax Buysson, 1905",SUBSPECIES,HUMAN_OBSERVATION,Inventaire national Frelon (MNHN),a1077e55-120b-4c31-9a6b-ca7c210f5b04,CC_BY_4_0,True,False,1,1,2510656071,False,False,,gbif_20260923T091718Z/page_year-2018_offset-000000.json,2026-09-23T09:18:20Z
33360e89405643ba,2473237897,2018-11-05,,1.0,2018,11,automne_reproduction,47.235,-1.548,20.0,precise_100m,44109,Nantes,44,"Vespa velutina nigrithorax Buysson, 1905",SUBSPECIES,HUMAN_OBSERVATION,Inventaire national Frelon (MNHN),9fd6c3da-88f7-4df7-9a3f-3f3f9c703998,CC_BY_4_0,True,False,1,1,2473237897,False,False,,gbif_20260923T091718Z/page_year-2018_offset-000000.json,2026-09-23T09:18:20Z
1182f566dd63a299,2473236688,2018-11-07,,1.0,2018,11,automne_reproduction,47.378,-1.194,20.0,precise_100m,44003,Ancenis-Saint-Géréon,44,"Vespa velutina nigrithorax Buysson, 1905",SUBSPECIES,HUMAN_OBSERVATION,Inventaire national Frelon (MNHN),9fd6c3da-88f7-4df7-9a3f-3f3f9c703998,CC_BY_4_0,True,False,1,1,2473236688,False,False,,gbif_20260923T091718Z/page_year-2018_offset-000000.json,2026-09-23T09:18:20Z
9c8cf2b35f678365,2473203690,2018-11-08,,1.0,2018,11,automne_reproduction,47.712,-1.377,20.0,precise_100m,44036,Châteaubriant,44,"Vespa velutina nigrithorax Buysson, 1905",SUBSPECIES,HUMAN_OBSERVATION,Inventaire national Frelon (MNHN),9fd6c3da-88f7-4df7-9a3f-3f3f9c703998,CC_BY_4_0,True,False,1,1,2473203690,False,False,,gbif_20260923T091718Z/page_year-2018_offset-000000.json,2026-09-23T09:18:20Z
9ce0ce45b3a40def,2473233652,2018-11-10,,1.0,2018,11,automne_reproduction,47.243,-1.594,20.0,precise_100m,44114,Orvault,44,"Vespa velutina nigrithorax Buysson, 1905",SUBSPECIES,HUMAN_OBSERVATION,Inventaire national Frelon (MNHN),9fd6c3da-88f7-4df7-9a3f-3f3f9c703998,CC_BY_4_0,True,False,1,1,2473233652,False,False,,gbif_20260923T091718Z/page_year-2018_offset-000000.json,2026-09-23T09:18:20Z
1a92af60540e5d33,2473235242,2018-11-14,,1.0,2018,11,automne_reproduction,47.277,-2.333,20.0,precise_100m,44055,La Baule-Escoublac,44,"Vespa velutina nigrithorax Buysson, 1905",SUBSPECIES,HUMAN_OBSERVATION,Inventaire national Frelon (MNHN),9fd6c3da-88f7-4df7-9a3f-3f3f9c703998,CC_BY_4_0,True,False,1,1,2473235242,False,False,,gbif_20260923T091718Z/page_year-2018_offset-000000.json,2026-09-23T09:18:20Z
03ef98a3f4866f93,4595441761,2018-11-18,,1.0,2018,11,automne_reproduction,48.055,-0.814,,inconnue,53201,Saint-Berthevin,53,"Vespa velutina Lepeletier, 1836",SPECIES,HUMAN_OBSERVATION,SPIPOLL,0797c245-3f7f-42db-b822-550a36b2a922,CC_BY_4_0,True,False,1,1,4595441761,False,True,Q08_incertitude_connue,gbif_20260923T091718Z/page_year-2018_offset-000000.json,2026-09-23T09:18:20Z
b0f2acb5a7057ea9,6399491377,2018-11-18,2018-11-18T07:50:00Z,1.0,2018,11,automne_reproduction,47.103,-1.266,1.0,precise_100m,44043,Clisson,44,"Vespa velutina Lepeletier, 1836",SPECIES,HUMAN_OBSERVATION,iNaturalist,50c9509d-22c7-4a22-a47d-8c48425ef4a7,CC_BY_4_0,True,False,1,1,6399491377,False,False,,gbif_20260923T091718Z/page_year-2018_offset-000000.json,2026-09-23T09:18:20Z
b8acfdaf8c186c41,2473239496,2018-11-18,,1.0,2018,11,automne_reproduction,47.62,-0.714,20.0,precise_100m,49176,Le Lion-d'Angers,49,"Vespa velutina nigrithorax Buysson, 1905",SUBSPECIES,HUMAN_OBSERVATION,Inventaire national Frelon (MNHN),9fd6c3da-88f7-4df7-9a3f-3f3f9c703998,CC_BY_4_0,True,False,1,1,2473239496,False,True,,gbif_20260923T091718Z/page_year-2018_offset-000000.json,2026-09-23T09:18:20Z
93f26a9c42b5b825,2473239497,2018-11-19,,1.0,2018,11,automne_reproduction,48.012,0.457,20.0,precise_100m,72341,Soulitré,72,"Vespa velutina nigrithorax Buysson, 1905",SUBSPECIES,HUMAN_OBSERVATION,Inventaire national Frelon (MNHN),9fd6c3da-88f7-4df7-9a3f-3f3f9c703998,CC_BY_4_0,True,False,1,1,2473239497,False,True,,gbif_20260923T091718Z/page_year-2018_offset-000000.json,2026-09-23T09:18:20Z
12028026575e67b6,2473205586,2018-11-23,,1.0,2018,11,automne_reproduction,47.469,-0.623,20.0,precise_100m,49020,Beaucouzé,49,"Vespa velutina nigrithorax Buysson, 1905",SUBSPECIES,HUMAN_OBSERVATION,Inventaire national Frelon (MNHN),9fd6c3da-88f7-4df7-9a3f-3f3f9c703998,CC_BY_4_0,True,False,1,1,2473205586,False,False,,gbif_20260923T091718Z/page_year-2018_offset-000000.json,2026-09-23T09:18:20Z
e5e37da51df92da4,2473236704,2018-11-23,,1.0,2018,11,automne_reproduction,47.453,-0.67,20.0,precise_100m,49298,Saint-Léger-de-Linières,49,"Vespa velutina nigrithorax Buysson, 1905",SUBSPECIES,HUMAN_OBSERVATION,Inventaire national Frelon (MNHN),9fd6c3da-88f7-4df7-9a3f-3f3f9c703998,CC_BY_4_0,True,False,1,1,2473236704,False,True,,gbif_20260923T091718Z/page_year-2018_offset-000000.json,2026-09-23T09:18:20Z
c4c5b1b82451fc2a,2473236710,2018-11-29,,1.0,2018,11,automne_reproduction,46.681,-1.408,20.0,precise_100m,85191,La Roche-sur-Yon,85,"Vespa velutina nigrithorax Buysson, 1905",SUBSPECIES,HUMAN_OBSERVATION,Inventaire national Frelon (MNHN),9fd6c3da-88f7-4df7-9a3f-3f3f9c703998,CC_BY_4_0,True,False,1,1,2473236710,False,False,,gbif_20260923T091718Z/page_year-2018_offset-000000.json,2026-09-23T09:18:20Z
59cff85836b0e37e,2473203705,2018-12-02,,1.0,2018,12,hiver_hivernage,47.582,-0.362,20.0,precise_100m,49333,Seiches-sur-le-Loir,49,"Vespa velutina nigrithorax Buysson, 1905",SUBSPECIES,HUMAN_OBSERVATION,Inventaire national Frelon (MNHN),9fd6c3da-88f7-4df7-9a3f-3f3f9c703998,CC_BY_4_0,True,False,1,1,2473203705,False,False,,gbif_20260923T091718Z/page_year-2018_offset-000000.json,2026-09-23T09:18:20Z
5ab98b9a83e3a41f,2473233676,2018-12-02,,1.0,2018,12,hiver_hivernage,47.347,-1.529,20.0,precise_100m,44201,Sucé-sur-Erdre,44,"Vespa velutina nigrithorax Buysson, 1905",SUBSPECIES,HUMAN_OBSERVATION,Inventaire national Frelon (MNHN),9fd6c3da-88f7-4df7-9a3f-3f3f9c703998,CC_BY_4_0,True,False,1,1,2473233676,False,False,,gbif_20260923T091718Z/page_year-2018_offset-000000.json,2026-09-23T09:18:20Z
2217bd836aa34171,2473206789,2018-12-09,,1.0,2018,12,hiver_hivernage,47.471,-0.476,20.0,precise_100m,49267,Saint-Barthélemy-d'Anjou,49,"Vespa velutina nigrithorax Buysson, 1905",SUBSPECIES,HUMAN_OBSERVATION,Inventaire national Frelon (MNHN),9fd6c3da-88f7-4df7-9a3f-3f3f9c703998,CC_BY_4_0,True,False,1,1,2473206789,False,True,,gbif_20260923T091718Z/page_year-2018_offset-000000.json,2026-09-23T09:18:20Z
18f02d4835be3791,2493395340,2018-12-23,,1.0,2018,12,hiver_hivernage,47.454,-2.303,10.0,precise_100m,44072,Herbignac,44,"Vespa velutina Lepeletier, 1836",SPECIES,HUMAN_OBSERVATION,INPN Especes,7247dc2e-b862-4555-b533-7701d183271b,CC_BY_4_0,True,False,1,1,2493395340,False,True,,gbif_20260923T091718Z/page_year-2018_offset-000000.json,2026-09-23T09:18:20Z
01886f2936d55b81,2473239513,2018-12-28,,1.0,2018,12,hiver_hivernage,47.46,-0.52,20.0,precise_100m,49007,Angers,49,"Vespa velutina nigrithorax Buysson, 1905",SUBSPECIES,HUMAN_OBSERVATION,Inventaire national Frelon (MNHN),9fd6c3da-88f7-4df7-9a3f-3f3f9c703998,CC_BY_4_0,True,False,1,1,2473239513,False,False,,gbif_20260923T091718Z/page_year-2018_offset-000000.json,2026-09-23T09:18:20Z
1605600814285604,2473237943,2018-12-31,,1.0,2018,12,hiver_hivernage,47.288,-2.264,20.0,precise_100m,44184,Saint-Nazaire,44,"Vespa velutina nigrithorax Buysson, 1905",SUBSPECIES,HUMAN_OBSERVATION,Inventaire national Frelon (MNHN),9fd6c3da-88f7-4df7-9a3f-3f3f9c703998,CC_BY_4_0,True,False,1,1,2473237943,False,False,,gbif_20260923T091718Z/page_year-2018_offset-000000.json,2026-09-23T09:18:20Z
1dad3f70836faf5b,2473237958,2018-12-31,,1.0,2018,12,hiver_hivernage,47.45,-2.128,20.0,precise_100m,44129,Pontchâteau,44,"Vespa velutina nigrithorax Buysson, 1905",SUBSPECIES,HUMAN_OBSERVATION,Inventaire national Frelon (MNHN),9fd6c3da-88f7-4df7-9a3f-3f3f9c703998,CC_BY_4_0,True,False,1,1,2473237958,False,False,,gbif_20260923T091718Z/page_year-2018_offset-000000.json,2026-09-23T09:18:20Z
30948e3a49f96de7,2473235277,2018-12-31,,1.0,2018,12,hiver_hivernage,47.841,-0.349,20.0,precise_100m,72264,Sablé-sur-Sarthe,72,"Vespa velutina nigrithorax Buysson, 1905",SUBSPECIES,HUMAN_OBSERVATION,Inventaire national Frelon (MNHN),9fd6c3da-88f7-4df7-9a3f-3f3f9c703998,CC_BY_4_0,True,False,1,1,2473235277,False,True,,gbif_20260923T091718Z/page_year-2018_offset-000000.json,2026-09-23T09:18:20Z
67e63b6d62fd4e90,2473237942,2018-12-31,,1.0,2018,12,hiver_hivernage,47.369,0.066,20.0,precise_100m,49369,Vernoil-le-Fourrier,49,"Vespa velutina nigrithorax Buysson, 1905",SUBSPECIES,HUMAN_OBSERVATION,Inventaire national Frelon (MNHN),9fd6c3da-88f7-4df7-9a3f-3f3f9c703998,CC_BY_4_0,True,False,1,1,2473237942,False,True,,gbif_20260923T091718Z/page_year-2018_offset-000000.json,2026-09-23T09:18:20Z
744c5e4c0bdad91e,2473203728,2018-12-31,,1.0,2018,12,hiver_hivernage,46.495,-1.434,20.0,precise_100m,85156,Moutiers-les-Mauxfaits,85,"Vespa velutina nigrithorax Buysson, 1905",SUBSPECIES,HUMAN_OBSERVATION,Inventaire national Frelon (MNHN),9fd6c3da-88f7-4df7-9a3f-3f3f9c703998,CC_BY_4_0,True,False,1,1,2473203728,False,False,,gbif_20260923T091718Z/page_year-2018_offset-000000.json,2026-09-23T09:18:20Z
846ff312d094b996,2473201387,2018-12-31,,1.0,2018,12,hiver_hivernage,47.394,-0.174,20.0,precise_100m,49180,Longué-Jumelles,49,"Vespa velutina nigrithorax Buysson, 1905",SUBSPECIES,HUMAN_OBSERVATION,Inventaire national Frelon (MNHN),9fd6c3da-88f7-4df7-9a3f-3f3f9c703998,CC_BY_4_0,True,False,1,1,2473201387,False,False,,gbif_20260923T091718Z/page_year-2018_offset-000000.json,2026-09-23T09:18:20Z
9820582678fa4b06,2473237973,2018-12-31,,1.0,2018,12,hiver_hivernage,48.306,-0.016,20.0,precise_100m,72011,Assé-le-Boisne,72,"Vespa velutina nigrithorax Buysson, 1905",SUBSPECIES,HUMAN_OBSERVATION,Inventaire national Frelon (MNHN),9fd6c3da-88f7-4df7-9a3f-3f3f9c703998,CC_BY_4_0,True,False,1,1,2473237973,False,False,,gbif_20260923T091718Z/page_year-2018_offset-000000.json,2026-09-23T09:18:20Z
fc646539c66a172a,2473206820,2018-12-31,,1.0,2018,12,hiver_hivernage,47.405,-0.509,20.0,precise_100m,49167,Les Garennes sur Loire,49,"Vespa velutina nigrithorax Buysson, 1905",SUBSPECIES,HUMAN_OBSERVATION,Inventaire national Frelon (MNHN),9fd6c3da-88f7-4df7-9a3f-3f3f9c703998,CC_BY_4_0,True,False,1,1,2473206820,False,False,,gbif_20260923T091718Z/page_year-2018_offset-000000.json,2026-09-23T09:18:20Z
e99b9e99c272de1d,3830595388,2019-01-26,,1.0,2019,1,hiver_hivernage,47.241,-1.571,10.0,precise_100m,44109,Nantes,44,"Vespa velutina nigrithorax Buysson, 1905",SUBSPECIES,HUMAN_OBSERVATION,Inventaire national Frelon (MNHN),9fd6c3da-88f7-4df7-9a3f-3f3f9c703998,CC_BY_4_0,True,False,1,1,3830595388,False,False,,gbif_20260923T091718Z/page_year-2019_offset-000000.json,2026-09-23T09:18:20Z
0b37eae899e4149f,2510655854,2019-02-15,,1.0,2019,2,printemps_fondatrices,47.318,-1.626,4858.0,faible_5km,44209,Treillières,44,"Vespa velutina nigrithorax Buysson, 1905",SUBSPECIES,HUMAN_OBSERVATION,Inventaire national Frelon (MNHN),a1077e55-120b-4c31-9a6b-ca7c210f5b04,CC_BY_4_0,True,False,1,1,2510655854,False,True,,gbif_20260923T091718Z/page_year-2019_offset-000000.json,2026-09-23T09:18:20Z
85668d4033146933,2510656858,2019-03-30,,1.0,2019,3,printemps_fondatrices,47.025,-1.558,4959.0,faible_5km,44155,Saint-Colomban,44,"Vespa velutina nigrithorax Buysson, 1905",SUBSPECIES,HUMAN_OBSERVATION,Inventaire national Frelon (MNHN),a1077e55-120b-4c31-9a6b-ca7c210f5b04,CC_BY_4_0,True,False,1,1,2510656858,False,True,,gbif_20260923T091718Z/page_year-2019_offset-000000.json,2026-09-23T09:18:20Z
0b611eada2c0f36f,2510656859,2019-03-31,,1.0,2019,3,printemps_fondatrices,48.107,0.23,2096.0,faible_5km,72150,Joué-l'Abbé,72,"Vespa velutina nigrithorax Buysson, 1905",SUBSPECIES,HUMAN_OBSERVATION,Inventaire national Frelon (MNHN),a1077e55-120b-4c31-9a6b-ca7c210f5b04,CC_BY_4_0,True,False,1,1,2510656859,False,True,,gbif_20260923T091718Z/page_year-2019_offset-000000.json,2026-09-23T09:18:20Z
e0e8c5b1721573ad,2510655863,2019-04-01,,1.0,2019,4,printemps_fondatrices,47.079,-1.364,3098.0,faible_5km,44173,Saint-Lumine-de-Clisson,44,"Vespa velutina nigrithorax Buysson, 1905",SUBSPECIES,HUMAN_OBSERVATION,Inventaire national Frelon (MNHN),a1077e55-120b-4c31-9a6b-ca7c210f5b04,CC_BY_4_0,True,False,1,1,2510655863,False,True,,gbif_20260923T091718Z/page_year-2019_offset-000000.json,2026-09-23T09:18:20Z
6cf2f911a5b02971,2510656869,2019-04-18,,1.0,2019,4,printemps_fondatrices,47.143,-1.416,2128.0,faible_5km,44159,Saint-Fiacre-sur-Maine,44,"Vespa velutina nigrithorax Buysson, 1905",SUBSPECIES,HUMAN_OBSERVATION,Inventaire national Frelon (MNHN),a1077e55-120b-4c31-9a6b-ca7c210f5b04,CC_BY_4_0,True,False,1,1,2510656869,False,True,,gbif_20260923T091718Z/page_year-2019_offset-000000.json,2026-09-23T09:18:20Z
c019139b790b4a79,2510654877,2019-04-19,,1.0,2019,4,printemps_fondatrices,47.302,-1.472,4816.0,faible_5km,44026,Carquefou,44,"Vespa velutina nigrithorax Buysson, 1905",SUBSPECIES,HUMAN_OBSERVATION,Inventaire national Frelon (MNHN),a1077e55-120b-4c31-9a6b-ca7c210f5b04,CC_BY_4_0,True,False,1,1,2510654877,False,False,,gbif_20260923T091718Z/page_year-2019_offset-000000.json,2026-09-23T09:18:20Z
e6cedcda3bd84f77,3717745637,2019-04-21,,1.0,2019,4,printemps_fondatrices,47.227,-0.284,16.0,precise_100m,49182,Louresse-Rochemenier,49,"Vespa velutina nigrithorax Buysson, 1905",SUBSPECIES,HUMAN_OBSERVATION,Observation.org,8a863029-f435-446a-821e-275f4f641165,CC_BY_NC_4_0,True,True,1,1,3717745637,False,True,,gbif_20260923T091718Z/page_year-2019_offset-000000.json,2026-09-23T09:18:20Z
33d3980ed348e688,2510655894,2019-05-03,,1.0,2019,5,printemps_fondatrices,47.737,-0.155,3181.0,faible_5km,72110,Crosmières,72,"Vespa velutina nigrithorax Buysson, 1905",SUBSPECIES,HUMAN_OBSERVATION,Inventaire national Frelon (MNHN),a1077e55-120b-4c31-9a6b-ca7c210f5b04,CC_BY_4_0,True,False,1,1,2510655894,False,True,,gbif_20260923T091718Z/page_year-2019_offset-000000.json,2026-09-23T09:18:20Z
e70a2b8fdf906d73,3991619517,2019-05-03,,1.0,2019,5,printemps_fondatrices,46.71,-2.347,4395.0,faible_5km,85113,L'Île-d'Yeu,85,"Vespa velutina nigrithorax Buysson, 1905",SUBSPECIES,HUMAN_OBSERVATION,Inventaire national Frelon (MNHN),a1077e55-120b-4c31-9a6b-ca7c210f5b04,CC_BY_4_0,True,False,1,1,3991619517,False,True,,gbif_20260923T091718Z/page_year-2019_offset-000000.json,2026-09-23T09:18:20Z
4057da61b64e30a2,3991619884,2019-05-16,,1.0,2019,5,printemps_fondatrices,47.925,0.151,2498.0,faible_5km,72344,Spay,72,"Vespa velutina nigrithorax Buysson, 1905",SUBSPECIES,HUMAN_OBSERVATION,Inventaire national Frelon (MNHN),a1077e55-120b-4c31-9a6b-ca7c210f5b04,CC_BY_4_0,True,False,1,1,3991619884,False,True,,gbif_20260923T091718Z/page_year-2019_offset-000000.json,2026-09-23T09:18:20Z
58d361fd96542c86,4150848855,2019-05-21,,1.0,2019,5,printemps_fondatrices,47.594,-0.855,,inconnue,49367,Erdre-en-Anjou,49,"Vespa velutina Lepeletier, 1836",SPECIES,HUMAN_OBSERVATION,Autre inventaire,c3251ba1-fd81-419e-99da-21673a0862ff,CC_BY_4_0,True,False,1,1,4150848855,False,True,Q08_incertitude_connue,gbif_20260923T091718Z/page_year-2019_offset-000000.json,2026-09-23T09:18:20Z
b06f3e0d65154cc0,4516766215,2019-05-23,2019-05-23T14:31:00Z,1.0,2019,5,printemps_fondatrices,48.395,-0.11,2.0,precise_100m,53246,Saint-Pierre-des-Nids,53,"Vespa velutina nigrithorax Buysson, 1905",SUBSPECIES,HUMAN_OBSERVATION,iNaturalist,50c9509d-22c7-4a22-a47d-8c48425ef4a7,CC_BY_4_0,True,False,1,1,4516766215,False,False,,gbif_20260923T091718Z/page_year-2019_offset-000000.json,2026-09-23T09:18:20Z
db4ad2f5449decc0,3991619364,2019-05-26,,1.0,2019,5,printemps_fondatrices,48.291,0.051,2251.0,faible_5km,72305,Saint-Ouen-de-Mimbré,72,"Vespa velutina nigrithorax Buysson, 1905",SUBSPECIES,HUMAN_OBSERVATION,Inventaire national Frelon (MNHN),a1077e55-120b-4c31-9a6b-ca7c210f5b04,CC_BY_4_0,True,False,1,1,3991619364,False,True,,gbif_20260923T091718Z/page_year-2019_offset-000000.json,2026-09-23T09:18:20Z
5a8dbf1a49b5a685,3991619744,2019-06-02,,1.0,2019,6,ete_ouvrieres,48.187,-0.133,3703.0,faible_5km,72145,Le Grez,72,"Vespa velutina nigrithorax Buysson, 1905",SUBSPECIES,HUMAN_OBSERVATION,Inventaire national Frelon (MNHN),a1077e55-120b-4c31-9a6b-ca7c210f5b04,CC_BY_4_0,True,False,1,1,3991619744,False,True,,gbif_20260923T091718Z/page_year-2019_offset-000000.json,2026-09-23T09:18:20Z
80a47d96f4a449cc,3830595508,2019-07-20,,1.0,2019,7,ete_ouvrieres,47.468,-0.608,10.0,precise_100m,49007,Angers,49,"Vespa velutina nigrithorax Buysson, 1905",SUBSPECIES,HUMAN_OBSERVATION,Inventaire national Frelon (MNHN),9fd6c3da-88f7-4df7-9a3f-3f3f9c703998,CC_BY_4_0,True,False,1,1,3830595508,False,False,,gbif_20260923T091718Z/page_year-2019_offset-000000.json,2026-09-23T09:18:20Z
dd5102858f2b7a31,3830595506,2019-07-22,,1.0,2019,7,ete_ouvrieres,47.448,-0.54,10.0,precise_100m,49007,Angers,49,"Vespa velutina nigrithorax Buysson, 1905",SUBSPECIES,HUMAN_OBSERVATION,Inventaire national Frelon (MNHN),9fd6c3da-88f7-4df7-9a3f-3f3f9c703998,CC_BY_4_0,True,False,1,1,3830595506,False,False,,gbif_20260923T091718Z/page_year-2019_offset-000000.json,2026-09-23T09:18:20Z
66bb650db47fa5fe,2850633877,2019-07-23,2019-07-23T16:52:00Z,1.0,2019,7,ete_ouvrieres,48.357,-0.912,33.0,precise_100m,53211,Saint-Denis-de-Gastines,53,"Vespa velutina Lepeletier, 1836",SPECIES,HUMAN_OBSERVATION,iNaturalist,50c9509d-22c7-4a22-a47d-8c48425ef4a7,CC_BY_NC_4_0,True,True,2,1,2850633877;2850817827,False,True,,gbif_20260923T091718Z/page_year-2019_offset-000000.json,2026-09-23T09:18:20Z
9df6ecea8f3b135e,3830596423,2019-07-24,,1.0,2019,7,ete_ouvrieres,47.262,-1.668,10.0,precise_100m,44194,Sautron,44,"Vespa velutina nigrithorax Buysson, 1905",SUBSPECIES,HUMAN_OBSERVATION,Inventaire national Frelon (MNHN),9fd6c3da-88f7-4df7-9a3f-3f3f9c703998,CC_BY_4_0,True,False,1,1,3830596423,False,False,,gbif_20260923T091718Z/page_year-2019_offset-000000.json,2026-09-23T09:18:20Z
e8b9b36a53e50988,3489200294,2019-07-24,,1.0,2019,7,ete_ouvrieres,47.302,-1.557,,inconnue,44035,La Chapelle-sur-Erdre,44,"Vespa velutina Lepeletier, 1836",SPECIES,HUMAN_OBSERVATION,CardObs (INPN),4f0a9cb0-0079-4b22-b1fe-359b7e71a36a,CC_BY_4_0,True,False,1,1,3489200294,False,False,Q08_incertitude_connue,gbif_20260923T091718Z/page_year-2019_offset-000000.json,2026-09-23T09:18:20Z
341b6714ae24b0a3,3830595714,2019-07-31,,1.0,2019,7,ete_ouvrieres,47.294,-1.552,10.0,precise_100m,44035,La Chapelle-sur-Erdre,44,"Vespa velutina nigrithorax Buysson, 1905",SUBSPECIES,HUMAN_OBSERVATION,Inventaire national Frelon (MNHN),9fd6c3da-88f7-4df7-9a3f-3f3f9c703998,CC_BY_4_0,True,False,1,1,3830595714,False,False,,gbif_20260923T091718Z/page_year-2019_offset-000000.json,2026-09-23T09:18:20Z
f40426cf47f9a68b,3830595986,2019-08-02,,1.0,2019,8,ete_ouvrieres,47.591,-0.553,10.0,precise_100m,49339,Soulaire-et-Bourg,49,"Vespa velutina nigrithorax Buysson, 1905",SUBSPECIES,HUMAN_OBSERVATION,Inventaire national Frelon (MNHN),9fd6c3da-88f7-4df7-9a3f-3f3f9c703998,CC_BY_4_0,True,False,1,1,3830595986,False,True,,gbif_20260923T091718Z/page_year-2019_offset-000000.json,2026-09-23T09:18:20Z
161df7e05e7fb775,4595142666,2019-08-11,,1.0,2019,8,ete_ouvrieres,48.067,-0.817,,inconnue,53201,Saint-Berthevin,53,"Vespa velutina Lepeletier, 1836",SPECIES,HUMAN_OBSERVATION,SPIPOLL,0797c245-3f7f-42db-b822-550a36b2a922,CC_BY_4_0,True,False,1,1,4595142666,False,False,Q08_incertitude_connue,gbif_20260923T091718Z/page_year-2019_offset-000000.json,2026-09-23T09:18:20Z
c8036ffb97276254,3830595824,2019-08-11,,1.0,2019,8,ete_ouvrieres,48.015,0.209,10.0,precise_100m,72181,Le Mans,72,"Vespa velutina nigrithorax Buysson, 1905",SUBSPECIES,HUMAN_OBSERVATION,Inventaire national Frelon (MNHN),9fd6c3da-88f7-4df7-9a3f-3f3f9c703998,CC_BY_4_0,True,False,1,1,3830595824,False,False,,gbif_20260923T091718Z/page_year-2019_offset-000000.json,2026-09-23T09:18:20Z
16b3e7f8f79d8866,4595024872,2019-08-12,,1.0,2019,8,ete_ouvrieres,47.112,-2.101,,inconnue,44131,Pornic,44,"Vespa velutina Lepeletier, 1836",SPECIES,HUMAN_OBSERVATION,SPIPOLL,0797c245-3f7f-42db-b822-550a36b2a922,CC_BY_4_0,True,False,1,1,4595024872,False,False,Q08_incertitude_connue,gbif_20260923T091718Z/page_year-2019_offset-000000.json,2026-09-23T09:18:20Z
54cd5bf9fb9bcc77,3830595578,2019-08-13,,1.0,2019,8,ete_ouvrieres,47.214,-1.578,10.0,precise_100m,44109,Nantes,44,"Vespa velutina nigrithorax Buysson, 1905",SUBSPECIES,HUMAN_OBSERVATION,Inventaire national Frelon (MNHN),9fd6c3da-88f7-4df7-9a3f-3f3f9c703998,CC_BY_4_0,True,False,1,1,3830595578,False,False,,gbif_20260923T091718Z/page_year-2019_offset-000000.json,2026-09-23T09:18:20Z
71d77ce8f7e5cedf,3830596377,2019-08-15,,1.0,2019,8,ete_ouvrieres,47.526,-0.75,10.0,precise_100m,49271,Saint-Clément-de-la-Place,49,"Vespa velutina nigrithorax Buysson, 1905",SUBSPECIES,HUMAN_OBSERVATION,Inventaire national Frelon (MNHN),9fd6c3da-88f7-4df7-9a3f-3f3f9c703998,CC_BY_4_0,True,False,1,1,3830596377,False,False,,gbif_20260923T091718Z/page_year-2019_offset-000000.json,2026-09-23T09:18:20Z
e15a864aca78eb82,3830595494,2019-08-20,,1.0,2019,8,ete_ouvrieres,47.264,-1.45,10.0,precise_100m,44204,Thouaré-sur-Loire,44,"Vespa velutina nigrithorax Buysson, 1905",SUBSPECIES,HUMAN_OBSERVATION,Inventaire national Frelon (MNHN),9fd6c3da-88f7-4df7-9a3f-3f3f9c703998,CC_BY_4_0,True,False,1,1,3830595494,False,False,,gbif_20260923T091718Z/page_year-2019_offset-000000.json,2026-09-23T09:18:20Z
6bf22d9974990b77,3830595553,2019-08-29,,1.0,2019,8,ete_ouvrieres,47.23,-1.756,10.0,precise_100m,44047,Couëron,44,"Vespa velutina nigrithorax Buysson, 1905",SUBSPECIES,HUMAN_OBSERVATION,Inventaire national Frelon (MNHN),9fd6c3da-88f7-4df7-9a3f-3f3f9c703998,CC_BY_4_0,True,False,1,1,3830595553,False,False,,gbif_20260923T091718Z/page_year-2019_offset-000000.json,2026-09-23T09:18:20Z
2f04e971eec26c38,3830595317,2019-08-30,,1.0,2019,8,ete_ouvrieres,46.562,-1.086,10.0,precise_100m,85223,Saint-Jean-d'Hermine,85,"Vespa velutina nigrithorax Buysson, 1905",SUBSPECIES,HUMAN_OBSERVATION,Inventaire national Frelon (MNHN),9fd6c3da-88f7-4df7-9a3f-3f3f9c703998,CC_BY_4_0,True,False,1,1,3830595317,False,True,,gbif_20260923T091718Z/page_year-2019_offset-000000.json,2026-09-23T09:18:20Z
d96564386e9c2e82,3830596082,2019-08-30,,1.0,2019,8,ete_ouvrieres,47.355,-2.508,10.0,precise_100m,44211,La Turballe,44,"Vespa velutina nigrithorax Buysson, 1905",SUBSPECIES,HUMAN_OBSERVATION,Inventaire national Frelon (MNHN),9fd6c3da-88f7-4df7-9a3f-3f3f9c703998,CC_BY_4_0,True,False,1,1,3830596082,False,False,,gbif_20260923T091718Z/page_year-2019_offset-000000.json,2026-09-23T09:18:20Z
808ea5ce8358ff08,6400639561,2019-09-01,2019-09-01T14:08:01Z,1.0,2019,9,automne_reproduction,47.268,-1.548,,inconnue,44035,La Chapelle-sur-Erdre,44,"Vespa velutina Lepeletier, 1836",SPECIES,HUMAN_OBSERVATION,iNaturalist,50c9509d-22c7-4a22-a47d-8c48425ef4a7,CC_BY_4_0,True,False,1,1,6400639561,False,False,Q08_incertitude_connue,gbif_20260923T091718Z/page_year-2019_offset-000000.json,2026-09-23T09:18:20Z
1fc30c91db823aab,3831578620,2019-09-02,,1.0,2019,9,automne_reproduction,47.266,-1.565,5000.0,faible_5km,44109,Nantes,44,"Vespa velutina Lepeletier, 1836",SPECIES,HUMAN_OBSERVATION,CardObs (INPN),afdefdf5-84da-4bf5-98b2-9b1698788f5a,CC_BY_4_0,True,False,1,1,3831578620,False,False,,gbif_20260923T091718Z/page_year-2019_offset-000000.json,2026-09-23T09:18:20Z
b659305b44cea945,4980271937,2019-09-07,2019-09-07T16:20:00Z,1.0,2019,9,automne_reproduction,48.395,-0.109,,inconnue,53246,Saint-Pierre-des-Nids,53,"Vespa velutina nigrithorax Buysson, 1905",SUBSPECIES,HUMAN_OBSERVATION,iNaturalist,50c9509d-22c7-4a22-a47d-8c48425ef4a7,CC_BY_4_0,True,False,1,1,4980271937,False,False,Q08_incertitude_connue,gbif_20260923T091718Z/page_year-2019_offset-000000.json,2026-09-23T09:18:20Z
b12aedaac1237e02,3491352612,2019-09-13,,1.0,2019,9,automne_reproduction,47.199,-1.584,10.0,precise_100m,44109,Nantes,44,"Vespa velutina nigrithorax Buysson, 1905",SUBSPECIES,HUMAN_OBSERVATION,INPN Especes,7247dc2e-b862-4555-b533-7701d183271b,CC_BY_4_0,True,False,1,1,3491352612,False,False,,gbif_20260923T091718Z/page_year-2019_offset-000000.json,2026-09-23T09:18:20Z
ba51c0eeff00ebbb,3491349745,2019-09-24,,1.0,2019,9,automne_reproduction,47.396,-2.471,2765.0,faible_5km,44097,Mesquer,44,"Vespa velutina nigrithorax Buysson, 1905",SUBSPECIES,HUMAN_OBSERVATION,INPN Especes,7247dc2e-b862-4555-b533-7701d183271b,CC_BY_4_0,True,False,1,1,3491349745,False,False,,gbif_20260923T091718Z/page_year-2019_offset-000000.json,2026-09-23T09:18:20Z
00c012f50aeee77b,2596324272,2019-10-14,2019-10-14T15:52:18Z,1.0,2019,10,automne_reproduction,47.634,-0.46,349.0,moyenne_1km,49132,Étriché,49,"Vespa velutina Lepeletier, 1836",SPECIES,HUMAN_OBSERVATION,iNaturalist,50c9509d-22c7-4a22-a47d-8c48425ef4a7,CC_BY_NC_4_0,True,True,1,1,2596324272,False,True,,gbif_20260923T091718Z/page_year-2019_offset-000000.json,2026-09-23T09:18:20Z
27229d8c13f91d3c,2445082594,2019-10-22,2019-10-22T13:35:39Z,1.0,2019,10,automne_reproduction,47.591,-0.465,6.0,precise_100m,49048,Briollay,49,"Vespa velutina Lepeletier, 1836",SPECIES,HUMAN_OBSERVATION,iNaturalist,50c9509d-22c7-4a22-a47d-8c48425ef4a7,CC_BY_NC_4_0,True,True,1,1,2445082594,False,False,,gbif_20260923T091718Z/page_year-2019_offset-000000.json,2026-09-23T09:18:20Z
8da7dc6bd1ad5075,3830596134,2019-10-22,,1.0,2019,10,automne_reproduction,46.386,-0.94,10.0,precise_100m,85286,La Taillée,85,"Vespa velutina nigrithorax Buysson, 1905",SUBSPECIES,HUMAN_OBSERVATION,Inventaire national Frelon (MNHN),9fd6c3da-88f7-4df7-9a3f-3f3f9c703998,CC_BY_4_0,True,False,1,1,3830596134,False,False,,gbif_20260923T091718Z/page_year-2019_offset-000000.json,2026-09-23T09:18:20Z
33012ed88152088e,6400578802,2019-10-26,2019-10-26T14:16:23Z,1.0,2019,10,automne_reproduction,47.268,-1.548,5.0,precise_100m,44035,La Chapelle-sur-Erdre,44,"Vespa velutina Lepeletier, 1836",SPECIES,HUMAN_OBSERVATION,iNaturalist,50c9509d-22c7-4a22-a47d-8c48425ef4a7,CC_BY_4_0,True,False,1,1,6400578802,False,False,,gbif_20260923T091718Z/page_year-2019_offset-000000.json,2026-09-23T09:18:20Z
2ef13e28feb66fd5,3830596103,2019-10-28,,1.0,2019,10,automne_reproduction,47.2,-1.752,10.0,precise_100m,44120,Le Pellerin,44,"Vespa velutina nigrithorax Buysson, 1905",SUBSPECIES,HUMAN_OBSERVATION,Inventaire national Frelon (MNHN),9fd6c3da-88f7-4df7-9a3f-3f3f9c703998,CC_BY_4_0,True,False,1,1,3830596103,False,True,,gbif_20260923T091718Z/page_year-2019_offset-000000.json,2026-09-23T09:18:20Z
4089eebf79e3b1b5,4049523005,2019-11-11,,1.0,2019,11,automne_reproduction,47.142,-1.329,,inconnue,44117,Le Pallet,44,"Vespa velutina Lepeletier, 1836",SPECIES,HUMAN_OBSERVATION,INPN Especes,b127e9e0-dadc-4db3-93f1-a49b6069d696,CC_BY_4_0,True,False,1,1,4049523005,False,False,Q08_incertitude_connue,gbif_20260923T091718Z/page_year-2019_offset-000000.json,2026-09-23T09:18:20Z
f5ac16ced7a13b5b,3491492259,2019-11-17,,1.0,2019,11,automne_reproduction,47.262,-2.232,10.0,precise_100m,44184,Saint-Nazaire,44,"Vespa velutina Lepeletier, 1836",SPECIES,HUMAN_OBSERVATION,INPN Especes,7247dc2e-b862-4555-b533-7701d183271b,CC_BY_4_0,True,False,1,1,3491492259,False,False,,gbif_20260923T091718Z/page_year-2019_offset-000000.json,2026-09-23T09:18:20Z
241619dd41a70292,4049522376,2019-11-18,,1.0,2019,11,automne_reproduction,47.141,-1.329,,inconnue,44117,Le Pallet,44,"Vespa velutina Lepeletier, 1836",SPECIES,HUMAN_OBSERVATION,INPN Especes,b127e9e0-dadc-4db3-93f1-a49b6069d696,CC_BY_4_0,True,False,1,1,4049522376,False,False,Q08_incertitude_connue,gbif_20260923T091718Z/page_year-2019_offset-000000.json,2026-09-23T09:18:20Z
bda1285afa006ff0,3830596263,2019-11-25,,1.0,2019,11,automne_reproduction,47.135,-0.526,10.0,precise_100m,49373,Lys-Haut-Layon,49,"Vespa velutina nigrithorax Buysson, 1905",SUBSPECIES,HUMAN_OBSERVATION,Inventaire national Frelon (MNHN),9fd6c3da-88f7-4df7-9a3f-3f3f9c703998,CC_BY_4_0,True,False,1,1,3830596263,False,True,,gbif_20260923T091718Z/page_year-2019_offset-000000.json,2026-09-23T09:18:20Z
9794aac7b7ee38e0,3830596050,2019-12-08,,1.0,2019,12,hiver_hivernage,47.446,-0.533,10.0,precise_100m,49007,Angers,49,"Vespa velutina nigrithorax Buysson, 1905",SUBSPECIES,HUMAN_OBSERVATION,Inventaire national Frelon (MNHN),9fd6c3da-88f7-4df7-9a3f-3f3f9c703998,CC_BY_4_0,True,False,1,1,3830596050,False,False,,gbif_20260923T091718Z/page_year-2019_offset-000000.json,2026-09-23T09:18:20Z
cbf7a50c284e4333,3843259762,2020-01-01,,366.0,2020,,,46.685,-1.52,26.0,precise_100m,85300,Venansault,85,"Vespa velutina Lepeletier, 1836",SPECIES,HUMAN_OBSERVATION,CardObs (INPN),acb1265a-7a86-4c14-b6d6-24a847a65504,CC_BY_4_0,True,False,2,1,3843259762;3843260116,False,False,,gbif_20260923T091718Z/page_year-2020_offset-000000.json,2026-09-23T09:18:20Z
7347d16776c6489d,3830595944,2020-01-09,,1.0,2020,1,hiver_hivernage,47.264,-1.615,10.0,precise_100m,44114,Orvault,44,"Vespa velutina nigrithorax Buysson, 1905",SUBSPECIES,HUMAN_OBSERVATION,Inventaire national Frelon (MNHN),9fd6c3da-88f7-4df7-9a3f-3f3f9c703998,CC_BY_4_0,True,False,1,1,3830595944,False,False,,gbif_20260923T091718Z/page_year-2020_offset-000000.json,2026-09-23T09:18:20Z
982b037ffca6bbb4,4150897405,2020-04-05,,1.0,2020,4,printemps_fondatrices,47.551,-0.821,,inconnue,49367,Erdre-en-Anjou,49,"Vespa velutina Lepeletier, 1836",SPECIES,HUMAN_OBSERVATION,Autre inventaire,c3251ba1-fd81-419e-99da-21673a0862ff,CC_BY_4_0,True,False,1,1,4150897405,False,False,Q08_incertitude_connue,gbif_20260923T091718Z/page_year-2020_offset-000000.json,2026-09-23T09:18:20Z
27e57cafddd86bfd,3991619527,2020-04-13,,1.0,2020,4,printemps_fondatrices,47.515,-0.472,3461.0,faible_5km,49323,Verrières-en-Anjou,49,"Vespa velutina nigrithorax Buysson, 1905",SUBSPECIES,HUMAN_OBSERVATION,Inventaire national Frelon (MNHN),a1077e55-120b-4c31-9a6b-ca7c210f5b04,CC_BY_4_0,True,False,1,1,3991619527,False,True,,gbif_20260923T091718Z/page_year-2020_offset-000000.json,2026-09-23T09:18:20Z
c1c8310d5eae7611,3830595887,2020-04-15,,1.0,2020,4,printemps_fondatrices,47.476,-0.566,10.0,precise_100m,49007,Angers,49,"Vespa velutina nigrithorax Buysson, 1905",SUBSPECIES,HUMAN_OBSERVATION,Inventaire national Frelon (MNHN),9fd6c3da-88f7-4df7-9a3f-3f3f9c703998,CC_BY_4_0,True,False,1,1,3830595887,False,False,,gbif_20260923T091718Z/page_year-2020_offset-000000.json,2026-09-23T09:18:20Z
739990871884b87e,3491386484,2020-04-25,,1.0,2020,4,printemps_fondatrices,47.303,-1.56,10.0,precise_100m,44035,La Chapelle-sur-Erdre,44,"Vespa velutina nigrithorax Buysson, 1905",SUBSPECIES,HUMAN_OBSERVATION,INPN Especes,7247dc2e-b862-4555-b533-7701d183271b,CC_BY_4_0,True,False,1,1,3491386484,False,False,,gbif_20260923T091718Z/page_year-2020_offset-000000.json,2026-09-23T09:18:20Z
9c30c92412c8da3a,3991619891,2020-05-10,,1.0,2020,5,printemps_fondatrices,47.554,-2.067,3001.0,faible_5km,44196,Sévérac,44,"Vespa velutina nigrithorax Buysson, 1905",SUBSPECIES,HUMAN_OBSERVATION,Inventaire national Frelon (MNHN),a1077e55-120b-4c31-9a6b-ca7c210f5b04,CC_BY_4_0,True,False,1,1,3991619891,False,True,,gbif_20260923T091718Z/page_year-2020_offset-000000.json,2026-09-23T09:18:20Z
ca9b23332dfefa62,3991619554,2020-05-17,,1.0,2020,5,printemps_fondatrices,47.505,-0.601,2604.0,faible_5km,49015,Avrillé,49,"Vespa velutina nigrithorax Buysson, 1905",SUBSPECIES,HUMAN_OBSERVATION,Inventaire national Frelon (MNHN),a1077e55-120b-4c31-9a6b-ca7c210f5b04,CC_BY_4_0,True,False,1,1,3991619554,False,False,,gbif_20260923T091718Z/page_year-2020_offset-000000.json,2026-09-23T09:18:20Z
807643b27d12cf1e,3491387080,2020-05-20,,1.0,2020,5,printemps_fondatrices,47.477,-0.556,10.0,precise_100m,49007,Angers,49,"Vespa velutina Lepeletier, 1836",SPECIES,HUMAN_OBSERVATION,INPN Especes,7247dc2e-b862-4555-b533-7701d183271b,CC_BY_4_0,True,False,1,1,3491387080,False,False,,gbif_20260923T091718Z/page_year-2020_offset-000000.json,2026-09-23T09:18:20Z
28b89e0547b3f983,3991619616,2020-05-22,,1.0,2020,5,printemps_fondatrices,46.87,-1.163,4359.0,faible_5km,85215,Saint-Fulgent,85,"Vespa velutina nigrithorax Buysson, 1905",SUBSPECIES,HUMAN_OBSERVATION,Inventaire national Frelon (MNHN),a1077e55-120b-4c31-9a6b-ca7c210f5b04,CC_BY_4_0,True,False,1,1,3991619616,False,True,,gbif_20260923T091718Z/page_year-2020_offset-000000.json,2026-09-23T09:18:20Z
9f80d93b1aa80140,4150891587,2020-05-27,,1.0,2020,5,printemps_fondatrices,47.558,-0.886,,inconnue,49367,Erdre-en-Anjou,49,"Vespa velutina Lepeletier, 1836",SPECIES,HUMAN_OBSERVATION,Autre inventaire,c3251ba1-fd81-419e-99da-21673a0862ff,CC_BY_4_0,True,False,1,1,4150891587,False,False,Q08_incertitude_connue,gbif_20260923T091718Z/page_year-2020_offset-000000.json,2026-09-23T09:18:20Z
3bd43fc9f0818243,2818504272,2020-07-12,2020-07-12T09:46:00Z,1.0,2020,7,ete_ouvrieres,48.35,0.247,80.0,precise_100m,72317,Saint-Rémy-du-Val,72,"Vespa velutina Lepeletier, 1836",SPECIES,HUMAN_OBSERVATION,iNaturalist,50c9509d-22c7-4a22-a47d-8c48425ef4a7,CC_BY_4_0,True,False,1,1,2818504272,False,True,,gbif_20260923T091718Z/page_year-2020_offset-000000.json,2026-09-23T09:18:20Z
405d211e6da68e49,4595057390,2020-07-12,,1.0,2020,7,ete_ouvrieres,48.078,-0.765,,inconnue,53130,Laval,53,"Vespa velutina Lepeletier, 1836",SPECIES,HUMAN_OBSERVATION,SPIPOLL,0797c245-3f7f-42db-b822-550a36b2a922,CC_BY_4_0,True,False,1,1,4595057390,False,False,Q08_incertitude_connue,gbif_20260923T091718Z/page_year-2020_offset-000000.json,2026-09-23T09:18:20Z
a936bb26bed7b043,4595093944,2020-07-30,,1.0,2020,7,ete_ouvrieres,47.45,-0.543,,inconnue,49007,Angers,49,"Vespa velutina Lepeletier, 1836",SPECIES,HUMAN_OBSERVATION,SPIPOLL,0797c245-3f7f-42db-b822-550a36b2a922,CC_BY_4_0,True,False,1,1,4595093944,False,False,Q08_incertitude_connue,gbif_20260923T091718Z/page_year-2020_offset-000000.json,2026-09-23T09:18:20Z
fec373ef7933b463,6398650409,2020-08-08,2020-08-08T13:15:26Z,1.0,2020,8,ete_ouvrieres,47.268,-1.548,,inconnue,44035,La Chapelle-sur-Erdre,44,"Vespa velutina Lepeletier, 1836",SPECIES,HUMAN_OBSERVATION,iNaturalist,50c9509d-22c7-4a22-a47d-8c48425ef4a7,CC_BY_4_0,True,False,2,1,6398650409;6400832303,False,False,Q08_incertitude_connue,gbif_20260923T091718Z/page_year-2020_offset-000000.json,2026-09-23T09:18:20Z
0f36d63664672c03,2851154127,2020-08-10,2020-08-10T15:24:35Z,1.0,2020,8,ete_ouvrieres,47.218,-1.579,24.0,precise_100m,44109,Nantes,44,"Vespa velutina Lepeletier, 1836",SPECIES,HUMAN_OBSERVATION,iNaturalist,50c9509d-22c7-4a22-a47d-8c48425ef4a7,CC_BY_NC_4_0,True,True,1,1,2851154127,False,False,,gbif_20260923T091718Z/page_year-2020_offset-000000.json,2026-09-23T09:18:20Z
6d1da846f693b4f0,2851149375,2020-08-11,2020-08-11T11:52:43Z,1.0,2020,8,ete_ouvrieres,47.363,-2.319,10.0,precise_100m,44175,Saint-Lyphard,44,"Vespa velutina Lepeletier, 1836",SPECIES,HUMAN_OBSERVATION,iNaturalist,50c9509d-22c7-4a22-a47d-8c48425ef4a7,CC_BY_NC_4_0,True,True,1,1,2851149375,False,True,,gbif_20260923T091718Z/page_year-2020_offset-000000.json,2026-09-23T09:18:20Z
0ae55b896e1200ac,2850899859,2020-08-13,2020-08-13T09:47:14Z,1.0,2020,8,ete_ouvrieres,47.309,-1.321,,inconnue,49126,Orée d'Anjou,49,"Vespa velutina Lepeletier, 1836",SPECIES,HUMAN_OBSERVATION,iNaturalist,50c9509d-22c7-4a22-a47d-8c48425ef4a7,CC_BY_NC_4_0,True,True,1,1,2850899859,False,False,Q08_incertitude_connue,gbif_20260923T091718Z/page_year-2020_offset-000000.json,2026-09-23T09:18:20Z
a3fcfe35a25da6bf,3491410143,2020-08-16,,1.0,2020,8,ete_ouvrieres,48.228,-0.193,4653.0,faible_5km,53249,Vimartin-sur-Orthe,53,"Vespa velutina Lepeletier, 1836",SPECIES,HUMAN_OBSERVATION,INPN Especes,7247dc2e-b862-4555-b533-7701d183271b,CC_BY_4_0,True,False,1,1,3491410143,False,True,,gbif_20260923T091718Z/page_year-2020_offset-000000.json,2026-09-23T09:18:20Z
bec9f99b00831641,2850731997,2020-08-16,2020-08-16T09:29:16Z,1.0,2020,8,ete_ouvrieres,48.221,-0.202,5.0,precise_100m,53249,Vimartin-sur-Orthe,53,"Vespa velutina Lepeletier, 1836",SPECIES,HUMAN_OBSERVATION,iNaturalist,50c9509d-22c7-4a22-a47d-8c48425ef4a7,CC_BY_NC_4_0,True,True,1,1,2850731997,False,False,,gbif_20260923T091718Z/page_year-2020_offset-000000.json,2026-09-23T09:18:20Z
cdc2f368622b356c,2850635999,2020-08-16,2020-08-16T10:42:36Z,1.0,2020,8,ete_ouvrieres,47.463,-0.503,48.0,precise_100m,49267,Saint-Barthélemy-d'Anjou,49,"Vespa velutina Lepeletier, 1836",SPECIES,HUMAN_OBSERVATION,iNaturalist,50c9509d-22c7-4a22-a47d-8c48425ef4a7,CC_BY_NC_4_0,True,True,1,1,2850635999,False,False,,gbif_20260923T091718Z/page_year-2020_offset-000000.json,2026-09-23T09:18:20Z
8a891dfa959a06d9,4049522980,2020-08-21,,1.0,2020,8,ete_ouvrieres,47.47,-0.594,,inconnue,49007,Angers,49,"Vespa velutina Lepeletier, 1836",SPECIES,HUMAN_OBSERVATION,INPN Especes,b127e9e0-dadc-4db3-93f1-a49b6069d696,CC_BY_4_0,True,False,1,1,4049522980,False,False,Q08_incertitude_connue,gbif_20260923T091718Z/page_year-2020_offset-000000.json,2026-09-23T09:18:20Z
f6b6c6af3893abfc,2856510752,2020-08-22,2020-08-22T10:17:59Z,1.0,2020,8,ete_ouvrieres,46.619,-0.876,33.0,precise_100m,85292,Rives-du-Fougerais,85,"Vespa velutina Lepeletier, 1836",SPECIES,HUMAN_OBSERVATION,iNaturalist,50c9509d-22c7-4a22-a47d-8c48425ef4a7,CC_BY_NC_4_0,True,True,1,1,2856510752,False,True,,gbif_20260923T091718Z/page_year-2020_offset-000000.json,2026-09-23T09:18:20Z
1275761e6cc0f824,4150866104,2020-09-05,,1.0,2020,9,automne_reproduction,47.551,-0.821,,inconnue,49367,Erdre-en-Anjou,49,"Vespa velutina Lepeletier, 1836",SPECIES,HUMAN_OBSERVATION,Autre inventaire,c3251ba1-fd81-419e-99da-21673a0862ff,CC_BY_4_0,True,False,1,1,4150866104,False,False,Q08_incertitude_connue,gbif_20260923T091718Z/page_year-2020_offset-000000.json,2026-09-23T09:18:20Z
f4ef24ce5af497c4,2862462894,2020-09-05,2020-09-05T11:44:08Z,1.0,2020,9,automne_reproduction,46.619,-0.876,33.0,precise_100m,85292,Rives-du-Fougerais,85,"Vespa velutina nigrithorax Buysson, 1905",SUBSPECIES,HUMAN_OBSERVATION,iNaturalist,50c9509d-22c7-4a22-a47d-8c48425ef4a7,CC_BY_NC_4_0,True,True,1,1,2862462894,False,False,,gbif_20260923T091718Z/page_year-2020_offset-000000.json,2026-09-23T09:18:20Z
40b0ffe1be100ea1,4150130646,2020-09-14,,1.0,2020,9,automne_reproduction,47.096,-1.88,4917.0,faible_5km,44164,Saint-Hilaire-de-Chaléons,44,"Vespa velutina Lepeletier, 1836",SPECIES,HUMAN_OBSERVATION,Autre inventaire,623889e6-64a5-41e9-a91f-97c74c903e7d,CC_BY_4_0,True,False,1,1,4150130646,False,True,,gbif_20260923T091718Z/page_year-2020_offset-000000.json,2026-09-23T09:18:20Z
a9e27ad8cd44d68c,4150896082,2020-09-14,,1.0,2020,9,automne_reproduction,47.579,-0.847,,inconnue,49367,Erdre-en-Anjou,49,"Vespa velutina Lepeletier, 1836",SPECIES,HUMAN_OBSERVATION,Autre inventaire,c3251ba1-fd81-419e-99da-21673a0862ff,CC_BY_4_0,True,False,1,1,4150896082,False,False,Q08_incertitude_connue,gbif_20260923T091718Z/page_year-2020_offset-000000.json,2026-09-23T09:18:20Z
876e53826f48f931,3491537821,2020-09-30,,1.0,2020,9,automne_reproduction,47.274,-1.623,4022.0,faible_5km,44114,Orvault,44,"Vespa velutina Lepeletier, 1836",SPECIES,HUMAN_OBSERVATION,INPN Especes,7247dc2e-b862-4555-b533-7701d183271b,CC_BY_4_0,True,False,2,1,3491537821;3491541850,False,False,,gbif_20260923T091718Z/page_year-2020_offset-000000.json,2026-09-23T09:18:20Z
4142b8ef64b97776,4588984091,2020-10-02,,1.0,2020,10,automne_reproduction,48.184,0.635,2852.0,faible_5km,72132,La Ferté-Bernard,72,"Vespa velutina Lepeletier, 1836",SPECIES,HUMAN_OBSERVATION,Autre inventaire,566d98f2-e9d4-4ea6-bdc6-fce63f7f53e0,CC_BY_4_0,True,False,1,1,4588984091,False,False,,gbif_20260923T091718Z/page_year-2020_offset-000000.json,2026-09-23T09:18:20Z
437e40f4ef28bf5c,3491547670,2020-10-10,,1.0,2020,10,automne_reproduction,47.274,-1.623,4022.0,faible_5km,44114,Orvault,44,"Vespa velutina Lepeletier, 1836",SPECIES,HUMAN_OBSERVATION,INPN Especes,7247dc2e-b862-4555-b533-7701d183271b,CC_BY_4_0,True,False,1,1,3491547670,False,False,,gbif_20260923T091718Z/page_year-2020_offset-000000.json,2026-09-23T09:18:20Z
612a462adaff3411,3729485671,2020-10-15,,1.0,2020,10,automne_reproduction,47.337,-2.464,5.0,precise_100m,44069,Guérande,44,"Vespa velutina nigrithorax Buysson, 1905",SUBSPECIES,HUMAN_OBSERVATION,Observation.org,8a863029-f435-446a-821e-275f4f641165,CC_BY_NC_4_0,True,True,1,1,3729485671,False,False,,gbif_20260923T091718Z/page_year-2020_offset-000000.json,2026-09-23T09:18:20Z
3c870ec05a5da2a2,3728632689,2020-10-16,,1.0,2020,10,automne_reproduction,47.33,-2.497,25.0,precise_100m,44211,La Turballe,44,"Vespa velutina nigrithorax Buysson, 1905",SUBSPECIES,HUMAN_OBSERVATION,Observation.org,8a863029-f435-446a-821e-275f4f641165,CC_BY_NC_4_0,True,True,1,1,3728632689,False,False,,gbif_20260923T091718Z/page_year-2020_offset-000000.json,2026-09-23T09:18:20Z
53d74b1fbb374877,3727447667,2020-10-18,,1.0,2020,10,automne_reproduction,47.328,-2.5,25.0,precise_100m,44211,La Turballe,44,"Vespa velutina nigrithorax Buysson, 1905",SUBSPECIES,HUMAN_OBSERVATION,Observation.org,8a863029-f435-446a-821e-275f4f641165,CC_BY_NC_4_0,True,True,1,1,3727447667,False,False,,gbif_20260923T091718Z/page_year-2020_offset-000000.json,2026-09-23T09:18:20Z
221d65757ac65d46,3718392788,2020-10-19,,1.0,2020,10,automne_reproduction,47.394,-2.517,25.0,precise_100m,44125,Piriac-sur-Mer,44,"Vespa velutina nigrithorax Buysson, 1905",SUBSPECIES,HUMAN_OBSERVATION,Observation.org,8a863029-f435-446a-821e-275f4f641165,CC_BY_NC_4_0,True,True,1,1,3718392788,False,False,,gbif_20260923T091718Z/page_year-2020_offset-000000.json,2026-09-23T09:18:20Z
c53f3686c3201a34,3491425093,2020-10-22,,1.0,2020,10,automne_reproduction,47.274,-1.623,4022.0,faible_5km,44114,Orvault,44,"Vespa velutina Lepeletier, 1836",SPECIES,HUMAN_OBSERVATION,INPN Especes,7247dc2e-b862-4555-b533-7701d183271b,CC_BY_4_0,True,False,1,1,3491425093,False,False,,gbif_20260923T091718Z/page_year-2020_offset-000000.json,2026-09-23T09:18:20Z
01cf20855d9f1117,5935431442,2020-11-04,2020-11-04T11:17:38Z,1.0,2020,11,automne_reproduction,47.265,-1.581,,inconnue,44109,Nantes,44,"Vespa velutina nigrithorax Buysson, 1905",SUBSPECIES,HUMAN_OBSERVATION,iNaturalist,50c9509d-22c7-4a22-a47d-8c48425ef4a7,CC_BY_NC_4_0,True,True,1,1,5935431442,False,False,Q08_incertitude_connue,gbif_20260923T091718Z/page_year-2020_offset-000000.json,2026-09-23T09:18:20Z
aea027c2f600e107,3873649444,2020-11-08,2020-11-08T12:51:31Z,1.0,2020,11,automne_reproduction,47.253,-1.559,,inconnue,44109,Nantes,44,"Vespa velutina Lepeletier, 1836",SPECIES,HUMAN_OBSERVATION,iNaturalist,50c9509d-22c7-4a22-a47d-8c48425ef4a7,CC_BY_NC_4_0,True,True,1,1,3873649444,False,False,Q08_incertitude_connue,gbif_20260923T091718Z/page_year-2020_offset-000000.json,2026-09-23T09:18:20Z
10e671c0138988ef,2984446765,2020-11-09,2020-11-09T08:34:50Z,1.0,2020,11,automne_reproduction,47.234,-1.535,9.0,precise_100m,44109,Nantes,44,"Vespa velutina Lepeletier, 1836",SPECIES,HUMAN_OBSERVATION,iNaturalist,50c9509d-22c7-4a22-a47d-8c48425ef4a7,CC_BY_NC_4_0,True,True,1,1,2984446765,False,False,,gbif_20260923T091718Z/page_year-2020_offset-000000.json,2026-09-23T09:18:20Z
769b80b751c4d780,3491438329,2020-11-11,,1.0,2020,11,automne_reproduction,46.991,-1.719,3600.0,faible_5km,44090,La Marne,44,"Vespa velutina nigrithorax Buysson, 1905",SUBSPECIES,HUMAN_OBSERVATION,INPN Especes,7247dc2e-b862-4555-b533-7701d183271b,CC_BY_4_0,True,False,1,1,3491438329,False,True,,gbif_20260923T091718Z/page_year-2020_offset-000000.json,2026-09-23T09:18:20Z
a9bd5a2fefd7ef99,2992759988,2020-12-01,2020-12-01T12:08:27Z,1.0,2020,12,hiver_hivernage,47.429,-2.392,,inconnue,44006,Assérac,44,"Vespa velutina nigrithorax Buysson, 1905",SUBSPECIES,HUMAN_OBSERVATION,iNaturalist,50c9509d-22c7-4a22-a47d-8c48425ef4a7,CC_BY_NC_4_0,True,True,1,1,2992759988,False,True,Q08_incertitude_connue,gbif_20260923T091718Z/page_year-2020_offset-000000.json,2026-09-23T09:18:20Z
2f775fad458c8767,4584056426,2021-02-21,,1.0,2021,2,printemps_fondatrices,47.925,0.151,2498.0,faible_5km,72344,Spay,72,"Vespa velutina Lepeletier, 1836",SPECIES,HUMAN_OBSERVATION,Autre inventaire,d53476e0-c1ed-457f-a7f2-3e27eb40ddcb,CC_BY_4_0,True,False,2,1,4584056426;4584057104,False,False,,gbif_20260923T091718Z/page_year-2021_offset-000000.json,2026-09-23T09:18:20Z
c66f327b3dfce4af,4568064551,2021-03-01,,365.0,2021,,,47.505,-0.601,2604.0,faible_5km,49015,Avrillé,49,"Vespa velutina Lepeletier, 1836",SPECIES,HUMAN_OBSERVATION,Autre inventaire,11bde9b5-18e4-4c25-9f94-7aeaaf171340,CC_BY_4_0,True,False,1,1,4568064551,False,False,,gbif_20260923T091718Z/scan_all_offset-001500.json,2026-09-23T09:18:20Z
c00f33218c9a2b1e,3113666660,2021-04-23,2021-04-23T10:18:35Z,1.0,2021,4,printemps_fondatrices,47.267,-2.425,90.0,precise_100m,44135,Le Pouliguen,44,"Vespa velutina Lepeletier, 1836",SPECIES,HUMAN_OBSERVATION,iNaturalist,50c9509d-22c7-4a22-a47d-8c48425ef4a7,CC_BY_NC_4_0,True,True,1,1,3113666660,False,True,,gbif_20260923T091718Z/page_year-2021_offset-000000.json,2026-09-23T09:18:20Z
bb6146113fa1682a,3849262318,2021-06-15,,1.0,2021,6,ete_ouvrieres,47.159,-1.147,1.0,precise_100m,49301,Sèvremoine,49,"Vespa velutina Lepeletier, 1836",SPECIES,HUMAN_OBSERVATION,Autre inventaire,16b55843-268d-4a50-a63a-c9d70dfadccc,CC_BY_4_0,True,False,1,1,3849262318,False,False,,gbif_20260923T091718Z/page_year-2021_offset-000000.json,2026-09-23T09:18:20Z
e9d3752d069e5270,4049522762,2021-07-03,,1.0,2021,7,ete_ouvrieres,47.265,-1.764,,inconnue,44158,Saint-Étienne-de-Montluc,44,"Vespa velutina Lepeletier, 1836",SPECIES,HUMAN_OBSERVATION,INPN Especes,b127e9e0-dadc-4db3-93f1-a49b6069d696,CC_BY_4_0,True,False,1,1,4049522762,False,False,Q08_incertitude_connue,gbif_20260923T091718Z/page_year-2021_offset-000000.json,2026-09-23T09:18:20Z
fd0f30160e6de15a,3722207783,2021-07-11,,1.0,2021,7,ete_ouvrieres,46.353,-0.892,5.0,precise_100m,85105,Le Gué-de-Velluire,85,"Vespa velutina nigrithorax Buysson, 1905",SUBSPECIES,HUMAN_OBSERVATION,Observation.org,8a863029-f435-446a-821e-275f4f641165,CC_BY_NC_4_0,True,True,3,1,3722207783;3730065779;3731975619,False,True,,gbif_20260923T091718Z/page_year-2021_offset-000000.json,2026-09-23T09:18:20Z
ac5277f86e1fa762,3343904649,2021-07-15,2021-07-15T08:25:00Z,1.0,2021,7,ete_ouvrieres,47.211,-1.531,31.0,precise_100m,44109,Nantes,44,"Vespa velutina Lepeletier, 1836",SPECIES,HUMAN_OBSERVATION,iNaturalist,50c9509d-22c7-4a22-a47d-8c48425ef4a7,CC_BY_NC_4_0,True,True,1,1,3343904649,False,False,,gbif_20260923T091718Z/page_year-2021_offset-000000.json,2026-09-23T09:18:20Z
1708bbc8827ac318,4595846301,2021-07-16,,1.0,2021,7,ete_ouvrieres,46.463,-0.794,,inconnue,85092,Fontenay-le-Comte,85,"Vespa velutina Lepeletier, 1836",SPECIES,HUMAN_OBSERVATION,SPIPOLL,0797c245-3f7f-42db-b822-550a36b2a922,CC_BY_4_0,True,False,1,1,4595846301,False,False,Q08_incertitude_connue,gbif_20260923T091718Z/page_year-2021_offset-000000.json,2026-09-23T09:18:20Z
b87a54dfbb4fc6b4,4595883866,2021-07-20,,1.0,2021,7,ete_ouvrieres,46.463,-0.794,,inconnue,85092,Fontenay-le-Comte,85,"Vespa velutina Lepeletier, 1836",SPECIES,HUMAN_OBSERVATION,SPIPOLL,0797c245-3f7f-42db-b822-550a36b2a922,CC_BY_4_0,True,False,1,1,4595883866,False,False,Q08_incertitude_connue,gbif_20260923T091718Z/page_year-2021_offset-000000.json,2026-09-23T09:18:20Z
27ee2482bc1ff17a,3721510673,2021-07-22,,1.0,2021,7,ete_ouvrieres,46.352,-0.893,16.0,precise_100m,85105,Le Gué-de-Velluire,85,"Vespa velutina nigrithorax Buysson, 1905",SUBSPECIES,HUMAN_OBSERVATION,Observation.org,8a863029-f435-446a-821e-275f4f641165,CC_BY_NC_4_0,True,True,1,1,3721510673,False,False,,gbif_20260923T091718Z/page_year-2021_offset-000000.json,2026-09-23T09:18:20Z
1edf374d34b92805,3730119645,2021-07-23,,1.0,2021,7,ete_ouvrieres,46.452,-1.7,8.0,precise_100m,85288,Talmont-Saint-Hilaire,85,"Vespa velutina nigrithorax Buysson, 1905",SUBSPECIES,HUMAN_OBSERVATION,Observation.org,8a863029-f435-446a-821e-275f4f641165,CC_BY_NC_4_0,True,True,1,1,3730119645,False,False,,gbif_20260923T091718Z/page_year-2021_offset-000000.json,2026-09-23T09:18:20Z
73deb13644a758d6,3731941290,2021-07-26,,1.0,2021,7,ete_ouvrieres,47.474,-0.543,25.0,precise_100m,49007,Angers,49,"Vespa velutina nigrithorax Buysson, 1905",SUBSPECIES,HUMAN_OBSERVATION,Observation.org,8a863029-f435-446a-821e-275f4f641165,CC_BY_NC_4_0,True,True,1,1,3731941290,False,False,,gbif_20260923T091718Z/page_year-2021_offset-000000.json,2026-09-23T09:18:20Z
67e6e25fe47fc98a,3730809091,2021-07-27,,1.0,2021,7,ete_ouvrieres,47.5,-0.57,25.0,precise_100m,49007,Angers,49,"Vespa velutina nigrithorax Buysson, 1905",SUBSPECIES,HUMAN_OBSERVATION,Observation.org,8a863029-f435-446a-821e-275f4f641165,CC_BY_NC_4_0,True,True,1,1,3730809091,False,False,,gbif_20260923T091718Z/page_year-2021_offset-000000.json,2026-09-23T09:18:20Z
429ceeb58688e7c4,3854829495,2021-08-07,,1.0,2021,8,ete_ouvrieres,48.479,-1.039,10.0,precise_100m,53125,Landivy,53,"Vespa velutina Lepeletier, 1836",SPECIES,HUMAN_OBSERVATION,INPN Especes,f95e9a6b-65d1-4bd0-a72c-4009c0269e12,CC_BY_4_0,True,False,2,2,3854829495;4049522608,True,True,,gbif_20260923T091718Z/page_year-2021_offset-000000.json,2026-09-23T09:18:20Z
c470e72fd3409b13,3337640275,2021-08-07,2021-08-07T11:43:23Z,1.0,2021,8,ete_ouvrieres,46.997,-2.223,4.0,precise_100m,85163,Noirmoutier-en-l'Île,85,"Vespa velutina Lepeletier, 1836",SPECIES,HUMAN_OBSERVATION,iNaturalist,50c9509d-22c7-4a22-a47d-8c48425ef4a7,CC_BY_NC_4_0,True,True,1,1,3337640275,False,False,,gbif_20260923T091718Z/page_year-2021_offset-000000.json,2026-09-23T09:18:20Z
a68c7fed0146103f,3854829486,2021-08-08,,1.0,2021,8,ete_ouvrieres,47.282,-2.369,10.0,precise_100m,44055,La Baule-Escoublac,44,"Vespa velutina Lepeletier, 1836",SPECIES,HUMAN_OBSERVATION,INPN Especes,f95e9a6b-65d1-4bd0-a72c-4009c0269e12,CC_BY_4_0,True,False,2,2,3854829486;4049522580,True,False,,gbif_20260923T091718Z/page_year-2021_offset-000000.json,2026-09-23T09:18:20Z
65894f708362564a,3724065094,2021-08-10,,1.0,2021,8,ete_ouvrieres,47.283,0.056,8.0,precise_100m,49041,Brain-sur-Allonnes,49,"Vespa velutina nigrithorax Buysson, 1905",SUBSPECIES,HUMAN_OBSERVATION,Observation.org,8a863029-f435-446a-821e-275f4f641165,CC_BY_NC_4_0,True,True,1,1,3724065094,False,False,,gbif_20260923T091718Z/page_year-2021_offset-000000.json,2026-09-23T09:18:20Z
62c62b40808ce7df,3337740928,2021-08-11,2021-08-11T16:16:15Z,1.0,2021,8,ete_ouvrieres,46.701,-1.791,,inconnue,85070,Coëx,85,"Vespa velutina Lepeletier, 1836",SPECIES,HUMAN_OBSERVATION,iNaturalist,50c9509d-22c7-4a22-a47d-8c48425ef4a7,CC_BY_NC_4_0,True,True,1,1,3337740928,False,False,Q08_incertitude_connue,gbif_20260923T091718Z/page_year-2021_offset-000000.json,2026-09-23T09:18:20Z
123837954804140f,4150862451,2021-08-14,,1.0,2021,8,ete_ouvrieres,47.591,-0.758,,inconnue,49367,Erdre-en-Anjou,49,"Vespa velutina Lepeletier, 1836",SPECIES,HUMAN_OBSERVATION,Autre inventaire,c3251ba1-fd81-419e-99da-21673a0862ff,CC_BY_4_0,True,False,1,1,4150862451,False,False,Q08_incertitude_connue,gbif_20260923T091718Z/page_year-2021_offset-000000.json,2026-09-23T09:18:20Z
4cd8394bd30a9e08,3337963462,2021-08-14,2021-08-14T07:41:59Z,1.0,2021,8,ete_ouvrieres,47.229,0.031,84.0,precise_100m,49358,Turquant,49,"Vespa velutina Lepeletier, 1836",SPECIES,HUMAN_OBSERVATION,iNaturalist,50c9509d-22c7-4a22-a47d-8c48425ef4a7,CC_BY_NC_4_0,True,True,1,1,3337963462,False,False,,gbif_20260923T091718Z/page_year-2021_offset-000000.json,2026-09-23T09:18:20Z
677b2f4ec101ea3b,3722210450,2021-08-17,,1.0,2021,8,ete_ouvrieres,47.212,-1.55,3.0,precise_100m,44109,Nantes,44,"Vespa velutina nigrithorax Buysson, 1905",SUBSPECIES,HUMAN_OBSERVATION,Observation.org,8a863029-f435-446a-821e-275f4f641165,CC_BY_NC_4_0,True,True,1,1,3722210450,False,False,,gbif_20260923T091718Z/page_year-2021_offset-000000.json,2026-09-23T09:18:20Z
a250ff8c47881ad2,3731033884,2021-08-18,,1.0,2021,8,ete_ouvrieres,46.671,-1.43,,inconnue,85191,La Roche-sur-Yon,85,"Vespa velutina nigrithorax Buysson, 1905",SUBSPECIES,HUMAN_OBSERVATION,Observation.org,8a863029-f435-446a-821e-275f4f641165,CC_BY_NC_4_0,True,True,1,1,3731033884,False,False,Q08_incertitude_connue,gbif_20260923T091718Z/page_year-2021_offset-000000.json,2026-09-23T09:18:20Z
6aa40fa6fcd9a4a8,6399820402,2021-09-01,2021-09-01T15:04:00Z,1.0,2021,9,automne_reproduction,46.72,-1.459,1052.0,faible_5km,85155,Mouilleron-le-Captif,85,"Vespa velutina Lepeletier, 1836",SPECIES,HUMAN_OBSERVATION,iNaturalist,50c9509d-22c7-4a22-a47d-8c48425ef4a7,CC_BY_4_0,True,False,1,1,6399820402,False,True,,gbif_20260923T091718Z/page_year-2021_offset-000000.json,2026-09-23T09:18:20Z
e9b9d8b01e0eb7ae,3854829470,2021-09-01,,1.0,2021,9,automne_reproduction,47.226,-1.554,10.0,precise_100m,44109,Nantes,44,"Vespa velutina Lepeletier, 1836",SPECIES,HUMAN_OBSERVATION,INPN Especes,f95e9a6b-65d1-4bd0-a72c-4009c0269e12,CC_BY_4_0,True,False,2,2,3854829470;4049522922,True,False,,gbif_20260923T091718Z/page_year-2021_offset-000000.json,2026-09-23T09:18:20Z
2d635cc0d0a97eec,3854829464,2021-09-02,,1.0,2021,9,automne_reproduction,47.232,-1.562,10.0,precise_100m,44109,Nantes,44,"Vespa velutina Lepeletier, 1836",SPECIES,HUMAN_OBSERVATION,INPN Especes,f95e9a6b-65d1-4bd0-a72c-4009c0269e12,CC_BY_4_0,True,False,2,2,3854829464;4049522536,True,False,,gbif_20260923T091718Z/page_year-2021_offset-000000.json,2026-09-23T09:18:20Z
a1660240da27d8ad,3854829386,2021-09-02,,1.0,2021,9,automne_reproduction,47.208,-1.564,10.0,precise_100m,44109,Nantes,44,"Vespa velutina Lepeletier, 1836",SPECIES,HUMAN_OBSERVATION,INPN Especes,f95e9a6b-65d1-4bd0-a72c-4009c0269e12,CC_BY_4_0,True,False,2,2,3854829386;4049522795,True,False,,gbif_20260923T091718Z/page_year-2021_offset-000000.json,2026-09-23T09:18:20Z
16382f408357fa4c,3854829369,2021-09-04,,1.0,2021,9,automne_reproduction,47.468,-1.677,10.0,precise_100m,44221,La Chevallerais,44,"Vespa velutina Lepeletier, 1836",SPECIES,HUMAN_OBSERVATION,INPN Especes,f95e9a6b-65d1-4bd0-a72c-4009c0269e12,CC_BY_4_0,True,False,2,2,3854829369;4049522412,True,True,,gbif_20260923T091718Z/page_year-2021_offset-000000.json,2026-09-23T09:18:20Z
a89dbc545eda3303,3732842152,2021-09-06,,1.0,2021,9,automne_reproduction,46.352,-0.891,5.0,precise_100m,85105,Le Gué-de-Velluire,85,"Vespa velutina nigrithorax Buysson, 1905",SUBSPECIES,HUMAN_OBSERVATION,Observation.org,8a863029-f435-446a-821e-275f4f641165,CC_BY_NC_4_0,True,True,1,1,3732842152,False,False,,gbif_20260923T091718Z/page_year-2021_offset-000000.json,2026-09-23T09:18:20Z
462759c6f6c18739,4597496306,2021-09-08,2021-09-08T16:05:00Z,1.0,2021,9,automne_reproduction,47.558,-0.813,4.0,precise_100m,49367,Erdre-en-Anjou,49,"Vespa velutina nigrithorax Buysson, 1905",SUBSPECIES,HUMAN_OBSERVATION,iNaturalist,50c9509d-22c7-4a22-a47d-8c48425ef4a7,CC_BY_NC_4_0,True,True,1,1,4597496306,False,False,,gbif_20260923T091718Z/page_year-2021_offset-000000.json,2026-09-23T09:18:20Z
35941da066aa6cdd,3385123427,2021-09-11,2021-09-11T15:07:41Z,1.0,2021,9,automne_reproduction,47.192,-1.562,,inconnue,44143,Rezé,44,"Vespa velutina Lepeletier, 1836",SPECIES,HUMAN_OBSERVATION,iNaturalist,50c9509d-22c7-4a22-a47d-8c48425ef4a7,CC_BY_NC_4_0,True,True,1,1,3385123427,False,False,Q08_incertitude_connue,gbif_20260923T091718Z/page_year-2021_offset-000000.json,2026-09-23T09:18:20Z
e7e908a49734187b,4150884156,2021-09-11,,1.0,2021,9,automne_reproduction,47.55,-0.822,,inconnue,49367,Erdre-en-Anjou,49,"Vespa velutina Lepeletier, 1836",SPECIES,HUMAN_OBSERVATION,Autre inventaire,c3251ba1-fd81-419e-99da-21673a0862ff,CC_BY_4_0,True,False,1,1,4150884156,False,False,Q08_incertitude_connue,gbif_20260923T091718Z/page_year-2021_offset-000000.json,2026-09-23T09:18:20Z
9b955338b4fd937b,4049522420,2021-09-14,,1.0,2021,9,automne_reproduction,47.232,-1.548,,inconnue,44109,Nantes,44,"Vespa velutina Lepeletier, 1836",SPECIES,HUMAN_OBSERVATION,INPN Especes,b127e9e0-dadc-4db3-93f1-a49b6069d696,CC_BY_4_0,True,False,1,1,4049522420,True,False,Q08_incertitude_connue,gbif_20260923T091718Z/page_year-2021_offset-000000.json,2026-09-23T09:18:20Z
915e47617e78455e,3384788411,2021-09-18,2021-09-18T13:18:50Z,1.0,2021,9,automne_reproduction,47.202,-1.577,4.0,precise_100m,44109,Nantes,44,"Vespa velutina Lepeletier, 1836",SPECIES,HUMAN_OBSERVATION,iNaturalist,50c9509d-22c7-4a22-a47d-8c48425ef4a7,CC_BY_NC_4_0,True,True,1,1,3384788411,False,False,,gbif_20260923T091718Z/page_year-2021_offset-000000.json,2026-09-23T09:18:20Z
f6c9fcfea998fe07,3854829510,2021-09-18,,1.0,2021,9,automne_reproduction,47.403,-2.305,10.0,precise_100m,44175,Saint-Lyphard,44,"Vespa velutina Lepeletier, 1836",SPECIES,HUMAN_OBSERVATION,INPN Especes,f95e9a6b-65d1-4bd0-a72c-4009c0269e12,CC_BY_4_0,True,False,2,2,3854829510;4049522637,True,False,,gbif_20260923T091718Z/page_year-2021_offset-000000.json,2026-09-23T09:18:20Z
6afb2eee18f92e6d,3854829448,2021-09-21,,1.0,2021,9,automne_reproduction,47.232,-1.548,10.0,precise_100m,44109,Nantes,44,"Vespa velutina Lepeletier, 1836",SPECIES,HUMAN_OBSERVATION,INPN Especes,f95e9a6b-65d1-4bd0-a72c-4009c0269e12,CC_BY_4_0,True,False,2,2,3854829448;4049522514,True,False,,gbif_20260923T091718Z/page_year-2021_offset-000000.json,2026-09-23T09:18:20Z
24d6b4e30c58ae1f,3854829395,2021-09-28,,1.0,2021,9,automne_reproduction,47.212,-1.602,10.0,precise_100m,44109,Nantes,44,"Vespa velutina Lepeletier, 1836",SPECIES,HUMAN_OBSERVATION,INPN Especes,f95e9a6b-65d1-4bd0-a72c-4009c0269e12,CC_BY_4_0,True,False,2,2,3854829395;4049522813,True,False,,gbif_20260923T091718Z/page_year-2021_offset-000000.json,2026-09-23T09:18:20Z
cfc01418ea4e483e,3854829324,2021-09-30,,1.0,2021,9,automne_reproduction,47.41,-1.844,10.0,precise_100m,44023,Bouvron,44,"Vespa velutina Lepeletier, 1836",SPECIES,HUMAN_OBSERVATION,INPN Especes,f95e9a6b-65d1-4bd0-a72c-4009c0269e12,CC_BY_4_0,True,False,2,2,3854829324;4049522685,True,True,,gbif_20260923T091718Z/page_year-2021_offset-000000.json,2026-09-23T09:18:20Z
752a65b56ad5ebeb,3732173684,2021-10-08,,1.0,2021,10,automne_reproduction,46.98,-1.921,139.0,moyenne_1km,85024,Bois-de-Céné,85,"Vespa velutina nigrithorax Buysson, 1905",SUBSPECIES,HUMAN_OBSERVATION,Observation.org,8a863029-f435-446a-821e-275f4f641165,CC_BY_NC_4_0,True,True,1,1,3732173684,False,True,,gbif_20260923T091718Z/page_year-2021_offset-000000.json,2026-09-23T09:18:20Z
c91842f971c24b0e,3854829305,2021-10-10,,1.0,2021,10,automne_reproduction,47.2,-1.585,10.0,precise_100m,44109,Nantes,44,"Vespa velutina Lepeletier, 1836",SPECIES,HUMAN_OBSERVATION,INPN Especes,f95e9a6b-65d1-4bd0-a72c-4009c0269e12,CC_BY_4_0,True,False,2,2,3854829305;4049522660,True,False,,gbif_20260923T091718Z/page_year-2021_offset-000000.json,2026-09-23T09:18:20Z
35c6a06547c75ca9,4150886462,2021-10-13,,1.0,2021,10,automne_reproduction,47.543,-0.83,,inconnue,49367,Erdre-en-Anjou,49,"Vespa velutina Lepeletier, 1836",SPECIES,HUMAN_OBSERVATION,Autre inventaire,c3251ba1-fd81-419e-99da-21673a0862ff,CC_BY_4_0,True,False,1,1,4150886462,False,False,Q08_incertitude_connue,gbif_20260923T091718Z/page_year-2021_offset-000000.json,2026-09-23T09:18:20Z
5767a9056e55520a,4150883707,2021-10-13,,1.0,2021,10,automne_reproduction,47.536,-0.781,,inconnue,49367,Erdre-en-Anjou,49,"Vespa velutina Lepeletier, 1836",SPECIES,HUMAN_OBSERVATION,Autre inventaire,c3251ba1-fd81-419e-99da-21673a0862ff,CC_BY_4_0,True,False,1,1,4150883707,False,False,Q08_incertitude_connue,gbif_20260923T091718Z/page_year-2021_offset-000000.json,2026-09-23T09:18:20Z
f7e089e5df3ce995,4150891709,2021-10-13,,1.0,2021,10,automne_reproduction,47.556,-0.8,,inconnue,49367,Erdre-en-Anjou,49,"Vespa velutina Lepeletier, 1836",SPECIES,HUMAN_OBSERVATION,Autre inventaire,c3251ba1-fd81-419e-99da-21673a0862ff,CC_BY_4_0,True,False,1,1,4150891709,False,False,Q08_incertitude_connue,gbif_20260923T091718Z/page_year-2021_offset-000000.json,2026-09-23T09:18:20Z
cb40af0f3d730b77,3854829359,2021-10-14,,1.0,2021,10,automne_reproduction,47.41,-1.844,10.0,precise_100m,44023,Bouvron,44,"Vespa velutina Lepeletier, 1836",SPECIES,HUMAN_OBSERVATION,INPN Especes,f95e9a6b-65d1-4bd0-a72c-4009c0269e12,CC_BY_4_0,True,False,2,2,3854829359;4049522744,True,False,,gbif_20260923T091718Z/page_year-2021_offset-000000.json,2026-09-23T09:18:20Z
9d97a9fc3448da89,3854829360,2021-10-16,,1.0,2021,10,automne_reproduction,47.253,-2.332,10.0,precise_100m,44132,Pornichet,44,"Vespa velutina Lepeletier, 1836",SPECIES,HUMAN_OBSERVATION,INPN Especes,f95e9a6b-65d1-4bd0-a72c-4009c0269e12,CC_BY_4_0,True,False,2,2,3854829360;4049522748,True,False,,gbif_20260923T091718Z/page_year-2021_offset-000000.json,2026-09-23T09:18:20Z
fd0879359671a63d,3399135289,2021-10-17,2021-10-17T14:33:39Z,1.0,2021,10,automne_reproduction,46.343,-1.45,22.0,precise_100m,85294,La Tranche-sur-Mer,85,"Vespa velutina Lepeletier, 1836",SPECIES,HUMAN_OBSERVATION,iNaturalist,50c9509d-22c7-4a22-a47d-8c48425ef4a7,CC_BY_NC_4_0,True,True,1,1,3399135289,False,False,,gbif_20260923T091718Z/page_year-2021_offset-000000.json,2026-09-23T09:18:20Z
0f9b25bb3cdadbe9,4595168216,2021-10-19,,1.0,2021,10,automne_reproduction,47.521,-1.752,,inconnue,44062,Le Gâvre,44,"Vespa velutina Lepeletier, 1836",SPECIES,HUMAN_OBSERVATION,SPIPOLL,0797c245-3f7f-42db-b822-550a36b2a922,CC_BY_4_0,True,False,1,1,4595168216,False,True,Q08_incertitude_connue,gbif_20260923T091718Z/page_year-2021_offset-000000.json,2026-09-23T09:18:20Z
e9977093407d4d99,3723739964,2021-10-19,,1.0,2021,10,automne_reproduction,47.226,-0.006,5.0,precise_100m,49235,Parnay,49,"Vespa velutina nigrithorax Buysson, 1905",SUBSPECIES,HUMAN_OBSERVATION,Observation.org,8a863029-f435-446a-821e-275f4f641165,CC_BY_NC_4_0,True,True,1,1,3723739964,False,True,,gbif_20260923T091718Z/page_year-2021_offset-000000.json,2026-09-23T09:18:20Z
e70e6d7fcb70682d,3854829468,2021-10-26,,1.0,2021,10,automne_reproduction,47.159,-1.953,10.0,precise_100m,44005,Chaumes-en-Retz,44,"Vespa velutina Lepeletier, 1836",SPECIES,HUMAN_OBSERVATION,INPN Especes,f95e9a6b-65d1-4bd0-a72c-4009c0269e12,CC_BY_4_0,True,False,2,2,3854829468;4049522543,True,False,,gbif_20260923T091718Z/page_year-2021_offset-000000.json,2026-09-23T09:18:20Z
5342c9175ad45fab,3408106898,2021-10-31,2021-10-31T14:15:23Z,1.0,2021,10,automne_reproduction,47.199,-1.583,,inconnue,44109,Nantes,44,"Vespa velutina Lepeletier, 1836",SPECIES,HUMAN_OBSERVATION,iNaturalist,50c9509d-22c7-4a22-a47d-8c48425ef4a7,CC_BY_NC_4_0,True,True,1,1,3408106898,False,False,Q08_incertitude_connue,gbif_20260923T091718Z/page_year-2021_offset-000000.json,2026-09-23T09:18:20Z
0e092586129be856,3854829408,2021-11-04,,1.0,2021,11,automne_reproduction,47.254,-1.593,10.0,precise_100m,44114,Orvault,44,"Vespa velutina Lepeletier, 1836",SPECIES,HUMAN_OBSERVATION,INPN Especes,f95e9a6b-65d1-4bd0-a72c-4009c0269e12,CC_BY_4_0,True,False,2,2,3854829408;4049522831,True,False,,gbif_20260923T091718Z/page_year-2021_offset-000000.json,2026-09-23T09:18:20Z
2a3fcb99a632a517,3415835110,2021-11-05,2021-11-05T15:29:10Z,1.0,2021,11,automne_reproduction,47.473,-0.522,882.0,moyenne_1km,49007,Angers,49,"Vespa velutina Lepeletier, 1836",SPECIES,HUMAN_OBSERVATION,iNaturalist,50c9509d-22c7-4a22-a47d-8c48425ef4a7,CC_BY_NC_4_0,True,True,1,1,3415835110,False,False,,gbif_20260923T091718Z/page_year-2021_offset-000000.json,2026-09-23T09:18:20Z
f5bc9a181abaf5ac,3415885152,2021-11-06,2021-11-06T11:05:51Z,1.0,2021,11,automne_reproduction,47.235,-0.461,,inconnue,49086,Terranjou,49,"Vespa velutina nigrithorax Buysson, 1905",SUBSPECIES,HUMAN_OBSERVATION,iNaturalist,50c9509d-22c7-4a22-a47d-8c48425ef4a7,CC_BY_NC_4_0,True,True,1,1,3415885152,False,True,Q08_incertitude_connue,gbif_20260923T091718Z/page_year-2021_offset-000000.json,2026-09-23T09:18:20Z
c800a2670d47e984,3415376225,2021-11-07,2021-11-07T15:36:00Z,1.0,2021,11,automne_reproduction,47.309,-1.405,8.0,precise_100m,44094,Mauves-sur-Loire,44,"Vespa velutina Lepeletier, 1836",SPECIES,HUMAN_OBSERVATION,iNaturalist,50c9509d-22c7-4a22-a47d-8c48425ef4a7,CC_BY_NC_4_0,True,True,1,1,3415376225,False,True,,gbif_20260923T091718Z/page_year-2021_offset-000000.json,2026-09-23T09:18:20Z
2938e878188caab8,3854829392,2021-11-09,,1.0,2021,11,automne_reproduction,47.48,-0.635,10.0,precise_100m,49020,Beaucouzé,49,"Vespa velutina Lepeletier, 1836",SPECIES,HUMAN_OBSERVATION,INPN Especes,f95e9a6b-65d1-4bd0-a72c-4009c0269e12,CC_BY_4_0,True,False,2,2,3854829392;4049522810,True,False,,gbif_20260923T091718Z/page_year-2021_offset-000000.json,2026-09-23T09:18:20Z
9147e374d73699ea,4150891734,2021-11-14,,1.0,2021,11,automne_reproduction,47.579,-0.876,,inconnue,49367,Erdre-en-Anjou,49,"Vespa velutina Lepeletier, 1836",SPECIES,HUMAN_OBSERVATION,Autre inventaire,c3251ba1-fd81-419e-99da-21673a0862ff,CC_BY_4_0,True,False,1,1,4150891734,False,False,Q08_incertitude_connue,gbif_20260923T091718Z/page_year-2021_offset-000000.json,2026-09-23T09:18:20Z
9f51abcd77325147,3854829375,2021-11-14,,1.0,2021,11,automne_reproduction,46.907,-1.084,10.0,precise_100m,85017,Beaurepaire,85,"Vespa velutina Lepeletier, 1836",SPECIES,HUMAN_OBSERVATION,INPN Especes,f95e9a6b-65d1-4bd0-a72c-4009c0269e12,CC_BY_4_0,True,False,2,2,3854829375;4049522773,True,True,,gbif_20260923T091718Z/page_year-2021_offset-000000.json,2026-09-23T09:18:20Z
d2295a4d9efa9c41,4049522553,2022-03-04,,1.0,2022,3,printemps_fondatrices,47.17,-1.726,,inconnue,44024,Brains,44,"Vespa velutina nigrithorax Buysson, 1905",SUBSPECIES,HUMAN_OBSERVATION,INPN Especes,b127e9e0-dadc-4db3-93f1-a49b6069d696,CC_BY_4_0,True,False,1,1,4049522553,False,False,Q08_incertitude_connue,gbif_20260923T091718Z/page_year-2022_offset-000000.json,2026-09-23T09:18:20Z
29526b95976226be,4049522950,2022-03-21,,1.0,2022,3,printemps_fondatrices,47.438,-2.413,,inconnue,44006,Assérac,44,"Vespa velutina Lepeletier, 1836",SPECIES,HUMAN_OBSERVATION,INPN Especes,b127e9e0-dadc-4db3-93f1-a49b6069d696,CC_BY_4_0,True,False,1,1,4049522950,False,False,Q08_incertitude_connue,gbif_20260923T091718Z/page_year-2022_offset-000000.json,2026-09-23T09:18:20Z
fd0597f07c316aa3,4595774145,2022-05-04,,1.0,2022,5,printemps_fondatrices,47.517,-1.688,,inconnue,44224,La Grigonnais,44,"Vespa velutina Lepeletier, 1836",SPECIES,HUMAN_OBSERVATION,SPIPOLL,0797c245-3f7f-42db-b822-550a36b2a922,CC_BY_4_0,True,False,1,1,4595774145,False,False,Q08_incertitude_connue,gbif_20260923T091718Z/page_year-2022_offset-000000.json,2026-09-23T09:18:20Z
9a7da11ea602d589,3905311449,2022-05-06,,1.0,2022,5,printemps_fondatrices,47.221,-1.614,10.0,precise_100m,44162,Saint-Herblain,44,"Vespa velutina nigrithorax Buysson, 1905",SUBSPECIES,HUMAN_OBSERVATION,Observation.org,8a863029-f435-446a-821e-275f4f641165,CC_BY_NC_4_0,True,True,1,1,3905311449,False,False,,gbif_20260923T091718Z/page_year-2022_offset-000000.json,2026-09-23T09:18:20Z
f5d1a0ded2c9b6d5,4049522887,2022-05-06,,1.0,2022,5,printemps_fondatrices,47.264,-1.669,,inconnue,44194,Sautron,44,"Vespa velutina nigrithorax Buysson, 1905",SUBSPECIES,HUMAN_OBSERVATION,INPN Especes,b127e9e0-dadc-4db3-93f1-a49b6069d696,CC_BY_4_0,True,False,1,1,4049522887,False,False,Q08_incertitude_connue,gbif_20260923T091718Z/page_year-2022_offset-000000.json,2026-09-23T09:18:20Z
af43f999d4353c02,3772883806,2022-05-08,2022-05-08T10:07:31Z,1.0,2022,5,printemps_fondatrices,47.284,-0.854,53.0,precise_100m,49218,Montrevault-sur-Èvre,49,"Vespa velutina Lepeletier, 1836",SPECIES,HUMAN_OBSERVATION,iNaturalist,50c9509d-22c7-4a22-a47d-8c48425ef4a7,CC_BY_NC_4_0,True,True,1,1,3772883806,False,False,,gbif_20260923T091718Z/page_year-2022_offset-000000.json,2026-09-23T09:18:20Z
7223a2142ec0976d,4049522383,2022-05-11,,1.0,2022,5,printemps_fondatrices,47.664,-1.451,,inconnue,44085,Louisfert,44,"Vespa velutina nigrithorax Buysson, 1905",SUBSPECIES,HUMAN_OBSERVATION,INPN Especes,b127e9e0-dadc-4db3-93f1-a49b6069d696,CC_BY_4_0,True,False,2,1,4049522383;4049522962,False,True,Q08_incertitude_connue,gbif_20260923T091718Z/page_year-2022_offset-000000.json,2026-09-23T09:18:20Z
7fd50e1e848cce8c,4560136369,2022-05-20,,1.0,2022,5,printemps_fondatrices,47.834,0.069,4370.0,faible_5km,72051,Cérans-Foulletourte,72,"Vespa velutina Lepeletier, 1836",SPECIES,HUMAN_OBSERVATION,Autre inventaire,ac7bed85-629a-4687-808f-0e7999e30cde,CC_BY_4_0,True,False,1,1,4560136369,False,True,,gbif_20260923T091718Z/page_year-2022_offset-000000.json,2026-09-23T09:18:20Z
cd8cb59a8a94a3bd,4978585994,2022-06-21,2022-06-21T09:11:00Z,1.0,2022,6,ete_ouvrieres,47.164,-1.466,3418.0,faible_5km,44215,Vertou,44,"Vespa velutina nigrithorax Buysson, 1905",SUBSPECIES,HUMAN_OBSERVATION,iNaturalist,50c9509d-22c7-4a22-a47d-8c48425ef4a7,CC_BY_NC_4_0,True,True,1,1,4978585994,False,False,,gbif_20260923T091718Z/page_year-2022_offset-000000.json,2026-09-23T09:18:20Z
195aadcc9798e897,6195518173,2022-06-26,2022-06-26T14:54:08Z,1.0,2022,6,ete_ouvrieres,47.231,-1.561,,inconnue,44109,Nantes,44,"Vespa velutina Lepeletier, 1836",SPECIES,HUMAN_OBSERVATION,iNaturalist,50c9509d-22c7-4a22-a47d-8c48425ef4a7,CC_BY_NC_4_0,True,True,1,1,6195518173,False,False,Q08_incertitude_connue,gbif_20260923T091718Z/page_year-2022_offset-000000.json,2026-09-23T09:18:20Z
36b04a2527212d05,3904804041,2022-06-28,,1.0,2022,6,ete_ouvrieres,46.981,-2.281,25.0,precise_100m,85083,L'Épine,85,"Vespa velutina Lepeletier, 1836",SPECIES,HUMAN_OBSERVATION,Observation.org,8a863029-f435-446a-821e-275f4f641165,CC_BY_NC_4_0,True,True,1,1,3904804041,False,True,,gbif_20260923T091718Z/page_year-2022_offset-000000.json,2026-09-23T09:18:20Z
c64e940789fc4729,4156115203,2022-07-01,,1.0,2022,7,ete_ouvrieres,46.678,-1.096,16.0,precise_100m,85051,Chantonnay,85,"Vespa velutina Lepeletier, 1836",SPECIES,HUMAN_OBSERVATION,Observation.org,8a863029-f435-446a-821e-275f4f641165,CC_BY_NC_4_0,True,True,2,1,4156115203;4159112130,False,False,,gbif_20260923T091718Z/page_year-2022_offset-000000.json,2026-09-23T09:18:20Z
924c11896a50da45,4049522912,2022-07-03,,1.0,2022,7,ete_ouvrieres,47.264,-1.763,,inconnue,44158,Saint-Étienne-de-Montluc,44,"Vespa velutina Lepeletier, 1836",SPECIES,HUMAN_OBSERVATION,INPN Especes,b127e9e0-dadc-4db3-93f1-a49b6069d696,CC_BY_4_0,True,False,1,1,4049522912,False,False,Q08_incertitude_connue,gbif_20260923T091718Z/page_year-2022_offset-000000.json,2026-09-23T09:18:20Z
41476eeff9ad19af,3860303267,2022-07-04,2022-07-04T11:33:00Z,1.0,2022,7,ete_ouvrieres,47.191,-1.569,3957.0,faible_5km,44143,Rezé,44,"Vespa velutina Lepeletier, 1836",SPECIES,HUMAN_OBSERVATION,iNaturalist,50c9509d-22c7-4a22-a47d-8c48425ef4a7,CC_BY_NC_4_0,True,True,1,1,3860303267,False,False,,gbif_20260923T091718Z/page_year-2022_offset-000000.json,2026-09-23T09:18:20Z
148650420970d064,3858934376,2022-07-05,2022-07-05T14:27:19Z,1.0,2022,7,ete_ouvrieres,47.217,-1.55,1414.0,faible_5km,44109,Nantes,44,"Vespa velutina Lepeletier, 1836",SPECIES,HUMAN_OBSERVATION,iNaturalist,50c9509d-22c7-4a22-a47d-8c48425ef4a7,CC_BY_NC_4_0,True,True,1,1,3858934376,False,False,,gbif_20260923T091718Z/page_year-2022_offset-000000.json,2026-09-23T09:18:20Z
87fc169a91e3e106,4049522476,2022-07-12,,1.0,2022,7,ete_ouvrieres,47.315,-2.312,,inconnue,44151,Saint-André-des-Eaux,44,"Vespa velutina Lepeletier, 1836",SPECIES,HUMAN_OBSERVATION,INPN Especes,b127e9e0-dadc-4db3-93f1-a49b6069d696,CC_BY_4_0,True,False,1,1,4049522476,False,False,Q08_incertitude_connue,gbif_20260923T091718Z/page_year-2022_offset-000000.json,2026-09-23T09:18:20Z
6f5d8ea8b067cd4c,4049522431,2022-07-15,,1.0,2022,7,ete_ouvrieres,47.147,-0.527,,inconnue,49373,Lys-Haut-Layon,49,"Vespa velutina Lepeletier, 1836",SPECIES,HUMAN_OBSERVATION,INPN Especes,b127e9e0-dadc-4db3-93f1-a49b6069d696,CC_BY_4_0,True,False,1,1,4049522431,False,False,Q08_incertitude_connue,gbif_20260923T091718Z/page_year-2022_offset-000000.json,2026-09-23T09:18:20Z
088219b76557b7da,4171225574,2022-07-16,2022-07-16T17:25:00Z,1.0,2022,7,ete_ouvrieres,47.193,-1.518,650.0,moyenne_1km,44190,Saint-Sébastien-sur-Loire,44,"Vespa velutina Lepeletier, 1836",SPECIES,HUMAN_OBSERVATION,iNaturalist,50c9509d-22c7-4a22-a47d-8c48425ef4a7,CC_BY_NC_4_0,True,True,1,1,4171225574,False,False,,gbif_20260923T091718Z/page_year-2022_offset-000000.json,2026-09-23T09:18:20Z
48c1a4319bc2dbb2,4049522938,2022-07-23,,1.0,2022,7,ete_ouvrieres,48.381,-0.266,,inconnue,53085,Crennes-sur-Fraubée,53,"Vespa velutina nigrithorax Buysson, 1905",SUBSPECIES,HUMAN_OBSERVATION,INPN Especes,b127e9e0-dadc-4db3-93f1-a49b6069d696,CC_BY_4_0,True,False,1,1,4049522938,False,True,Q08_incertitude_connue,gbif_20260923T091718Z/page_year-2022_offset-000000.json,2026-09-23T09:18:20Z
338b79cdc2c25f83,4049522928,2022-07-24,,1.0,2022,7,ete_ouvrieres,47.127,-1.626,,inconnue,44150,Saint-Aignan-Grandlieu,44,"Vespa velutina Lepeletier, 1836",SPECIES,HUMAN_OBSERVATION,INPN Especes,b127e9e0-dadc-4db3-93f1-a49b6069d696,CC_BY_4_0,True,False,1,1,4049522928,False,True,Q08_incertitude_connue,gbif_20260923T091718Z/page_year-2022_offset-000000.json,2026-09-23T09:18:20Z
fddc356aa4c68f87,3881748683,2022-07-27,2022-07-27T19:02:01Z,1.0,2022,7,ete_ouvrieres,47.271,-2.472,40.0,precise_100m,44010,Batz-sur-Mer,44,"Vespa velutina Lepeletier, 1836",SPECIES,HUMAN_OBSERVATION,iNaturalist,50c9509d-22c7-4a22-a47d-8c48425ef4a7,CC_BY_NC_4_0,True,True,1,1,3881748683,False,False,,gbif_20260923T091718Z/page_year-2022_offset-000000.json,2026-09-23T09:18:20Z
40107b54197f2afa,3881742260,2022-08-01,2022-08-01T09:21:21Z,1.0,2022,8,ete_ouvrieres,47.917,-0.262,48.0,precise_100m,72239,Poillé-sur-Vègre,72,"Vespa velutina Lepeletier, 1836",SPECIES,HUMAN_OBSERVATION,iNaturalist,50c9509d-22c7-4a22-a47d-8c48425ef4a7,CC_BY_4_0,True,False,1,1,3881742260,False,True,,gbif_20260923T091718Z/page_year-2022_offset-000000.json,2026-09-23T09:18:20Z
6368e9dbffd861c3,3905422041,2022-08-08,,1.0,2022,8,ete_ouvrieres,47.278,-0.52,,inconnue,49345,Bellevigne-en-Layon,49,"Vespa velutina Lepeletier, 1836",SPECIES,HUMAN_OBSERVATION,Observation.org,8a863029-f435-446a-821e-275f4f641165,CC_BY_NC_4_0,True,True,1,1,3905422041,False,True,Q08_incertitude_connue,gbif_20260923T091718Z/page_year-2022_offset-000000.json,2026-09-23T09:18:20Z
90b50e0558883181,4155942000,2022-08-08,,1.0,2022,8,ete_ouvrieres,47.339,-1.256,5.0,precise_100m,49126,Orée d'Anjou,49,"Vespa velutina Lepeletier, 1836",SPECIES,HUMAN_OBSERVATION,Observation.org,8a863029-f435-446a-821e-275f4f641165,CC_BY_NC_4_0,True,True,1,1,4155942000,False,False,,gbif_20260923T091718Z/page_year-2022_offset-000000.json,2026-09-23T09:18:20Z
676c9eaa88f71d6f,3888932573,2022-08-09,2022-08-09T12:42:36Z,1.0,2022,8,ete_ouvrieres,47.219,-1.542,8.0,precise_100m,44109,Nantes,44,"Vespa velutina Lepeletier, 1836",SPECIES,HUMAN_OBSERVATION,iNaturalist,50c9509d-22c7-4a22-a47d-8c48425ef4a7,CC_BY_NC_4_0,True,True,1,1,3888932573,False,False,,gbif_20260923T091718Z/page_year-2022_offset-000000.json,2026-09-23T09:18:20Z
bbd9e045dd614bac,3907208407,2022-08-13,,1.0,2022,8,ete_ouvrieres,47.221,-1.544,25.0,precise_100m,44109,Nantes,44,"Vespa velutina Lepeletier, 1836",SPECIES,HUMAN_OBSERVATION,Observation.org,8a863029-f435-446a-821e-275f4f641165,CC_BY_NC_4_0,True,True,1,1,3907208407,False,False,,gbif_20260923T091718Z/page_year-2022_offset-000000.json,2026-09-23T09:18:20Z
18308aee860d019f,3892668979,2022-08-14,2022-08-14T07:06:14Z,1.0,2022,8,ete_ouvrieres,47.04,-1.808,8.0,precise_100m,44087,Machecoul-Saint-Même,44,"Vespa velutina Lepeletier, 1836",SPECIES,HUMAN_OBSERVATION,iNaturalist,50c9509d-22c7-4a22-a47d-8c48425ef4a7,CC_BY_NC_4_0,True,True,1,1,3892668979,False,False,,gbif_20260923T091718Z/page_year-2022_offset-000000.json,2026-09-23T09:18:20Z
754ca407ec2a62ad,4049522818,2022-08-14,,1.0,2022,8,ete_ouvrieres,47.009,-2.22,,inconnue,85163,Noirmoutier-en-l'Île,85,"Vespa velutina Lepeletier, 1836",SPECIES,HUMAN_OBSERVATION,INPN Especes,b127e9e0-dadc-4db3-93f1-a49b6069d696,CC_BY_4_0,True,False,1,1,4049522818,False,False,Q08_incertitude_connue,gbif_20260923T091718Z/page_year-2022_offset-000000.json,2026-09-23T09:18:20Z
b45a9c5a2e5628bc,3905331807,2022-08-14,,1.0,2022,8,ete_ouvrieres,47.473,-0.561,50.0,precise_100m,49007,Angers,49,"Vespa velutina Lepeletier, 1836",SPECIES,HUMAN_OBSERVATION,Observation.org,8a863029-f435-446a-821e-275f4f641165,CC_BY_NC_4_0,True,True,1,1,3905331807,False,False,,gbif_20260923T091718Z/page_year-2022_offset-000000.json,2026-09-23T09:18:20Z
ec8ecfede72e5466,3906761947,2022-08-14,,1.0,2022,8,ete_ouvrieres,47.865,-0.473,4.0,precise_100m,53036,Bouère,53,"Vespa velutina Lepeletier, 1836",SPECIES,HUMAN_OBSERVATION,Observation.org,8a863029-f435-446a-821e-275f4f641165,CC_BY_NC_4_0,True,True,1,1,3906761947,False,True,,gbif_20260923T091718Z/page_year-2022_offset-000000.json,2026-09-23T09:18:20Z
eaf1b6024604932e,4049522326,2022-08-15,,1.0,2022,8,ete_ouvrieres,46.938,-2.178,,inconnue,85011,Barbâtre,85,"Vespa velutina Lepeletier, 1836",SPECIES,HUMAN_OBSERVATION,INPN Especes,b127e9e0-dadc-4db3-93f1-a49b6069d696,CC_BY_4_0,True,False,1,1,4049522326,False,False,Q08_incertitude_connue,gbif_20260923T091718Z/page_year-2022_offset-000000.json,2026-09-23T09:18:20Z
97270c52f00797c1,4049522782,2022-08-18,,1.0,2022,8,ete_ouvrieres,47.801,-0.24,,inconnue,72378,Vion,72,"Vespa velutina Lepeletier, 1836",SPECIES,HUMAN_OBSERVATION,INPN Especes,b127e9e0-dadc-4db3-93f1-a49b6069d696,CC_BY_4_0,True,False,1,1,4049522782,False,True,Q08_incertitude_connue,gbif_20260923T091718Z/page_year-2022_offset-000000.json,2026-09-23T09:18:20Z
b2da547ae4069a12,4049522986,2022-08-18,,1.0,2022,8,ete_ouvrieres,47.821,-0.252,,inconnue,72378,Vion,72,"Vespa velutina Lepeletier, 1836",SPECIES,HUMAN_OBSERVATION,INPN Especes,b127e9e0-dadc-4db3-93f1-a49b6069d696,CC_BY_4_0,True,False,1,1,4049522986,False,False,Q08_incertitude_connue,gbif_20260923T091718Z/page_year-2022_offset-000000.json,2026-09-23T09:18:20Z
15d4ed696dbffbd0,4595254399,2022-08-20,,1.0,2022,8,ete_ouvrieres,47.527,-1.768,,inconnue,44062,Le Gâvre,44,"Vespa velutina Lepeletier, 1836",SPECIES,HUMAN_OBSERVATION,SPIPOLL,0797c245-3f7f-42db-b822-550a36b2a922,CC_BY_4_0,True,False,1,1,4595254399,False,False,Q08_incertitude_connue,gbif_20260923T091718Z/page_year-2022_offset-000000.json,2026-09-23T09:18:20Z
18095328bc1b37d5,4049522662,2022-08-20,,1.0,2022,8,ete_ouvrieres,47.269,-2.337,,inconnue,44055,La Baule-Escoublac,44,"Vespa velutina Lepeletier, 1836",SPECIES,HUMAN_OBSERVATION,INPN Especes,b127e9e0-dadc-4db3-93f1-a49b6069d696,CC_BY_4_0,True,False,1,1,4049522662,False,False,Q08_incertitude_connue,gbif_20260923T091718Z/page_year-2022_offset-000000.json,2026-09-23T09:18:20Z
b1d215ee90e85662,4049523013,2022-08-20,,1.0,2022,8,ete_ouvrieres,47.283,-2.339,,inconnue,44055,La Baule-Escoublac,44,"Vespa velutina Lepeletier, 1836",SPECIES,HUMAN_OBSERVATION,INPN Especes,b127e9e0-dadc-4db3-93f1-a49b6069d696,CC_BY_4_0,True,False,1,1,4049523013,False,False,Q08_incertitude_connue,gbif_20260923T091718Z/page_year-2022_offset-000000.json,2026-09-23T09:18:20Z
22f7220d9785728f,3902556164,2022-08-21,2022-08-21T10:49:19Z,1.0,2022,8,ete_ouvrieres,47.256,-0.07,1487.0,faible_5km,49328,Saumur,49,"Vespa velutina Lepeletier, 1836",SPECIES,HUMAN_OBSERVATION,iNaturalist,50c9509d-22c7-4a22-a47d-8c48425ef4a7,CC_BY_NC_4_0,True,True,1,1,3902556164,False,False,,gbif_20260923T091718Z/page_year-2022_offset-000000.json,2026-09-23T09:18:20Z
45e90fa9bd09d430,4049522816,2022-08-21,,1.0,2022,8,ete_ouvrieres,47.27,-2.345,,inconnue,44132,Pornichet,44,"Vespa velutina Lepeletier, 1836",SPECIES,HUMAN_OBSERVATION,INPN Especes,b127e9e0-dadc-4db3-93f1-a49b6069d696,CC_BY_4_0,True,False,1,1,4049522816,False,False,Q08_incertitude_connue,gbif_20260923T091718Z/page_year-2022_offset-000000.json,2026-09-23T09:18:20Z
e1ce7740b5ff59bf,4014898959,2022-08-25,2022-08-25T14:06:20Z,1.0,2022,8,ete_ouvrieres,47.381,-0.795,3.0,precise_100m,49283,Saint-Georges-sur-Loire,49,"Vespa velutina nigrithorax Buysson, 1905",SUBSPECIES,HUMAN_OBSERVATION,iNaturalist,50c9509d-22c7-4a22-a47d-8c48425ef4a7,CC_BY_NC_4_0,True,True,1,1,4014898959,False,True,,gbif_20260923T091718Z/page_year-2022_offset-000000.json,2026-09-23T09:18:20Z
9df3c9f4bfa12537,4049522674,2022-08-26,,1.0,2022,8,ete_ouvrieres,47.24,-1.562,,inconnue,44109,Nantes,44,"Vespa velutina nigrithorax Buysson, 1905",SUBSPECIES,HUMAN_OBSERVATION,INPN Especes,b127e9e0-dadc-4db3-93f1-a49b6069d696,CC_BY_4_0,True,False,1,1,4049522674,False,False,Q08_incertitude_connue,gbif_20260923T091718Z/page_year-2022_offset-000000.json,2026-09-23T09:18:20Z
9fc07ce169811614,4049522956,2022-08-26,,1.0,2022,8,ete_ouvrieres,47.41,-1.844,,inconnue,44023,Bouvron,44,"Vespa velutina Lepeletier, 1836",SPECIES,HUMAN_OBSERVATION,INPN Especes,b127e9e0-dadc-4db3-93f1-a49b6069d696,CC_BY_4_0,True,False,1,1,4049522956,False,False,Q08_incertitude_connue,gbif_20260923T091718Z/page_year-2022_offset-000000.json,2026-09-23T09:18:20Z
58eb36d29b98de29,3997221479,2022-08-28,,1.0,2022,8,ete_ouvrieres,47.253,-2.318,38.0,precise_100m,44132,Pornichet,44,"Vespa velutina Lepeletier, 1836",SPECIES,HUMAN_OBSERVATION,Observation.org,8a863029-f435-446a-821e-275f4f641165,CC_BY_NC_4_0,True,True,1,1,3997221479,False,False,,gbif_20260923T091718Z/page_year-2022_offset-000000.json,2026-09-23T09:18:20Z
291853755540ab29,4049522469,2022-08-30,,1.0,2022,8,ete_ouvrieres,47.615,-0.452,,inconnue,49347,Tiercé,49,"Vespa velutina Lepeletier, 1836",SPECIES,HUMAN_OBSERVATION,INPN Especes,b127e9e0-dadc-4db3-93f1-a49b6069d696,CC_BY_4_0,True,False,1,1,4049522469,False,True,Q08_incertitude_connue,gbif_20260923T091718Z/page_year-2022_offset-000000.json,2026-09-23T09:18:20Z
6ee0a493af8afbcd,4049522465,2022-08-30,,1.0,2022,8,ete_ouvrieres,47.241,-1.538,,inconnue,44109,Nantes,44,"Vespa velutina Lepeletier, 1836",SPECIES,HUMAN_OBSERVATION,INPN Especes,b127e9e0-dadc-4db3-93f1-a49b6069d696,CC_BY_4_0,True,False,1,1,4049522465,False,False,Q08_incertitude_connue,gbif_20260923T091718Z/page_year-2022_offset-000000.json,2026-09-23T09:18:20Z
cbc796a4ec67d549,3903516843,2022-08-30,2022-08-30T13:41:00Z,1.0,2022,8,ete_ouvrieres,46.672,-1.415,2.0,precise_100m,85191,La Roche-sur-Yon,85,"Vespa velutina nigrithorax Buysson, 1905",SUBSPECIES,HUMAN_OBSERVATION,iNaturalist,50c9509d-22c7-4a22-a47d-8c48425ef4a7,CC_BY_NC_4_0,True,True,2,2,3903516843;4156144621,True,False,,gbif_20260923T091718Z/page_year-2022_offset-000000.json,2026-09-23T09:18:20Z
3ca72d110e811323,4049522705,2022-08-31,,1.0,2022,8,ete_ouvrieres,47.302,-1.472,,inconnue,44026,Carquefou,44,"Vespa velutina Lepeletier, 1836",SPECIES,HUMAN_OBSERVATION,INPN Especes,b127e9e0-dadc-4db3-93f1-a49b6069d696,CC_BY_4_0,True,False,1,1,4049522705,False,False,Q08_incertitude_connue,gbif_20260923T091718Z/page_year-2022_offset-000000.json,2026-09-23T09:18:20Z
68a0d52826b03594,3995690491,2022-09-01,,1.0,2022,9,automne_reproduction,48.437,-0.497,,inconnue,53127,Lassay-les-Châteaux,53,"Vespa velutina Lepeletier, 1836",SPECIES,HUMAN_OBSERVATION,Observation.org,8a863029-f435-446a-821e-275f4f641165,CC_BY_NC_4_0,True,True,1,1,3995690491,False,False,Q08_incertitude_connue,gbif_20260923T091718Z/page_year-2022_offset-000000.json,2026-09-23T09:18:20Z
afde0de41efaf865,6399165558,2022-09-04,2022-09-04T11:58:53Z,1.0,2022,9,automne_reproduction,47.269,-1.445,,inconnue,44204,Thouaré-sur-Loire,44,"Vespa velutina Lepeletier, 1836",SPECIES,HUMAN_OBSERVATION,iNaturalist,50c9509d-22c7-4a22-a47d-8c48425ef4a7,CC_BY_4_0,True,False,1,1,6399165558,False,False,Q08_incertitude_connue,gbif_20260923T091718Z/page_year-2022_offset-000000.json,2026-09-23T09:18:20Z
45eecf4f9cd6659f,4978167738,2022-09-08,2022-09-08T13:11:00Z,1.0,2022,9,automne_reproduction,47.252,-1.476,2358.0,faible_5km,44172,Sainte-Luce-sur-Loire,44,"Vespa velutina nigrithorax Buysson, 1905",SUBSPECIES,HUMAN_OBSERVATION,iNaturalist,50c9509d-22c7-4a22-a47d-8c48425ef4a7,CC_BY_NC_4_0,True,True,1,1,4978167738,False,False,,gbif_20260923T091718Z/page_year-2022_offset-000000.json,2026-09-23T09:18:20Z
e52d02d6ee8abd59,4049522327,2022-09-10,,1.0,2022,9,automne_reproduction,47.222,-1.553,,inconnue,44109,Nantes,44,"Vespa velutina nigrithorax Buysson, 1905",SUBSPECIES,HUMAN_OBSERVATION,INPN Especes,b127e9e0-dadc-4db3-93f1-a49b6069d696,CC_BY_4_0,True,False,1,1,4049522327,False,False,Q08_incertitude_connue,gbif_20260923T091718Z/page_year-2022_offset-000000.json,2026-09-23T09:18:20Z
7d020a3dd579a75b,4595904745,2022-09-12,,1.0,2022,9,automne_reproduction,48.31,-0.929,,inconnue,53096,Ernée,53,"Vespa velutina Lepeletier, 1836",SPECIES,HUMAN_OBSERVATION,SPIPOLL,0797c245-3f7f-42db-b822-550a36b2a922,CC_BY_4_0,True,False,1,1,4595904745,False,False,Q08_incertitude_connue,gbif_20260923T091718Z/page_year-2022_offset-000000.json,2026-09-23T09:18:20Z
075843e0673d4df9,4049522511,2022-09-13,,1.0,2022,9,automne_reproduction,47.386,-2.294,,inconnue,44168,Saint-Joachim,44,"Vespa velutina Lepeletier, 1836",SPECIES,HUMAN_OBSERVATION,INPN Especes,b127e9e0-dadc-4db3-93f1-a49b6069d696,CC_BY_4_0,True,False,1,1,4049522511,False,False,Q08_incertitude_connue,gbif_20260923T091718Z/page_year-2022_offset-000000.json,2026-09-23T09:18:20Z
5c85eef69bc6228a,4049522830,2022-09-14,,1.0,2022,9,automne_reproduction,47.234,-2.181,,inconnue,44154,Saint-Brevin-les-Pins,44,"Vespa velutina Lepeletier, 1836",SPECIES,HUMAN_OBSERVATION,INPN Especes,b127e9e0-dadc-4db3-93f1-a49b6069d696,CC_BY_4_0,True,False,1,1,4049522830,False,True,Q08_incertitude_connue,gbif_20260923T091718Z/page_year-2022_offset-000000.json,2026-09-23T09:18:20Z
27957b7952d1f22b,4049522432,2022-09-16,,1.0,2022,9,automne_reproduction,47.403,-2.303,,inconnue,44175,Saint-Lyphard,44,"Vespa velutina Lepeletier, 1836",SPECIES,HUMAN_OBSERVATION,INPN Especes,b127e9e0-dadc-4db3-93f1-a49b6069d696,CC_BY_4_0,True,False,1,1,4049522432,False,False,Q08_incertitude_connue,gbif_20260923T091718Z/page_year-2022_offset-000000.json,2026-09-23T09:18:20Z
6e0cd9ff56ca3a0d,4595672243,2022-09-18,,1.0,2022,9,automne_reproduction,48.209,-0.663,,inconnue,53146,Martigné-sur-Mayenne,53,"Vespa velutina Lepeletier, 1836",SPECIES,HUMAN_OBSERVATION,SPIPOLL,0797c245-3f7f-42db-b822-550a36b2a922,CC_BY_4_0,True,False,1,1,4595672243,False,False,Q08_incertitude_connue,gbif_20260923T091718Z/page_year-2022_offset-000000.json,2026-09-23T09:18:20Z
01f905b2a878a38a,3996476512,2022-09-20,,1.0,2022,9,automne_reproduction,48.184,-0.129,21.0,precise_100m,72334,Sillé-le-Guillaume,72,"Vespa velutina Lepeletier, 1836",SPECIES,HUMAN_OBSERVATION,Observation.org,8a863029-f435-446a-821e-275f4f641165,CC_BY_NC_4_0,True,True,1,1,3996476512,False,True,,gbif_20260923T091718Z/page_year-2022_offset-000000.json,2026-09-23T09:18:20Z
0ccd93be544141ff,3912434080,2022-09-20,2022-09-20T14:51:18Z,1.0,2022,9,automne_reproduction,47.793,-1.052,14.0,precise_100m,53188,Renazé,53,"Vespa velutina Lepeletier, 1836",SPECIES,HUMAN_OBSERVATION,iNaturalist,50c9509d-22c7-4a22-a47d-8c48425ef4a7,CC_BY_NC_4_0,True,True,1,1,3912434080,False,True,,gbif_20260923T091718Z/page_year-2022_offset-000000.json,2026-09-23T09:18:20Z
9dfec859807ad17f,4049522542,2022-09-25,,1.0,2022,9,automne_reproduction,47.701,-0.864,,inconnue,49331,Segré-en-Anjou Bleu,49,"Vespa velutina nigrithorax Buysson, 1905",SUBSPECIES,HUMAN_OBSERVATION,INPN Especes,b127e9e0-dadc-4db3-93f1-a49b6069d696,CC_BY_4_0,True,False,2,1,4049522542;4049522978,False,False,Q08_incertitude_connue,gbif_20260923T091718Z/page_year-2022_offset-000000.json,2026-09-23T09:18:20Z
ab9f6dc59a14164a,3915559094,2022-09-25,2022-09-25T18:13:16Z,1.0,2022,9,automne_reproduction,47.166,-0.967,7.0,precise_100m,49023,Beaupréau-en-Mauges,49,"Vespa velutina Lepeletier, 1836",SPECIES,HUMAN_OBSERVATION,iNaturalist,50c9509d-22c7-4a22-a47d-8c48425ef4a7,CC_BY_NC_4_0,True,True,1,1,3915559094,False,False,,gbif_20260923T091718Z/page_year-2022_offset-000000.json,2026-09-23T09:18:20Z
4163cd07bbc489ce,4049522732,2022-10-13,,1.0,2022,10,automne_reproduction,48.087,-0.952,,inconnue,53045,La Brûlatte,53,"Vespa velutina Lepeletier, 1836",SPECIES,HUMAN_OBSERVATION,INPN Especes,b127e9e0-dadc-4db3-93f1-a49b6069d696,CC_BY_4_0,True,False,1,1,4049522732,False,True,Q08_incertitude_connue,gbif_20260923T091718Z/page_year-2022_offset-000000.json,2026-09-23T09:18:20Z
605f29d67ef9c6cd,4112063889,2022-10-13,2022-10-13T09:52:00Z,1.0,2022,10,automne_reproduction,48.085,-0.952,15.0,precise_100m,53045,La Brûlatte,53,"Vespa velutina Lepeletier, 1836",SPECIES,HUMAN_OBSERVATION,iNaturalist,50c9509d-22c7-4a22-a47d-8c48425ef4a7,CC_BY_NC_4_0,True,True,1,1,4112063889,False,False,,gbif_20260923T091718Z/page_year-2022_offset-000000.json,2026-09-23T09:18:20Z
f0df47ba749578cd,4049522571,2022-10-17,,1.0,2022,10,automne_reproduction,47.445,-2.322,,inconnue,44072,Herbignac,44,"Vespa velutina Lepeletier, 1836",SPECIES,HUMAN_OBSERVATION,INPN Especes,b127e9e0-dadc-4db3-93f1-a49b6069d696,CC_BY_4_0,True,False,1,1,4049522571,False,False,Q08_incertitude_connue,gbif_20260923T091718Z/page_year-2022_offset-000000.json,2026-09-23T09:18:20Z
3c7941cade007915,4595178845,2022-10-20,,1.0,2022,10,automne_reproduction,47.522,-1.75,,inconnue,44062,Le Gâvre,44,"Vespa velutina Lepeletier, 1836",SPECIES,HUMAN_OBSERVATION,SPIPOLL,0797c245-3f7f-42db-b822-550a36b2a922,CC_BY_4_0,True,False,1,1,4595178845,False,False,Q08_incertitude_connue,gbif_20260923T091718Z/page_year-2022_offset-000000.json,2026-09-23T09:18:20Z
afd3bbcce7a3f3b2,4049522866,2022-10-21,,1.0,2022,10,automne_reproduction,47.435,-2.449,,inconnue,44006,Assérac,44,"Vespa velutina Lepeletier, 1836",SPECIES,HUMAN_OBSERVATION,INPN Especes,b127e9e0-dadc-4db3-93f1-a49b6069d696,CC_BY_4_0,True,False,1,1,4049522866,False,False,Q08_incertitude_connue,gbif_20260923T091718Z/page_year-2022_offset-000000.json,2026-09-23T09:18:20Z
84df96a3f9eb39fa,4049522894,2022-10-23,,1.0,2022,10,automne_reproduction,47.452,-2.409,,inconnue,44006,Assérac,44,"Vespa velutina Lepeletier, 1836",SPECIES,HUMAN_OBSERVATION,INPN Especes,b127e9e0-dadc-4db3-93f1-a49b6069d696,CC_BY_4_0,True,False,1,1,4049522894,False,False,Q08_incertitude_connue,gbif_20260923T091718Z/page_year-2022_offset-000000.json,2026-09-23T09:18:20Z
ec261e77ce9c7710,4014890856,2022-10-27,2022-10-27T11:54:00Z,1.0,2022,10,automne_reproduction,47.2,-1.011,27.0,precise_100m,49023,Beaupréau-en-Mauges,49,"Vespa velutina Lepeletier, 1836",SPECIES,HUMAN_OBSERVATION,iNaturalist,50c9509d-22c7-4a22-a47d-8c48425ef4a7,CC_BY_NC_4_0,True,True,1,1,4014890856,False,False,,gbif_20260923T091718Z/page_year-2022_offset-000000.json,2026-09-23T09:18:20Z
7ad261335a2e778b,3961469008,2022-10-28,2022-10-28T14:39:55Z,1.0,2022,10,automne_reproduction,47.49,-1.41,65.0,precise_100m,44077,Joué-sur-Erdre,44,"Vespa velutina Lepeletier, 1836",SPECIES,HUMAN_OBSERVATION,iNaturalist,50c9509d-22c7-4a22-a47d-8c48425ef4a7,CC_BY_NC_4_0,True,True,1,1,3961469008,False,False,,gbif_20260923T091718Z/page_year-2022_offset-000000.json,2026-09-23T09:18:20Z
504c94656cf2b718,4595176895,2022-10-30,,1.0,2022,10,automne_reproduction,47.519,-1.751,,inconnue,44062,Le Gâvre,44,"Vespa velutina Lepeletier, 1836",SPECIES,HUMAN_OBSERVATION,SPIPOLL,0797c245-3f7f-42db-b822-550a36b2a922,CC_BY_4_0,True,False,1,1,4595176895,False,False,Q08_incertitude_connue,gbif_20260923T091718Z/page_year-2022_offset-000000.json,2026-09-23T09:18:20Z
b986f8eba75a74e4,4049522739,2022-10-31,,1.0,2022,10,automne_reproduction,47.115,-2.115,,inconnue,44131,Pornic,44,"Vespa velutina Lepeletier, 1836",SPECIES,HUMAN_OBSERVATION,INPN Especes,b127e9e0-dadc-4db3-93f1-a49b6069d696,CC_BY_4_0,True,False,1,1,4049522739,False,False,Q08_incertitude_connue,gbif_20260923T091718Z/page_year-2022_offset-000000.json,2026-09-23T09:18:20Z
937c03022c54f10e,4049522836,2022-11-01,,1.0,2022,11,automne_reproduction,46.653,-1.451,,inconnue,85191,La Roche-sur-Yon,85,"Vespa velutina Lepeletier, 1836",SPECIES,HUMAN_OBSERVATION,INPN Especes,b127e9e0-dadc-4db3-93f1-a49b6069d696,CC_BY_4_0,True,False,1,1,4049522836,False,False,Q08_incertitude_connue,gbif_20260923T091718Z/page_year-2022_offset-000000.json,2026-09-23T09:18:20Z
1025912f28872373,4162484144,2022-11-12,2022-11-12T12:54:56Z,1.0,2022,11,automne_reproduction,48.38,-0.06,,inconnue,53246,Saint-Pierre-des-Nids,53,"Vespa velutina Lepeletier, 1836",SPECIES,HUMAN_OBSERVATION,iNaturalist,50c9509d-22c7-4a22-a47d-8c48425ef4a7,CC_BY_4_0,True,False,1,1,4162484144,False,False,Q08_incertitude_connue,gbif_20260923T091718Z/page_year-2022_offset-000000.json,2026-09-23T09:18:20Z
12af39fcc4f80375,4049522358,2022-11-12,,1.0,2022,11,automne_reproduction,48.278,-0.674,,inconnue,53219,Saint-Georges-Buttavent,53,"Vespa velutina Lepeletier, 1836",SPECIES,HUMAN_OBSERVATION,INPN Especes,b127e9e0-dadc-4db3-93f1-a49b6069d696,CC_BY_4_0,True,False,1,1,4049522358,False,True,Q08_incertitude_connue,gbif_20260923T091718Z/page_year-2022_offset-000000.json,2026-09-23T09:18:20Z
24255025f0f86563,4049522332,2022-11-12,,1.0,2022,11,automne_reproduction,48.462,-0.731,,inconnue,53079,Couesmes-Vaucé,53,"Vespa velutina Lepeletier, 1836",SPECIES,HUMAN_OBSERVATION,INPN Especes,b127e9e0-dadc-4db3-93f1-a49b6069d696,CC_BY_4_0,True,False,1,1,4049522332,False,True,Q08_incertitude_connue,gbif_20260923T091718Z/page_year-2022_offset-000000.json,2026-09-23T09:18:20Z
e48a6d4ceae3b0d1,3966508025,2022-11-12,2022-11-12T14:14:37Z,1.0,2022,11,automne_reproduction,47.638,-0.613,135.0,moyenne_1km,49330,Sceaux-d'Anjou,49,"Vespa velutina Lepeletier, 1836",SPECIES,HUMAN_OBSERVATION,iNaturalist,50c9509d-22c7-4a22-a47d-8c48425ef4a7,CC_BY_NC_4_0,True,True,1,1,3966508025,False,True,,gbif_20260923T091718Z/page_year-2022_offset-000000.json,2026-09-23T09:18:20Z
24ec4e2c761defa3,6195645812,2022-11-13,2022-11-13T14:16:22Z,1.0,2022,11,automne_reproduction,47.201,-1.585,,inconnue,44109,Nantes,44,"Vespa velutina nigrithorax Buysson, 1905",SUBSPECIES,HUMAN_OBSERVATION,iNaturalist,50c9509d-22c7-4a22-a47d-8c48425ef4a7,CC_BY_NC_4_0,True,True,1,1,6195645812,False,False,Q08_incertitude_connue,gbif_20260923T091718Z/page_year-2022_offset-000000.json,2026-09-23T09:18:20Z
28d882f5439c4d1c,4049522616,2022-11-13,,1.0,2022,11,automne_reproduction,48.473,-0.724,,inconnue,53079,Couesmes-Vaucé,53,"Vespa velutina Lepeletier, 1836",SPECIES,HUMAN_OBSERVATION,INPN Especes,b127e9e0-dadc-4db3-93f1-a49b6069d696,CC_BY_4_0,True,False,1,1,4049522616,False,False,Q08_incertitude_connue,gbif_20260923T091718Z/page_year-2022_offset-000000.json,2026-09-23T09:18:20Z
fa52b1cdaa91ab19,3995765828,2022-11-17,,1.0,2022,11,automne_reproduction,47.081,-1.408,4.0,precise_100m,44002,Aigrefeuille-sur-Maine,44,"Vespa velutina Lepeletier, 1836",SPECIES,HUMAN_OBSERVATION,Observation.org,8a863029-f435-446a-821e-275f4f641165,CC_BY_NC_4_0,True,True,1,1,3995765828,False,True,,gbif_20260923T091718Z/page_year-2022_offset-000000.json,2026-09-23T09:18:20Z
fedc62b2b0cd40be,4148742043,2023-02-04,,1.0,2023,2,printemps_fondatrices,47.455,-1.669,,inconnue,44073,Héric,44,"Vespa velutina nigrithorax Buysson, 1905",SUBSPECIES,HUMAN_OBSERVATION,CardObs (INPN),4f0a9cb0-0079-4b22-b1fe-359b7e71a36a,CC_BY_4_0,True,False,1,1,4148742043,False,True,Q08_incertitude_connue,gbif_20260923T091718Z/page_year-2023_offset-000000.json,2026-09-23T09:18:20Z
4c4896b2e70f46e9,4148726567,2023-02-05,,1.0,2023,2,printemps_fondatrices,47.219,-1.543,,inconnue,44109,Nantes,44,"Vespa velutina Lepeletier, 1836",SPECIES,HUMAN_OBSERVATION,CardObs (INPN),4f0a9cb0-0079-4b22-b1fe-359b7e71a36a,CC_BY_4_0,True,False,1,1,4148726567,False,False,Q08_incertitude_connue,gbif_20260923T091718Z/page_year-2023_offset-000000.json,2026-09-23T09:18:20Z
da59b8a96b4b85bd,4102728035,2023-04-28,2023-04-28T12:50:49Z,1.0,2023,4,printemps_fondatrices,47.702,-0.025,8.0,precise_100m,72084,Clermont-Créans,72,"Vespa velutina Lepeletier, 1836",SPECIES,HUMAN_OBSERVATION,iNaturalist,50c9509d-22c7-4a22-a47d-8c48425ef4a7,CC_BY_NC_4_0,True,True,1,1,4102728035,False,False,,gbif_20260923T091718Z/page_year-2023_offset-000000.json,2026-09-23T09:18:20Z
aaf493173ef3fc28,4159051685,2023-06-06,,1.0,2023,6,ete_ouvrieres,46.789,-1.022,5.0,precise_100m,85192,Rochetrejoux,85,"Vespa velutina Lepeletier, 1836",SPECIES,HUMAN_OBSERVATION,Observation.org,8a863029-f435-446a-821e-275f4f641165,CC_BY_NC_4_0,True,True,1,1,4159051685,False,True,,gbif_20260923T091718Z/page_year-2023_offset-000000.json,2026-09-23T09:18:20Z
44b5132390440d84,4160918090,2023-06-11,,1.0,2023,6,ete_ouvrieres,46.789,-1.021,8.0,precise_100m,85192,Rochetrejoux,85,"Vespa velutina Lepeletier, 1836",SPECIES,HUMAN_OBSERVATION,Observation.org,8a863029-f435-446a-821e-275f4f641165,CC_BY_NC_4_0,True,True,1,1,4160918090,False,False,,gbif_20260923T091718Z/page_year-2023_offset-000000.json,2026-09-23T09:18:20Z
611476798c9ef829,6195298439,2023-06-19,2023-06-19T17:36:35Z,1.0,2023,6,ete_ouvrieres,47.229,-1.553,,inconnue,44109,Nantes,44,"Vespa velutina Lepeletier, 1836",SPECIES,HUMAN_OBSERVATION,iNaturalist,50c9509d-22c7-4a22-a47d-8c48425ef4a7,CC_BY_NC_4_0,True,True,1,1,6195298439,False,False,Q08_incertitude_connue,gbif_20260923T091718Z/page_year-2023_offset-000000.json,2026-09-23T09:18:20Z
0c3ab3b066eb90af,4408471545,2023-07-02,,1.0,2023,7,ete_ouvrieres,46.789,-1.022,8.0,precise_100m,85192,Rochetrejoux,85,"Vespa velutina Lepeletier, 1836",SPECIES,HUMAN_OBSERVATION,Observation.org,8a863029-f435-446a-821e-275f4f641165,CC_BY_NC_4_0,True,True,1,1,4408471545,False,False,,gbif_20260923T091718Z/page_year-2023_offset-000000.json,2026-09-23T09:18:20Z
253b7ed39abf0085,4408544069,2023-07-03,,1.0,2023,7,ete_ouvrieres,47.69,-1.007,94.0,precise_100m,49248,Ombrée d'Anjou,49,"Vespa velutina Lepeletier, 1836",SPECIES,HUMAN_OBSERVATION,Observation.org,8a863029-f435-446a-821e-275f4f641165,CC_BY_NC_4_0,True,True,1,1,4408544069,False,True,,gbif_20260923T091718Z/page_year-2023_offset-000000.json,2026-09-23T09:18:20Z
f7b62bb46a51c824,4172262304,2023-07-09,2023-07-09T07:49:57Z,1.0,2023,7,ete_ouvrieres,46.483,-0.787,,inconnue,85167,L'Orbrie,85,"Vespa velutina Lepeletier, 1836",SPECIES,HUMAN_OBSERVATION,iNaturalist,50c9509d-22c7-4a22-a47d-8c48425ef4a7,CC_BY_NC_4_0,True,True,1,1,4172262304,False,True,Q08_incertitude_connue,gbif_20260923T091718Z/page_year-2023_offset-000000.json,2026-09-23T09:18:20Z
fd4cf1685033e1d6,4153617679,2023-07-10,2023-07-10T17:07:30Z,1.0,2023,7,ete_ouvrieres,48.395,-0.11,,inconnue,53246,Saint-Pierre-des-Nids,53,"Vespa velutina Lepeletier, 1836",SPECIES,HUMAN_OBSERVATION,iNaturalist,50c9509d-22c7-4a22-a47d-8c48425ef4a7,CC_BY_4_0,True,False,1,1,4153617679,False,False,Q08_incertitude_connue,gbif_20260923T091718Z/page_year-2023_offset-000000.json,2026-09-23T09:18:20Z
9199245bc746077f,4978590550,2023-07-13,2023-07-13T14:05:00Z,1.0,2023,7,ete_ouvrieres,47.268,-1.55,4.0,precise_100m,44035,La Chapelle-sur-Erdre,44,"Vespa velutina nigrithorax Buysson, 1905",SUBSPECIES,HUMAN_OBSERVATION,iNaturalist,50c9509d-22c7-4a22-a47d-8c48425ef4a7,CC_BY_NC_4_0,True,True,1,1,4978590550,False,False,,gbif_20260923T091718Z/page_year-2023_offset-000000.json,2026-09-23T09:18:20Z
7d359bf0a036dbb0,4165888345,2023-07-20,2023-07-20T12:34:01Z,1.0,2023,7,ete_ouvrieres,47.22,-1.573,6.0,precise_100m,44109,Nantes,44,"Vespa velutina Lepeletier, 1836",SPECIES,HUMAN_OBSERVATION,iNaturalist,50c9509d-22c7-4a22-a47d-8c48425ef4a7,CC_BY_NC_4_0,True,True,1,1,4165888345,False,False,,gbif_20260923T091718Z/page_year-2023_offset-000000.json,2026-09-23T09:18:20Z
6c41cf3b20d787f7,4165682387,2023-07-22,2023-07-22T17:05:31Z,1.0,2023,7,ete_ouvrieres,47.159,-2.167,10.0,precise_100m,44126,La Plaine-sur-Mer,44,"Vespa velutina Lepeletier, 1836",SPECIES,HUMAN_OBSERVATION,iNaturalist,50c9509d-22c7-4a22-a47d-8c48425ef4a7,CC_BY_NC_4_0,True,True,1,1,4165682387,False,False,,gbif_20260923T091718Z/page_year-2023_offset-000000.json,2026-09-23T09:18:20Z
d6d2e254503ed8c8,4978533409,2023-07-24,2023-07-24T15:44:00Z,1.0,2023,7,ete_ouvrieres,47.156,-1.4,2540.0,faible_5km,44070,La Haie-Fouassière,44,"Vespa velutina nigrithorax Buysson, 1905",SUBSPECIES,HUMAN_OBSERVATION,iNaturalist,50c9509d-22c7-4a22-a47d-8c48425ef4a7,CC_BY_NC_4_0,True,True,1,1,4978533409,False,True,,gbif_20260923T091718Z/page_year-2023_offset-000000.json,2026-09-23T09:18:20Z
2bc2af33ed05ec49,4409856985,2023-07-26,,1.0,2023,7,ete_ouvrieres,47.462,-0.598,35.0,precise_100m,49007,Angers,49,"Vespa velutina Lepeletier, 1836",SPECIES,HUMAN_OBSERVATION,Observation.org,8a863029-f435-446a-821e-275f4f641165,CC_BY_NC_4_0,True,True,1,1,4409856985,False,False,,gbif_20260923T091718Z/page_year-2023_offset-000000.json,2026-09-23T09:18:20Z
7e53b325e62f7c9e,4410180708,2023-07-29,,1.0,2023,7,ete_ouvrieres,46.678,-1.096,16.0,precise_100m,85051,Chantonnay,85,"Vespa velutina Lepeletier, 1836",SPECIES,HUMAN_OBSERVATION,Observation.org,8a863029-f435-446a-821e-275f4f641165,CC_BY_NC_4_0,True,True,1,1,4410180708,False,False,,gbif_20260923T091718Z/page_year-2023_offset-000000.json,2026-09-23T09:18:20Z
311e106d4e84dc02,6195678422,2023-07-30,2023-07-30T13:32:41Z,1.0,2023,7,ete_ouvrieres,47.201,-1.586,,inconnue,44109,Nantes,44,"Vespa velutina Lepeletier, 1836",SPECIES,HUMAN_OBSERVATION,iNaturalist,50c9509d-22c7-4a22-a47d-8c48425ef4a7,CC_BY_NC_4_0,True,True,1,1,6195678422,False,False,Q08_incertitude_connue,gbif_20260923T091718Z/page_year-2023_offset-000000.json,2026-09-23T09:18:20Z
313ee3034d1a00b2,4424365266,2023-07-30,2023-07-30T12:51:00Z,1.0,2023,7,ete_ouvrieres,47.226,-1.554,43.0,precise_100m,44109,Nantes,44,"Vespa velutina Lepeletier, 1836",SPECIES,HUMAN_OBSERVATION,iNaturalist,50c9509d-22c7-4a22-a47d-8c48425ef4a7,CC_BY_4_0,True,False,1,1,4424365266,False,False,,gbif_20260923T091718Z/page_year-2023_offset-000000.json,2026-09-23T09:18:20Z
5f8a82fb76241dad,4171840078,2023-07-30,2023-07-30T13:06:00Z,1.0,2023,7,ete_ouvrieres,47.495,-0.503,61.0,precise_100m,49129,Écouflant,49,"Vespa velutina Lepeletier, 1836",SPECIES,HUMAN_OBSERVATION,iNaturalist,50c9509d-22c7-4a22-a47d-8c48425ef4a7,CC_BY_NC_4_0,True,True,1,1,4171840078,False,True,,gbif_20260923T091718Z/page_year-2023_offset-000000.json,2026-09-23T09:18:20Z
0ec8ded20539fe50,4424445880,2023-07-31,2023-07-31T12:53:00Z,1.0,2023,7,ete_ouvrieres,47.218,-1.549,31.0,precise_100m,44109,Nantes,44,"Vespa velutina Lepeletier, 1836",SPECIES,HUMAN_OBSERVATION,iNaturalist,50c9509d-22c7-4a22-a47d-8c48425ef4a7,CC_BY_4_0,True,False,1,1,4424445880,False,False,,gbif_20260923T091718Z/page_year-2023_offset-000000.json,2026-09-23T09:18:20Z
ce22f516ed118ac3,4177496321,2023-08-01,2023-08-01T10:36:42Z,1.0,2023,8,ete_ouvrieres,47.222,-1.525,,inconnue,44109,Nantes,44,"Vespa velutina Lepeletier, 1836",SPECIES,HUMAN_OBSERVATION,iNaturalist,50c9509d-22c7-4a22-a47d-8c48425ef4a7,CC_BY_NC_4_0,True,True,1,1,4177496321,False,False,Q08_incertitude_connue,gbif_20260923T091718Z/page_year-2023_offset-000000.json,2026-09-23T09:18:20Z
9d13fd694e682a15,4459533835,2023-08-04,,1.0,2023,8,ete_ouvrieres,46.572,-0.771,10.0,precise_100m,85305,Vouvant,85,"Vespa velutina Lepeletier, 1836",SPECIES,HUMAN_OBSERVATION,Observation.org,8a863029-f435-446a-821e-275f4f641165,CC_BY_NC_4_0,True,True,1,1,4459533835,False,True,,gbif_20260923T091718Z/page_year-2023_offset-000000.json,2026-09-23T09:18:20Z
c96bab76b11ce3bb,4410040267,2023-08-04,,1.0,2023,8,ete_ouvrieres,47.243,-1.56,26.0,precise_100m,44109,Nantes,44,"Vespa velutina Lepeletier, 1836",SPECIES,HUMAN_OBSERVATION,Observation.org,8a863029-f435-446a-821e-275f4f641165,CC_BY_NC_4_0,True,True,1,1,4410040267,False,False,,gbif_20260923T091718Z/page_year-2023_offset-000000.json,2026-09-23T09:18:20Z
61a3fbba2edf8952,4408997150,2023-08-06,,1.0,2023,8,ete_ouvrieres,47.502,-0.571,,inconnue,49007,Angers,49,"Vespa velutina Lepeletier, 1836",SPECIES,HUMAN_OBSERVATION,Observation.org,8a863029-f435-446a-821e-275f4f641165,CC_BY_NC_4_0,True,True,1,1,4408997150,False,False,Q08_incertitude_connue,gbif_20260923T091718Z/page_year-2023_offset-000000.json,2026-09-23T09:18:20Z
a0c00aedf72a1b41,4410424232,2023-08-06,,1.0,2023,8,ete_ouvrieres,47.258,-0.075,25.0,precise_100m,49328,Saumur,49,"Vespa velutina Lepeletier, 1836",SPECIES,HUMAN_OBSERVATION,Observation.org,8a863029-f435-446a-821e-275f4f641165,CC_BY_NC_4_0,True,True,1,1,4410424232,False,False,,gbif_20260923T091718Z/page_year-2023_offset-000000.json,2026-09-23T09:18:20Z
de6b36026a9dd2c5,4410331038,2023-08-06,,1.0,2023,8,ete_ouvrieres,47.133,-0.154,59.0,precise_100m,49215,Montreuil-Bellay,49,"Vespa velutina Lepeletier, 1836",SPECIES,HUMAN_OBSERVATION,Observation.org,8a863029-f435-446a-821e-275f4f641165,CC_BY_NC_4_0,True,True,1,1,4410331038,False,False,,gbif_20260923T091718Z/page_year-2023_offset-000000.json,2026-09-23T09:18:20Z
521735f51e1ed228,4177234311,2023-08-09,2023-08-09T14:43:40Z,1.0,2023,8,ete_ouvrieres,46.465,-0.807,135.0,moyenne_1km,85092,Fontenay-le-Comte,85,"Vespa velutina Lepeletier, 1836",SPECIES,HUMAN_OBSERVATION,iNaturalist,50c9509d-22c7-4a22-a47d-8c48425ef4a7,CC_BY_NC_4_0,True,True,1,1,4177234311,False,False,,gbif_20260923T091718Z/page_year-2023_offset-000000.json,2026-09-23T09:18:20Z
872c8fdd33bd9114,4410542824,2023-08-09,,1.0,2023,8,ete_ouvrieres,47.223,-1.553,5.0,precise_100m,44109,Nantes,44,"Vespa velutina Lepeletier, 1836",SPECIES,HUMAN_OBSERVATION,Observation.org,8a863029-f435-446a-821e-275f4f641165,CC_BY_NC_4_0,True,True,1,1,4410542824,False,False,,gbif_20260923T091718Z/page_year-2023_offset-000000.json,2026-09-23T09:18:20Z
912643e9de4b3556,4410483183,2023-08-13,,1.0,2023,8,ete_ouvrieres,47.293,-0.141,2.0,precise_100m,49328,Saumur,49,"Vespa velutina Lepeletier, 1836",SPECIES,HUMAN_OBSERVATION,Observation.org,8a863029-f435-446a-821e-275f4f641165,CC_BY_NC_4_0,True,True,2,1,4410155120;4410483183,False,False,,gbif_20260923T091718Z/page_year-2023_offset-000000.json,2026-09-23T09:18:20Z
15d6a3e7f78407a5,4410515733,2023-08-14,,1.0,2023,8,ete_ouvrieres,46.436,-1.461,6.0,precise_100m,85022,Le Bernard,85,"Vespa velutina Lepeletier, 1836",SPECIES,HUMAN_OBSERVATION,Observation.org,8a863029-f435-446a-821e-275f4f641165,CC_BY_NC_4_0,True,True,1,1,4410515733,False,True,,gbif_20260923T091718Z/page_year-2023_offset-000000.json,2026-09-23T09:18:20Z
bbe0bb4db3a84977,4410317547,2023-08-15,,1.0,2023,8,ete_ouvrieres,46.677,-1.097,16.0,precise_100m,85051,Chantonnay,85,"Vespa velutina Lepeletier, 1836",SPECIES,HUMAN_OBSERVATION,Observation.org,8a863029-f435-446a-821e-275f4f641165,CC_BY_NC_4_0,True,True,1,1,4410317547,False,False,,gbif_20260923T091718Z/page_year-2023_offset-000000.json,2026-09-23T09:18:20Z
e68cf0b90df6ed88,4410256212,2023-08-15,,1.0,2023,8,ete_ouvrieres,47.257,-0.071,8.0,precise_100m,49328,Saumur,49,"Vespa velutina Lepeletier, 1836",SPECIES,HUMAN_OBSERVATION,Observation.org,8a863029-f435-446a-821e-275f4f641165,CC_BY_NC_4_0,True,True,1,1,4410256212,False,False,,gbif_20260923T091718Z/page_year-2023_offset-000000.json,2026-09-23T09:18:20Z
8a4392e3a73ed7a7,4410801384,2023-08-18,,1.0,2023,8,ete_ouvrieres,46.572,-1.117,5.0,precise_100m,85223,Saint-Jean-d'Hermine,85,"Vespa velutina Lepeletier, 1836",SPECIES,HUMAN_OBSERVATION,Observation.org,8a863029-f435-446a-821e-275f4f641165,CC_BY_NC_4_0,True,True,1,1,4410801384,False,False,,gbif_20260923T091718Z/page_year-2023_offset-000000.json,2026-09-23T09:18:20Z
53651b145b8f849e,6195419068,2023-08-19,2023-08-19T09:03:00Z,1.0,2023,8,ete_ouvrieres,47.293,-1.402,61.0,precise_100m,44094,Mauves-sur-Loire,44,"Vespa velutina Lepeletier, 1836",SPECIES,HUMAN_OBSERVATION,iNaturalist,50c9509d-22c7-4a22-a47d-8c48425ef4a7,CC_BY_NC_4_0,True,True,1,1,6195419068,False,False,,gbif_20260923T091718Z/page_year-2023_offset-000000.json,2026-09-23T09:18:20Z
83437e56b9328b28,6195887903,2023-08-19,2023-08-19T09:29:00Z,1.0,2023,8,ete_ouvrieres,47.292,-1.403,61.0,precise_100m,44094,Mauves-sur-Loire,44,"Vespa velutina Lepeletier, 1836",SPECIES,HUMAN_OBSERVATION,iNaturalist,50c9509d-22c7-4a22-a47d-8c48425ef4a7,CC_BY_NC_4_0,True,True,1,1,6195887903,False,False,,gbif_20260923T091718Z/page_year-2023_offset-000000.json,2026-09-23T09:18:20Z
2004d7f7a8885bcd,4405074291,2023-08-26,2023-08-26T14:06:28Z,1.0,2023,8,ete_ouvrieres,47.365,-0.525,7.0,precise_100m,49338,Soulaines-sur-Aubance,49,"Vespa velutina Lepeletier, 1836",SPECIES,HUMAN_OBSERVATION,iNaturalist,50c9509d-22c7-4a22-a47d-8c48425ef4a7,CC_BY_NC_4_0,True,True,1,1,4405074291,False,True,,gbif_20260923T091718Z/page_year-2023_offset-000000.json,2026-09-23T09:18:20Z
2b288204dc805c6a,6195841034,2023-08-26,2023-08-26T14:06:00Z,1.0,2023,8,ete_ouvrieres,47.295,-1.404,15.0,precise_100m,44094,Mauves-sur-Loire,44,"Vespa velutina Lepeletier, 1836",SPECIES,HUMAN_OBSERVATION,iNaturalist,50c9509d-22c7-4a22-a47d-8c48425ef4a7,CC_BY_NC_4_0,True,True,1,1,6195841034,False,False,,gbif_20260923T091718Z/page_year-2023_offset-000000.json,2026-09-23T09:18:20Z
7e6f9efd1ce82e66,4459671544,2023-08-28,,1.0,2023,8,ete_ouvrieres,46.841,-1.301,8.0,precise_100m,85064,Chauché,85,"Vespa velutina Lepeletier, 1836",SPECIES,HUMAN_OBSERVATION,Observation.org,8a863029-f435-446a-821e-275f4f641165,CC_BY_NC_4_0,True,True,1,1,4459671544,False,True,,gbif_20260923T091718Z/page_year-2023_offset-000000.json,2026-09-23T09:18:20Z
64f36cee59232d56,4410890471,2023-08-29,,1.0,2023,8,ete_ouvrieres,47.243,-1.557,10.0,precise_100m,44109,Nantes,44,"Vespa velutina Lepeletier, 1836",SPECIES,HUMAN_OBSERVATION,Observation.org,8a863029-f435-446a-821e-275f4f641165,CC_BY_NC_4_0,True,True,1,1,4410890471,False,False,,gbif_20260923T091718Z/page_year-2023_offset-000000.json,2026-09-23T09:18:20Z
687904f8c1e93967,4460603705,2023-08-31,,1.0,2023,8,ete_ouvrieres,46.788,-2.069,,inconnue,85234,Saint-Jean-de-Monts,85,"Vespa velutina Lepeletier, 1836",SPECIES,HUMAN_OBSERVATION,Observation.org,8a863029-f435-446a-821e-275f4f641165,CC_BY_NC_4_0,True,True,1,1,4460603705,False,False,Q08_incertitude_connue,gbif_20260923T091718Z/page_year-2023_offset-000000.json,2026-09-23T09:18:20Z
8422e16ff9164562,4460696113,2023-08-31,,1.0,2023,8,ete_ouvrieres,47.364,-2.35,35.0,precise_100m,44175,Saint-Lyphard,44,"Vespa velutina Lepeletier, 1836",SPECIES,HUMAN_OBSERVATION,Observation.org,8a863029-f435-446a-821e-275f4f641165,CC_BY_NC_4_0,True,True,1,1,4460696113,False,False,,gbif_20260923T091718Z/page_year-2023_offset-000000.json,2026-09-23T09:18:20Z
577b912d2d896a3f,6195714280,2023-09-02,2023-09-02T13:57:00Z,1.0,2023,9,automne_reproduction,47.295,-1.404,61.0,precise_100m,44094,Mauves-sur-Loire,44,"Vespa velutina Lepeletier, 1836",SPECIES,HUMAN_OBSERVATION,iNaturalist,50c9509d-22c7-4a22-a47d-8c48425ef4a7,CC_BY_NC_4_0,True,True,1,1,6195714280,False,False,,gbif_20260923T091718Z/page_year-2023_offset-000000.json,2026-09-23T09:18:20Z
0e68660c7c46bb09,5015232637,2023-09-04,2023-09-03T22:00:00Z,1.0,2023,9,automne_reproduction,47.218,-1.542,25.0,precise_100m,44109,Nantes,44,"Vespa velutina Lepeletier, 1836",SPECIES,HUMAN_OBSERVATION,Autre inventaire,6ac3f774-d9fb-4796-b3e9-92bf6c81c084,CC_BY_4_0,True,False,1,1,5015232637,False,False,,gbif_20260923T091718Z/page_year-2023_offset-000000.json,2026-09-23T09:18:20Z
8a4f5a937a17b957,4461832806,2023-09-05,,1.0,2023,9,automne_reproduction,46.678,-1.096,8.0,precise_100m,85051,Chantonnay,85,"Vespa velutina Lepeletier, 1836",SPECIES,HUMAN_OBSERVATION,Observation.org,8a863029-f435-446a-821e-275f4f641165,CC_BY_NC_4_0,True,True,1,1,4461832806,False,False,,gbif_20260923T091718Z/page_year-2023_offset-000000.json,2026-09-23T09:18:20Z
d5990cf11993aab5,4459769699,2023-09-07,,1.0,2023,9,automne_reproduction,47.249,-1.452,,inconnue,44172,Sainte-Luce-sur-Loire,44,"Vespa velutina nigrithorax Buysson, 1905",SUBSPECIES,HUMAN_OBSERVATION,Observation.org,8a863029-f435-446a-821e-275f4f641165,CC_BY_NC_4_0,True,True,1,1,4459769699,False,False,Q08_incertitude_connue,gbif_20260923T091718Z/page_year-2023_offset-000000.json,2026-09-23T09:18:20Z
4cccc8ca23189de9,4414331704,2023-09-14,2023-09-14T11:26:08Z,1.0,2023,9,automne_reproduction,47.225,-1.554,6.0,precise_100m,44109,Nantes,44,"Vespa velutina Lepeletier, 1836",SPECIES,HUMAN_OBSERVATION,iNaturalist,50c9509d-22c7-4a22-a47d-8c48425ef4a7,CC_BY_NC_4_0,True,True,1,1,4414331704,False,False,,gbif_20260923T091718Z/page_year-2023_offset-000000.json,2026-09-23T09:18:20Z
a024eed2b1f403d6,6195944563,2023-09-14,2023-09-14T09:10:31Z,1.0,2023,9,automne_reproduction,47.281,-1.524,,inconnue,44109,Nantes,44,"Vespa velutina nigrithorax Buysson, 1905",SUBSPECIES,HUMAN_OBSERVATION,iNaturalist,50c9509d-22c7-4a22-a47d-8c48425ef4a7,CC_BY_NC_4_0,True,True,1,1,6195944563,False,False,Q08_incertitude_connue,gbif_20260923T091718Z/page_year-2023_offset-000000.json,2026-09-23T09:18:20Z
acb651f641334b4e,4414061929,2023-09-17,2023-09-17T12:38:00Z,1.0,2023,9,automne_reproduction,47.478,-0.558,31.0,precise_100m,49007,Angers,49,"Vespa velutina nigrithorax Buysson, 1905",SUBSPECIES,HUMAN_OBSERVATION,iNaturalist,50c9509d-22c7-4a22-a47d-8c48425ef4a7,CC_BY_NC_4_0,True,True,1,1,4414061929,False,False,,gbif_20260923T091718Z/page_year-2023_offset-000000.json,2026-09-23T09:18:20Z
08e159675c64d738,4595353277,2023-09-30,,1.0,2023,9,automne_reproduction,47.471,-0.548,,inconnue,49007,Angers,49,"Vespa velutina Lepeletier, 1836",SPECIES,HUMAN_OBSERVATION,SPIPOLL,0797c245-3f7f-42db-b822-550a36b2a922,CC_BY_4_0,True,False,1,1,4595353277,False,False,Q08_incertitude_connue,gbif_20260923T091718Z/page_year-2023_offset-000000.json,2026-09-23T09:18:20Z
fbb62573f9760a35,4420741650,2023-09-30,2023-09-30T10:38:06Z,1.0,2023,9,automne_reproduction,47.36,-2.187,88.0,precise_100m,44176,Saint-Malo-de-Guersac,44,"Vespa velutina nigrithorax Buysson, 1905",SUBSPECIES,HUMAN_OBSERVATION,iNaturalist,50c9509d-22c7-4a22-a47d-8c48425ef4a7,CC_BY_NC_4_0,True,True,1,1,4420741650,False,True,,gbif_20260923T091718Z/page_year-2023_offset-000000.json,2026-09-23T09:18:20Z
62be716580b025d9,6195591797,2023-10-03,2023-10-03T08:32:57Z,1.0,2023,10,automne_reproduction,47.281,-1.524,,inconnue,44109,Nantes,44,"Vespa velutina nigrithorax Buysson, 1905",SUBSPECIES,HUMAN_OBSERVATION,iNaturalist,50c9509d-22c7-4a22-a47d-8c48425ef4a7,CC_BY_NC_4_0,True,True,1,1,6195591797,False,False,Q08_incertitude_connue,gbif_20260923T091718Z/page_year-2023_offset-000000.json,2026-09-23T09:18:20Z
79081338615c877e,4887090783,2023-10-05,,1.0,2023,10,automne_reproduction,47.83,-0.984,5.0,precise_100m,53084,Craon,53,"Vespa velutina Lepeletier, 1836",SPECIES,HUMAN_OBSERVATION,Observation.org,8a863029-f435-446a-821e-275f4f641165,CC_BY_NC_4_0,True,True,1,1,4887090783,False,False,,gbif_20260923T091718Z/page_year-2023_offset-000000.json,2026-09-23T09:18:20Z
89a86a22022ef9e5,4424414941,2023-10-07,2023-10-07T07:38:00Z,1.0,2023,10,automne_reproduction,47.462,-0.554,5.0,precise_100m,49007,Angers,49,"Vespa velutina Lepeletier, 1836",SPECIES,HUMAN_OBSERVATION,iNaturalist,50c9509d-22c7-4a22-a47d-8c48425ef4a7,CC_BY_NC_4_0,True,True,1,1,4424414941,False,False,,gbif_20260923T091718Z/page_year-2023_offset-000000.json,2026-09-23T09:18:20Z
fab86ccd5bddc345,4424412289,2023-10-08,2023-10-08T16:44:00Z,1.0,2023,10,automne_reproduction,48.293,-0.157,2.0,precise_100m,53236,Saint-Mars-du-Désert,53,"Vespa velutina Lepeletier, 1836",SPECIES,HUMAN_OBSERVATION,iNaturalist,50c9509d-22c7-4a22-a47d-8c48425ef4a7,CC_BY_4_0,True,False,1,1,4424412289,False,True,,gbif_20260923T091718Z/page_year-2023_offset-000000.json,2026-09-23T09:18:20Z
5ff3570aacaf52dc,4595255907,2023-10-09,,1.0,2023,10,automne_reproduction,47.236,-0.097,,inconnue,49328,Saumur,49,"Vespa velutina Lepeletier, 1836",SPECIES,HUMAN_OBSERVATION,SPIPOLL,0797c245-3f7f-42db-b822-550a36b2a922,CC_BY_4_0,True,False,1,1,4595255907,False,False,Q08_incertitude_connue,gbif_20260923T091718Z/page_year-2023_offset-000000.json,2026-09-23T09:18:20Z
d5b8c7304ee6b115,4460755003,2023-10-10,,1.0,2023,10,automne_reproduction,47.22,-1.541,5.0,precise_100m,44109,Nantes,44,"Vespa velutina nigrithorax Buysson, 1905",SUBSPECIES,HUMAN_OBSERVATION,Observation.org,8a863029-f435-446a-821e-275f4f641165,CC_BY_NC_4_0,True,True,1,1,4460755003,False,False,,gbif_20260923T091718Z/page_year-2023_offset-000000.json,2026-09-23T09:18:20Z
f7d4510575882c03,4595524567,2023-10-10,,1.0,2023,10,automne_reproduction,47.474,-0.547,,inconnue,49007,Angers,49,"Vespa velutina Lepeletier, 1836",SPECIES,HUMAN_OBSERVATION,SPIPOLL,0797c245-3f7f-42db-b822-550a36b2a922,CC_BY_4_0,True,False,1,1,4595524567,False,False,Q08_incertitude_connue,gbif_20260923T091718Z/page_year-2023_offset-000000.json,2026-09-23T09:18:20Z
173a38002c1ac75a,4431099526,2023-10-15,2023-10-15T13:27:00Z,1.0,2023,10,automne_reproduction,47.362,-0.686,15.0,precise_100m,49259,Rochefort-sur-Loire,49,"Vespa velutina Lepeletier, 1836",SPECIES,HUMAN_OBSERVATION,iNaturalist,50c9509d-22c7-4a22-a47d-8c48425ef4a7,CC_BY_NC_4_0,True,True,1,1,4431099526,False,False,,gbif_20260923T091718Z/page_year-2023_offset-000000.json,2026-09-23T09:18:20Z
b0dea96aa5ed3c9b,6195589739,2023-10-17,2023-10-17T11:05:20Z,1.0,2023,10,automne_reproduction,47.292,-1.53,,inconnue,44109,Nantes,44,"Vespa velutina Lepeletier, 1836",SPECIES,HUMAN_OBSERVATION,iNaturalist,50c9509d-22c7-4a22-a47d-8c48425ef4a7,CC_BY_NC_4_0,True,True,1,1,6195589739,False,False,Q08_incertitude_connue,gbif_20260923T091718Z/page_year-2023_offset-000000.json,2026-09-23T09:18:20Z
bb40a41dc736d226,5087289102,2023-10-17,2023-10-17T10:31:12Z,1.0,2023,10,automne_reproduction,47.209,-1.607,8.0,precise_100m,44109,Nantes,44,"Vespa velutina Lepeletier, 1836",SPECIES,HUMAN_OBSERVATION,iNaturalist,50c9509d-22c7-4a22-a47d-8c48425ef4a7,CC_BY_NC_4_0,True,True,1,1,5087289102,False,False,,gbif_20260923T091718Z/page_year-2023_offset-000000.json,2026-09-23T09:18:20Z
573d93b30a827aa4,4430694805,2023-10-19,2023-10-19T13:10:00Z,1.0,2023,10,automne_reproduction,47.488,-0.516,31.0,precise_100m,49007,Angers,49,"Vespa velutina Lepeletier, 1836",SPECIES,HUMAN_OBSERVATION,iNaturalist,50c9509d-22c7-4a22-a47d-8c48425ef4a7,CC_BY_NC_4_0,True,True,1,1,4430694805,False,False,,gbif_20260923T091718Z/page_year-2023_offset-000000.json,2026-09-23T09:18:20Z
035b7c053ff970e1,4436112537,2023-10-25,2023-10-25T08:11:06Z,1.0,2023,10,automne_reproduction,47.282,-1.522,19.0,precise_100m,44109,Nantes,44,"Vespa velutina Lepeletier, 1836",SPECIES,HUMAN_OBSERVATION,iNaturalist,50c9509d-22c7-4a22-a47d-8c48425ef4a7,CC_BY_NC_4_0,True,True,1,1,4436112537,False,False,,gbif_20260923T091718Z/page_year-2023_offset-000000.json,2026-09-23T09:18:20Z
7179dbf874c36a91,4890216243,2023-10-29,,1.0,2023,10,automne_reproduction,47.282,-0.114,5.0,precise_100m,49328,Saumur,49,"Vespa velutina nigrithorax Buysson, 1905",SUBSPECIES,HUMAN_OBSERVATION,Observation.org,8a863029-f435-446a-821e-275f4f641165,CC_BY_NC_4_0,True,True,1,1,4890216243,False,False,,gbif_20260923T091718Z/page_year-2023_offset-000000.json,2026-09-23T09:18:20Z
8a1fa52ad163f677,4436484784,2023-10-31,2023-10-31T09:59:15Z,1.0,2023,10,automne_reproduction,48.395,-0.109,,inconnue,53246,Saint-Pierre-des-Nids,53,"Vespa velutina Lepeletier, 1836",SPECIES,HUMAN_OBSERVATION,iNaturalist,50c9509d-22c7-4a22-a47d-8c48425ef4a7,CC_BY_4_0,True,False,1,1,4436484784,False,False,Q08_incertitude_connue,gbif_20260923T091718Z/page_year-2023_offset-000000.json,2026-09-23T09:18:20Z
7b86c1fef7dab1c2,4439001901,2023-11-05,2023-11-05T11:34:16Z,1.0,2023,11,automne_reproduction,48.395,-0.109,4.0,precise_100m,53246,Saint-Pierre-des-Nids,53,"Vespa velutina Lepeletier, 1836",SPECIES,HUMAN_OBSERVATION,iNaturalist,50c9509d-22c7-4a22-a47d-8c48425ef4a7,CC_BY_4_0,True,False,1,1,4439001901,False,False,,gbif_20260923T091718Z/page_year-2023_offset-000000.json,2026-09-23T09:18:20Z
85d4b41d60cd3e82,4956873519,2023-11-06,,1.0,2023,11,automne_reproduction,47.216,0.05,4.0,precise_100m,49219,Montsoreau,49,"Vespa velutina Lepeletier, 1836",SPECIES,HUMAN_OBSERVATION,Observation.org,8a863029-f435-446a-821e-275f4f641165,CC_BY_NC_4_0,True,True,1,1,4956873519,False,False,,gbif_20260923T091718Z/page_year-2023_offset-000000.json,2026-09-23T09:18:20Z
3b0e74f1a6deeccb,4440915268,2023-11-10,2023-11-10T09:30:17Z,1.0,2023,11,automne_reproduction,48.395,-0.109,3.0,precise_100m,53246,Saint-Pierre-des-Nids,53,"Vespa velutina Lepeletier, 1836",SPECIES,HUMAN_OBSERVATION,iNaturalist,50c9509d-22c7-4a22-a47d-8c48425ef4a7,CC_BY_4_0,True,False,1,1,4440915268,False,False,,gbif_20260923T091718Z/page_year-2023_offset-000000.json,2026-09-23T09:18:20Z
6df267b9343f6f86,4459984616,2023-11-15,,1.0,2023,11,automne_reproduction,46.684,-1.063,5.0,precise_100m,85051,Chantonnay,85,"Vespa velutina Lepeletier, 1836",SPECIES,HUMAN_OBSERVATION,Observation.org,8a863029-f435-446a-821e-275f4f641165,CC_BY_NC_4_0,True,True,1,1,4459984616,False,False,,gbif_20260923T091718Z/page_year-2023_offset-000000.json,2026-09-23T09:18:20Z
3c8832d620d3c863,4442465921,2023-11-21,2023-11-21T13:57:00Z,1.0,2023,11,automne_reproduction,47.489,-0.522,15.0,precise_100m,49007,Angers,49,"Vespa velutina nigrithorax Buysson, 1905",SUBSPECIES,HUMAN_OBSERVATION,iNaturalist,50c9509d-22c7-4a22-a47d-8c48425ef4a7,CC_BY_NC_4_0,True,True,1,1,4442465921,False,False,,gbif_20260923T091718Z/page_year-2023_offset-000000.json,2026-09-23T09:18:20Z
6d03aab88ce7ac02,4458502488,2023-12-05,2023-12-05T08:18:00Z,1.0,2023,12,hiver_hivernage,47.479,-0.555,31.0,precise_100m,49007,Angers,49,"Vespa velutina nigrithorax Buysson, 1905",SUBSPECIES,HUMAN_OBSERVATION,iNaturalist,50c9509d-22c7-4a22-a47d-8c48425ef4a7,CC_BY_NC_4_0,True,True,1,1,4458502488,False,False,,gbif_20260923T091718Z/page_year-2023_offset-000000.json,2026-09-23T09:18:20Z
d7db4cbeaa8e9c28,4465445687,2023-12-06,2023-12-06T15:09:00Z,1.0,2023,12,hiver_hivernage,47.5,-0.506,31.0,precise_100m,49129,Écouflant,49,"Vespa velutina nigrithorax Buysson, 1905",SUBSPECIES,HUMAN_OBSERVATION,iNaturalist,50c9509d-22c7-4a22-a47d-8c48425ef4a7,CC_BY_NC_4_0,True,True,1,1,4465445687,False,False,,gbif_20260923T091718Z/page_year-2023_offset-000000.json,2026-09-23T09:18:20Z
a67a212284b17180,4500828024,2023-12-13,2023-12-13T14:01:00Z,1.0,2023,12,hiver_hivernage,47.489,-0.519,8.0,precise_100m,49007,Angers,49,"Vespa velutina nigrithorax Buysson, 1905",SUBSPECIES,HUMAN_OBSERVATION,iNaturalist,50c9509d-22c7-4a22-a47d-8c48425ef4a7,CC_BY_NC_4_0,True,True,1,1,4500828024,False,False,,gbif_20260923T091718Z/page_year-2023_offset-000000.json,2026-09-23T09:18:20Z
181cc52147cd9648,4516435220,2024-01-23,2024-01-23T13:19:29Z,1.0,2024,1,hiver_hivernage,47.486,-0.522,4.0,precise_100m,49007,Angers,49,"Vespa velutina nigrithorax Buysson, 1905",SUBSPECIES,HUMAN_OBSERVATION,iNaturalist,50c9509d-22c7-4a22-a47d-8c48425ef4a7,CC_BY_NC_4_0,True,True,1,1,4516435220,False,False,,gbif_20260923T091718Z/page_year-2024_offset-000000.json,2026-09-23T09:18:20Z
bddedb92db98e253,4516903625,2024-01-24,2024-01-24T11:53:00Z,1.0,2024,1,hiver_hivernage,47.487,-0.514,31.0,precise_100m,49007,Angers,49,"Vespa velutina nigrithorax Buysson, 1905",SUBSPECIES,HUMAN_OBSERVATION,iNaturalist,50c9509d-22c7-4a22-a47d-8c48425ef4a7,CC_BY_NC_4_0,True,True,1,1,4516903625,False,False,,gbif_20260923T091718Z/page_year-2024_offset-000000.json,2026-09-23T09:18:20Z
38ec6bdf1d40f8e5,4852262186,2024-01-31,2024-01-31T16:07:31Z,1.0,2024,1,hiver_hivernage,47.405,-2.292,,inconnue,44175,Saint-Lyphard,44,"Vespa velutina Lepeletier, 1836",SPECIES,HUMAN_OBSERVATION,iNaturalist,50c9509d-22c7-4a22-a47d-8c48425ef4a7,CC_BY_NC_4_0,True,True,1,1,4852262186,False,False,Q08_incertitude_connue,gbif_20260923T091718Z/page_year-2024_offset-000000.json,2026-09-23T09:18:20Z
6814a114e7264522,4885657083,2024-02-15,,1.0,2024,2,printemps_fondatrices,46.671,-1.436,5.0,precise_100m,85191,La Roche-sur-Yon,85,"Vespa velutina nigrithorax Buysson, 1905",SUBSPECIES,HUMAN_OBSERVATION,Observation.org,8a863029-f435-446a-821e-275f4f641165,CC_BY_NC_4_0,True,True,1,1,4885657083,False,False,,gbif_20260923T091718Z/page_year-2024_offset-000000.json,2026-09-23T09:18:20Z
199035822a55151d,4978628641,2024-02-28,2024-02-28T20:40:00Z,1.0,2024,2,printemps_fondatrices,47.218,-1.554,4584.0,faible_5km,44109,Nantes,44,"Vespa velutina nigrithorax Buysson, 1905",SUBSPECIES,HUMAN_OBSERVATION,iNaturalist,50c9509d-22c7-4a22-a47d-8c48425ef4a7,CC_BY_NC_4_0,True,True,1,1,4978628641,False,False,,gbif_20260923T091718Z/page_year-2024_offset-000000.json,2026-09-23T09:18:20Z
00b8f76d1156951c,4599904999,2024-03-23,2024-03-23T17:24:28Z,1.0,2024,3,printemps_fondatrices,47.561,-1.546,,inconnue,44001,Abbaretz,44,"Vespa velutina Lepeletier, 1836",SPECIES,HUMAN_OBSERVATION,iNaturalist,50c9509d-22c7-4a22-a47d-8c48425ef4a7,CC_BY_NC_4_0,True,True,1,1,4599904999,False,False,Q08_incertitude_connue,gbif_20260923T091718Z/page_year-2024_offset-000000.json,2026-09-23T09:18:20Z
7151c138907c942e,4607518749,2024-03-27,2024-03-27T10:00:34Z,1.0,2024,3,printemps_fondatrices,47.489,-0.536,4.0,precise_100m,49007,Angers,49,"Vespa velutina nigrithorax Buysson, 1905",SUBSPECIES,HUMAN_OBSERVATION,iNaturalist,50c9509d-22c7-4a22-a47d-8c48425ef4a7,CC_BY_NC_4_0,True,True,1,1,4607518749,False,False,,gbif_20260923T091718Z/page_year-2024_offset-000000.json,2026-09-23T09:18:20Z
98a5e967b083e642,4607123614,2024-04-05,2024-04-05T16:16:16Z,1.0,2024,4,printemps_fondatrices,47.134,-2.247,,inconnue,44136,Préfailles,44,"Vespa velutina nigrithorax Buysson, 1905",SUBSPECIES,HUMAN_OBSERVATION,iNaturalist,50c9509d-22c7-4a22-a47d-8c48425ef4a7,CC_BY_NC_4_0,True,True,1,1,4607123614,False,True,Q08_incertitude_connue,gbif_20260923T091718Z/page_year-2024_offset-000000.json,2026-09-23T09:18:20Z
82f926928275300d,5760897027,2024-04-11,2024-04-11T09:47:57Z,1.0,2024,4,printemps_fondatrices,46.42,-1.612,35.0,precise_100m,85114,Jard-sur-Mer,85,"Vespa velutina Lepeletier, 1836",SPECIES,HUMAN_OBSERVATION,iNaturalist,50c9509d-22c7-4a22-a47d-8c48425ef4a7,CC_BY_NC_4_0,True,True,1,1,5760897027,False,False,,gbif_20260923T091718Z/page_year-2024_offset-000000.json,2026-09-23T09:18:20Z
b76dea5464c3d04b,6147330667,2024-04-19,2024-04-19T16:28:29Z,1.0,2024,4,printemps_fondatrices,46.496,-0.756,,inconnue,85256,Saint-Michel-le-Cloucq,85,"Vespa velutina nigrithorax Buysson, 1905",SUBSPECIES,HUMAN_OBSERVATION,iNaturalist,50c9509d-22c7-4a22-a47d-8c48425ef4a7,CC_BY_NC_4_0,True,True,1,1,6147330667,False,True,Q08_incertitude_connue,gbif_20260923T091718Z/page_year-2024_offset-000000.json,2026-09-23T09:18:20Z
4374870739c709a8,6195700859,2024-04-30,2024-04-30T09:07:53Z,1.0,2024,4,printemps_fondatrices,47.337,-2.489,,inconnue,44211,La Turballe,44,"Vespa velutina Lepeletier, 1836",SPECIES,HUMAN_OBSERVATION,iNaturalist,50c9509d-22c7-4a22-a47d-8c48425ef4a7,CC_BY_NC_4_0,True,True,1,1,6195700859,False,False,Q08_incertitude_connue,gbif_20260923T091718Z/page_year-2024_offset-000000.json,2026-09-23T09:18:20Z
d0183cc1a8d912fd,4863435931,2024-05-10,2024-05-10T18:08:25Z,1.0,2024,5,printemps_fondatrices,46.817,-1.903,16.0,precise_100m,85284,Soullans,85,"Vespa velutina Lepeletier, 1836",SPECIES,HUMAN_OBSERVATION,iNaturalist,50c9509d-22c7-4a22-a47d-8c48425ef4a7,CC_BY_NC_4_0,True,True,1,1,4863435931,False,True,,gbif_20260923T091718Z/page_year-2024_offset-000000.json,2026-09-23T09:18:20Z
0b595da64894da39,4863451242,2024-05-12,2024-05-12T08:06:23Z,1.0,2024,5,printemps_fondatrices,47.134,-2.241,,inconnue,44136,Préfailles,44,"Vespa velutina Lepeletier, 1836",SPECIES,HUMAN_OBSERVATION,iNaturalist,50c9509d-22c7-4a22-a47d-8c48425ef4a7,CC_BY_NC_4_0,True,True,1,1,4863451242,False,False,Q08_incertitude_connue,gbif_20260923T091718Z/page_year-2024_offset-000000.json,2026-09-23T09:18:20Z
e84579ed537f42b6,5008634875,2024-06-13,,1.0,2024,6,ete_ouvrieres,46.789,-1.021,4.0,precise_100m,85192,Rochetrejoux,85,"Vespa velutina nigrithorax Buysson, 1905",SUBSPECIES,HUMAN_OBSERVATION,Observation.org,8a863029-f435-446a-821e-275f4f641165,CC_BY_NC_4_0,True,True,2,1,5008634875;5008787741,False,False,,gbif_20260923T091718Z/page_year-2024_offset-000000.json,2026-09-23T09:18:20Z
17d750e0159b1290,6413672704,2024-07-10,2024-07-10T11:42:13Z,1.0,2024,7,ete_ouvrieres,47.216,-1.589,6.0,precise_100m,44109,Nantes,44,"Vespa velutina Lepeletier, 1836",SPECIES,HUMAN_OBSERVATION,iNaturalist,50c9509d-22c7-4a22-a47d-8c48425ef4a7,CC_BY_NC_4_0,True,True,1,1,6413672704,False,False,,gbif_20260923T091718Z/page_year-2024_offset-000000.json,2026-09-23T09:18:20Z
56c9ed5b4e7f9f4e,4956594297,2024-07-17,,1.0,2024,7,ete_ouvrieres,48.007,0.195,4.0,precise_100m,72181,Le Mans,72,"Vespa velutina nigrithorax Buysson, 1905",SUBSPECIES,HUMAN_OBSERVATION,Observation.org,8a863029-f435-446a-821e-275f4f641165,CC_BY_NC_4_0,True,True,1,1,4956594297,False,False,,gbif_20260923T091718Z/page_year-2024_offset-000000.json,2026-09-23T09:18:20Z
a4e8bf5d0ac5511f,4919194621,2024-07-27,2024-07-27T15:31:16Z,1.0,2024,7,ete_ouvrieres,47.134,-2.242,11.0,precise_100m,44136,Préfailles,44,"Vespa velutina Lepeletier, 1836",SPECIES,HUMAN_OBSERVATION,iNaturalist,50c9509d-22c7-4a22-a47d-8c48425ef4a7,CC_BY_NC_4_0,True,True,1,1,4919194621,False,False,,gbif_20260923T091718Z/page_year-2024_offset-000000.json,2026-09-23T09:18:20Z
df0983043b0762a0,4956233204,2024-07-29,,1.0,2024,7,ete_ouvrieres,47.732,0.151,5.0,precise_100m,72182,Mansigné,72,"Vespa velutina nigrithorax Buysson, 1905",SUBSPECIES,HUMAN_OBSERVATION,Observation.org,8a863029-f435-446a-821e-275f4f641165,CC_BY_NC_4_0,True,True,1,1,4956233204,False,False,,gbif_20260923T091718Z/page_year-2024_offset-000000.json,2026-09-23T09:18:20Z
6ea01f68d9748db2,4956769695,2024-07-31,,1.0,2024,7,ete_ouvrieres,47.258,-0.075,4.0,precise_100m,49328,Saumur,49,"Vespa velutina nigrithorax Buysson, 1905",SUBSPECIES,HUMAN_OBSERVATION,Observation.org,8a863029-f435-446a-821e-275f4f641165,CC_BY_NC_4_0,True,True,1,1,4956769695,False,False,,gbif_20260923T091718Z/page_year-2024_offset-000000.json,2026-09-23T09:18:20Z
8188562c17e60cb9,4956660546,2024-07-31,,1.0,2024,7,ete_ouvrieres,46.984,-2.281,4.0,precise_100m,85083,L'Épine,85,"Vespa velutina nigrithorax Buysson, 1905",SUBSPECIES,HUMAN_OBSERVATION,Observation.org,8a863029-f435-446a-821e-275f4f641165,CC_BY_NC_4_0,True,True,1,1,4956660546,False,False,,gbif_20260923T091718Z/page_year-2024_offset-000000.json,2026-09-23T09:18:20Z
bc62cca7d4575545,4955894403,2024-07-31,,1.0,2024,7,ete_ouvrieres,46.669,-1.909,4.0,precise_100m,85035,Bretignolles-sur-Mer,85,"Vespa velutina nigrithorax Buysson, 1905",SUBSPECIES,HUMAN_OBSERVATION,Observation.org,8a863029-f435-446a-821e-275f4f641165,CC_BY_NC_4_0,True,True,1,1,4955894403,False,False,,gbif_20260923T091718Z/page_year-2024_offset-000000.json,2026-09-23T09:18:20Z
9fdf1d03c84fee6c,4957324116,2024-08-01,,1.0,2024,8,ete_ouvrieres,47.109,-2.09,,inconnue,44131,Pornic,44,"Vespa velutina nigrithorax Buysson, 1905",SUBSPECIES,HUMAN_OBSERVATION,Observation.org,8a863029-f435-446a-821e-275f4f641165,CC_BY_NC_4_0,True,True,1,1,4957324116,False,False,Q08_incertitude_connue,gbif_20260923T091718Z/page_year-2024_offset-000000.json,2026-09-23T09:18:20Z
ac03f7edb9bfd05c,4921966549,2024-08-03,2024-08-03T11:25:05Z,1.0,2024,8,ete_ouvrieres,48.013,0.19,,inconnue,72181,Le Mans,72,"Vespa velutina Lepeletier, 1836",SPECIES,HUMAN_OBSERVATION,iNaturalist,50c9509d-22c7-4a22-a47d-8c48425ef4a7,CC_BY_NC_4_0,True,True,1,1,4921966549,False,False,Q08_incertitude_connue,gbif_20260923T091718Z/page_year-2024_offset-000000.json,2026-09-23T09:18:20Z
cf6d74a4514fd35f,4956658766,2024-08-03,,1.0,2024,8,ete_ouvrieres,48.004,0.197,4.0,precise_100m,72181,Le Mans,72,"Vespa velutina nigrithorax Buysson, 1905",SUBSPECIES,HUMAN_OBSERVATION,Observation.org,8a863029-f435-446a-821e-275f4f641165,CC_BY_NC_4_0,True,True,1,1,4956658766,False,False,,gbif_20260923T091718Z/page_year-2024_offset-000000.json,2026-09-23T09:18:20Z
773283b91f27fab8,4956776479,2024-08-07,,1.0,2024,8,ete_ouvrieres,46.475,-1.734,5.0,precise_100m,85194,Les Sables-d'Olonne,85,"Vespa velutina nigrithorax Buysson, 1905",SUBSPECIES,HUMAN_OBSERVATION,Observation.org,8a863029-f435-446a-821e-275f4f641165,CC_BY_NC_4_0,True,True,2,1,4956776479;4957314949,False,False,,gbif_20260923T091718Z/page_year-2024_offset-000000.json,2026-09-23T09:18:20Z
16be88305041680b,4924068000,2024-08-12,2024-08-12T08:14:09Z,1.0,2024,8,ete_ouvrieres,47.48,-0.558,5.0,precise_100m,49007,Angers,49,"Vespa velutina nigrithorax Buysson, 1905",SUBSPECIES,HUMAN_OBSERVATION,iNaturalist,50c9509d-22c7-4a22-a47d-8c48425ef4a7,CC_BY_NC_4_0,True,True,1,1,4924068000,False,False,,gbif_20260923T091718Z/page_year-2024_offset-000000.json,2026-09-23T09:18:20Z
b4cb0dd8641d5299,6195297248,2024-08-13,2024-08-13T11:50:29Z,1.0,2024,8,ete_ouvrieres,47.294,-1.527,,inconnue,44109,Nantes,44,"Vespa velutina Lepeletier, 1836",SPECIES,HUMAN_OBSERVATION,iNaturalist,50c9509d-22c7-4a22-a47d-8c48425ef4a7,CC_BY_NC_4_0,True,True,1,1,6195297248,False,False,Q08_incertitude_connue,gbif_20260923T091718Z/page_year-2024_offset-000000.json,2026-09-23T09:18:20Z
aa88e3b5c40e1c12,4957354789,2024-08-17,,1.0,2024,8,ete_ouvrieres,47.472,-0.557,9.0,precise_100m,49007,Angers,49,"Vespa velutina nigrithorax Buysson, 1905",SUBSPECIES,HUMAN_OBSERVATION,Observation.org,8a863029-f435-446a-821e-275f4f641165,CC_BY_NC_4_0,True,True,1,1,4957354789,False,False,,gbif_20260923T091718Z/page_year-2024_offset-000000.json,2026-09-23T09:18:20Z
8098d39ee9230557,4936501964,2024-08-21,2024-08-21T14:03:22Z,1.0,2024,8,ete_ouvrieres,47.471,-0.552,5.0,precise_100m,49007,Angers,49,"Vespa velutina nigrithorax Buysson, 1905",SUBSPECIES,HUMAN_OBSERVATION,iNaturalist,50c9509d-22c7-4a22-a47d-8c48425ef4a7,CC_BY_NC_4_0,True,True,1,1,4936501964,False,False,,gbif_20260923T091718Z/page_year-2024_offset-000000.json,2026-09-23T09:18:20Z
8a57b1edf68069ba,4956124967,2024-08-21,,1.0,2024,8,ete_ouvrieres,47.2,-1.581,,inconnue,44109,Nantes,44,"Vespa velutina nigrithorax Buysson, 1905",SUBSPECIES,HUMAN_OBSERVATION,Observation.org,8a863029-f435-446a-821e-275f4f641165,CC_BY_NC_4_0,True,True,1,1,4956124967,False,False,Q08_incertitude_connue,gbif_20260923T091718Z/page_year-2024_offset-000000.json,2026-09-23T09:18:20Z
de47eac0a8c9a270,4936762746,2024-08-23,2024-08-23T15:11:26Z,1.0,2024,8,ete_ouvrieres,47.166,-1.635,1414.0,faible_5km,44020,Bouguenais,44,"Vespa velutina Lepeletier, 1836",SPECIES,HUMAN_OBSERVATION,iNaturalist,50c9509d-22c7-4a22-a47d-8c48425ef4a7,CC_BY_NC_4_0,True,True,1,1,4936762746,False,False,,gbif_20260923T091718Z/page_year-2024_offset-000000.json,2026-09-23T09:18:20Z
05b9de898a1ec18f,4957260876,2024-09-04,,1.0,2024,9,automne_reproduction,47.181,0.051,5.0,precise_100m,49140,Fontevraud-l'Abbaye,49,"Vespa velutina nigrithorax Buysson, 1905",SUBSPECIES,HUMAN_OBSERVATION,Observation.org,8a863029-f435-446a-821e-275f4f641165,CC_BY_NC_4_0,True,True,1,1,4957260876,False,False,,gbif_20260923T091718Z/page_year-2024_offset-000000.json,2026-09-23T09:18:20Z
1ecc2f69669dcbe4,4956188303,2024-09-13,,1.0,2024,9,automne_reproduction,47.219,-1.542,5.0,precise_100m,44109,Nantes,44,"Vespa velutina Lepeletier, 1836",SPECIES,HUMAN_OBSERVATION,Observation.org,8a863029-f435-446a-821e-275f4f641165,CC_BY_NC_4_0,True,True,2,1,4956188303;4956540138,False,False,,gbif_20260923T091718Z/page_year-2024_offset-000000.json,2026-09-23T09:18:20Z
922fa5b80186f613,4957869394,2024-09-13,,1.0,2024,9,automne_reproduction,47.197,-1.595,3.0,precise_100m,44109,Nantes,44,"Vespa velutina Lepeletier, 1836",SPECIES,HUMAN_OBSERVATION,Observation.org,8a863029-f435-446a-821e-275f4f641165,CC_BY_NC_4_0,True,True,1,1,4957869394,False,False,,gbif_20260923T091718Z/page_year-2024_offset-000000.json,2026-09-23T09:18:20Z
17e070d5f531f3df,4957333310,2024-09-14,,1.0,2024,9,automne_reproduction,47.204,-1.575,3.0,precise_100m,44109,Nantes,44,"Vespa velutina Lepeletier, 1836",SPECIES,HUMAN_OBSERVATION,Observation.org,8a863029-f435-446a-821e-275f4f641165,CC_BY_NC_4_0,True,True,1,1,4957333310,False,False,,gbif_20260923T091718Z/page_year-2024_offset-000000.json,2026-09-23T09:18:20Z
335501f7c6ce4d44,4957268697,2024-09-14,,1.0,2024,9,automne_reproduction,47.2,-1.581,3.0,precise_100m,44109,Nantes,44,"Vespa velutina Lepeletier, 1836",SPECIES,HUMAN_OBSERVATION,Observation.org,8a863029-f435-446a-821e-275f4f641165,CC_BY_NC_4_0,True,True,2,1,4957268697;4957769405,False,False,,gbif_20260923T091718Z/page_year-2024_offset-000000.json,2026-09-23T09:18:20Z
34cbdb703b4756f4,4957348938,2024-09-14,,1.0,2024,9,automne_reproduction,47.213,-1.565,1.0,precise_100m,44109,Nantes,44,"Vespa velutina Lepeletier, 1836",SPECIES,HUMAN_OBSERVATION,Observation.org,8a863029-f435-446a-821e-275f4f641165,CC_BY_NC_4_0,True,True,2,1,4956669462;4957348938,False,False,,gbif_20260923T091718Z/page_year-2024_offset-000000.json,2026-09-23T09:18:20Z
53df1d9486f6116d,4945468381,2024-09-14,2024-09-14T11:05:26Z,1.0,2024,9,automne_reproduction,48.395,-0.11,,inconnue,53246,Saint-Pierre-des-Nids,53,"Vespa velutina Lepeletier, 1836",SPECIES,HUMAN_OBSERVATION,iNaturalist,50c9509d-22c7-4a22-a47d-8c48425ef4a7,CC_BY_4_0,True,False,1,1,4945468381,False,False,Q08_incertitude_connue,gbif_20260923T091718Z/page_year-2024_offset-000000.json,2026-09-23T09:18:20Z
5cc5416eab91f396,4946127268,2024-09-14,2024-09-14T15:57:36Z,1.0,2024,9,automne_reproduction,47.231,-1.55,35.0,precise_100m,44109,Nantes,44,"Vespa velutina Lepeletier, 1836",SPECIES,HUMAN_OBSERVATION,iNaturalist,50c9509d-22c7-4a22-a47d-8c48425ef4a7,CC_BY_NC_4_0,True,True,1,1,4946127268,False,False,,gbif_20260923T091718Z/page_year-2024_offset-000000.json,2026-09-23T09:18:20Z
d6de3949bdd06283,4957889548,2024-09-14,,1.0,2024,9,automne_reproduction,47.213,-1.566,3.0,precise_100m,44109,Nantes,44,"Vespa velutina Lepeletier, 1836",SPECIES,HUMAN_OBSERVATION,Observation.org,8a863029-f435-446a-821e-275f4f641165,CC_BY_NC_4_0,True,True,1,1,4957889548,False,False,,gbif_20260923T091718Z/page_year-2024_offset-000000.json,2026-09-23T09:18:20Z
32752f30659b44b9,4956604384,2024-09-15,,1.0,2024,9,automne_reproduction,47.214,-1.552,2.0,precise_100m,44109,Nantes,44,"Vespa velutina Lepeletier, 1836",SPECIES,HUMAN_OBSERVATION,Observation.org,8a863029-f435-446a-821e-275f4f641165,CC_BY_NC_4_0,True,True,1,1,4956604384,False,False,,gbif_20260923T091718Z/page_year-2024_offset-000000.json,2026-09-23T09:18:20Z
47736ff42c94ae2a,4957806845,2024-09-15,,1.0,2024,9,automne_reproduction,47.216,-1.55,8.0,precise_100m,44109,Nantes,44,"Vespa velutina Lepeletier, 1836",SPECIES,HUMAN_OBSERVATION,Observation.org,8a863029-f435-446a-821e-275f4f641165,CC_BY_NC_4_0,True,True,1,1,4957806845,False,False,,gbif_20260923T091718Z/page_year-2024_offset-000000.json,2026-09-23T09:18:20Z
c283dee161ee8100,4956757806,2024-09-15,,1.0,2024,9,automne_reproduction,47.202,-1.601,3.0,precise_100m,44109,Nantes,44,"Vespa velutina Lepeletier, 1836",SPECIES,HUMAN_OBSERVATION,Observation.org,8a863029-f435-446a-821e-275f4f641165,CC_BY_NC_4_0,True,True,1,1,4956757806,False,False,,gbif_20260923T091718Z/page_year-2024_offset-000000.json,2026-09-23T09:18:20Z
d385b783af25dfe7,4957389451,2024-09-15,,1.0,2024,9,automne_reproduction,47.225,-1.554,3.0,precise_100m,44109,Nantes,44,"Vespa velutina Lepeletier, 1836",SPECIES,HUMAN_OBSERVATION,Observation.org,8a863029-f435-446a-821e-275f4f641165,CC_BY_NC_4_0,True,True,1,1,4957389451,False,False,,gbif_20260923T091718Z/page_year-2024_offset-000000.json,2026-09-23T09:18:20Z
d48d4d64e4ae6963,4956265305,2024-09-15,,1.0,2024,9,automne_reproduction,47.226,-1.555,3.0,precise_100m,44109,Nantes,44,"Vespa velutina Lepeletier, 1836",SPECIES,HUMAN_OBSERVATION,Observation.org,8a863029-f435-446a-821e-275f4f641165,CC_BY_NC_4_0,True,True,1,1,4956265305,False,False,,gbif_20260923T091718Z/page_year-2024_offset-000000.json,2026-09-23T09:18:20Z
8f6defd977fc2be7,5212386341,2024-09-16,,1.0,2024,9,automne_reproduction,47.257,-0.074,15.0,precise_100m,49328,Saumur,49,"Vespa velutina nigrithorax Buysson, 1905",SUBSPECIES,HUMAN_OBSERVATION,Observation.org,8a863029-f435-446a-821e-275f4f641165,CC_BY_NC_4_0,True,True,1,1,5212386341,False,False,,gbif_20260923T091718Z/page_year-2024_offset-000000.json,2026-09-23T09:18:20Z
ba1691a06e0ba0bd,4956589313,2024-09-21,,1.0,2024,9,automne_reproduction,47.363,-2.527,,inconnue,44211,La Turballe,44,"Vespa velutina nigrithorax Buysson, 1905",SUBSPECIES,HUMAN_OBSERVATION,Observation.org,8a863029-f435-446a-821e-275f4f641165,CC_BY_NC_4_0,True,True,2,1,4956589313;4957411488,False,False,Q08_incertitude_connue,gbif_20260923T091718Z/page_year-2024_offset-000000.json,2026-09-23T09:18:20Z
b1636fbc83016e8c,4954242425,2024-10-04,2024-10-04T10:13:58Z,1.0,2024,10,automne_reproduction,46.349,-1.422,9.0,precise_100m,85294,La Tranche-sur-Mer,85,"Vespa velutina Lepeletier, 1836",SPECIES,HUMAN_OBSERVATION,iNaturalist,50c9509d-22c7-4a22-a47d-8c48425ef4a7,CC_BY_NC_4_0,True,True,1,1,4954242425,False,False,,gbif_20260923T091718Z/page_year-2024_offset-000000.json,2026-09-23T09:18:20Z
0e15a6c4232ce27d,4956935364,2024-10-05,,1.0,2024,10,automne_reproduction,47.206,-1.565,4.0,precise_100m,44109,Nantes,44,"Vespa velutina nigrithorax Buysson, 1905",SUBSPECIES,HUMAN_OBSERVATION,Observation.org,8a863029-f435-446a-821e-275f4f641165,CC_BY_NC_4_0,True,True,1,1,4956935364,False,False,,gbif_20260923T091718Z/page_year-2024_offset-000000.json,2026-09-23T09:18:20Z
32e15e87c29d4df5,4952830534,2024-10-05,2024-10-05T06:56:44Z,1.0,2024,10,automne_reproduction,47.234,-1.548,39.0,precise_100m,44109,Nantes,44,"Vespa velutina Lepeletier, 1836",SPECIES,HUMAN_OBSERVATION,iNaturalist,50c9509d-22c7-4a22-a47d-8c48425ef4a7,CC_BY_NC_4_0,True,True,1,1,4952830534,False,False,,gbif_20260923T091718Z/page_year-2024_offset-000000.json,2026-09-23T09:18:20Z
47c2efacef4798a5,4954597577,2024-10-09,2024-10-09T07:16:23Z,1.0,2024,10,automne_reproduction,47.479,-0.561,4.0,precise_100m,49007,Angers,49,"Vespa velutina nigrithorax Buysson, 1905",SUBSPECIES,HUMAN_OBSERVATION,iNaturalist,50c9509d-22c7-4a22-a47d-8c48425ef4a7,CC_BY_NC_4_0,True,True,1,1,4954597577,False,False,,gbif_20260923T091718Z/page_year-2024_offset-000000.json,2026-09-23T09:18:20Z
04fa7d6d9ba650c4,4954372757,2024-10-11,2024-10-11T11:57:21Z,1.0,2024,10,automne_reproduction,47.22,-1.576,12.0,precise_100m,44109,Nantes,44,"Vespa velutina nigrithorax Buysson, 1905",SUBSPECIES,HUMAN_OBSERVATION,iNaturalist,50c9509d-22c7-4a22-a47d-8c48425ef4a7,CC_BY_NC_4_0,True,True,1,1,4954372757,False,False,,gbif_20260923T091718Z/page_year-2024_offset-000000.json,2026-09-23T09:18:20Z
11b94d200fa6a55b,4954556732,2024-10-13,2024-10-13T14:33:58Z,1.0,2024,10,automne_reproduction,47.295,-1.381,7.0,precise_100m,44094,Mauves-sur-Loire,44,"Vespa velutina Lepeletier, 1836",SPECIES,HUMAN_OBSERVATION,iNaturalist,50c9509d-22c7-4a22-a47d-8c48425ef4a7,CC_BY_NC_4_0,True,True,1,1,4954556732,False,False,,gbif_20260923T091718Z/page_year-2024_offset-000000.json,2026-09-23T09:18:20Z
5efae5a9c8ae52ac,4973840111,2024-10-22,2024-10-22T10:53:33Z,1.0,2024,10,automne_reproduction,47.36,-2.185,32.0,precise_100m,44176,Saint-Malo-de-Guersac,44,"Vespa velutina Lepeletier, 1836",SPECIES,HUMAN_OBSERVATION,iNaturalist,50c9509d-22c7-4a22-a47d-8c48425ef4a7,CC_BY_NC_4_0,True,True,1,1,4973840111,False,False,,gbif_20260923T091718Z/page_year-2024_offset-000000.json,2026-09-23T09:18:20Z
d472dcc1d1eb0b46,5212262314,2024-10-29,,1.0,2024,10,automne_reproduction,47.304,-1.508,5.0,precise_100m,44026,Carquefou,44,"Vespa velutina Lepeletier, 1836",SPECIES,HUMAN_OBSERVATION,Observation.org,8a863029-f435-446a-821e-275f4f641165,CC_BY_NC_4_0,True,True,1,1,5212262314,False,False,,gbif_20260923T091718Z/page_year-2024_offset-000000.json,2026-09-23T09:18:20Z
0eac52c685045999,4978268324,2024-11-01,2024-11-01T11:48:39Z,1.0,2024,11,automne_reproduction,48.398,-0.1,4.0,precise_100m,53246,Saint-Pierre-des-Nids,53,"Vespa velutina nigrithorax Buysson, 1905",SUBSPECIES,HUMAN_OBSERVATION,iNaturalist,50c9509d-22c7-4a22-a47d-8c48425ef4a7,CC_BY_4_0,True,False,1,1,4978268324,False,False,,gbif_20260923T091718Z/page_year-2024_offset-000000.json,2026-09-23T09:18:20Z
248d5afa591a1317,4978405838,2024-11-03,2024-11-03T11:44:58Z,1.0,2024,11,automne_reproduction,47.528,-0.428,1876.0,faible_5km,49377,Rives-du-Loir-en-Anjou,49,"Vespa velutina nigrithorax Buysson, 1905",SUBSPECIES,HUMAN_OBSERVATION,iNaturalist,50c9509d-22c7-4a22-a47d-8c48425ef4a7,CC_BY_NC_4_0,True,True,1,1,4978405838,False,False,,gbif_20260923T091718Z/page_year-2024_offset-000000.json,2026-09-23T09:18:20Z
b96125289f9c3464,6195660829,2024-11-05,2024-11-05T11:58:21Z,1.0,2024,11,automne_reproduction,47.276,-1.524,,inconnue,44109,Nantes,44,"Vespa velutina Lepeletier, 1836",SPECIES,HUMAN_OBSERVATION,iNaturalist,50c9509d-22c7-4a22-a47d-8c48425ef4a7,CC_BY_NC_4_0,True,True,1,1,6195660829,False,False,Q08_incertitude_connue,gbif_20260923T091718Z/page_year-2024_offset-000000.json,2026-09-23T09:18:20Z
c9776ca258d6df7b,4978344509,2024-11-05,2024-11-05T11:07:00Z,1.0,2024,11,automne_reproduction,47.487,-0.518,15.0,precise_100m,49007,Angers,49,"Vespa velutina nigrithorax Buysson, 1905",SUBSPECIES,HUMAN_OBSERVATION,iNaturalist,50c9509d-22c7-4a22-a47d-8c48425ef4a7,CC_BY_NC_4_0,True,True,1,1,4978344509,False,False,,gbif_20260923T091718Z/page_year-2024_offset-000000.json,2026-09-23T09:18:20Z
24616c82980824b4,5212529317,2024-11-12,,1.0,2024,11,automne_reproduction,47.1,-1.4,1000.0,moyenne_1km,44088,Maisdon-sur-Sèvre,44,"Vespa velutina Lepeletier, 1836",SPECIES,HUMAN_OBSERVATION,Observation.org,8a863029-f435-446a-821e-275f4f641165,CC_BY_NC_4_0,True,True,1,1,5212529317,False,True,,gbif_20260923T091718Z/page_year-2024_offset-000000.json,2026-09-23T09:18:20Z
5fcdee05e6235ee2,4994301970,2024-12-06,2024-12-06T13:20:00Z,1.0,2024,12,hiver_hivernage,47.466,-0.566,31.0,precise_100m,49007,Angers,49,"Vespa velutina nigrithorax Buysson, 1905",SUBSPECIES,HUMAN_OBSERVATION,iNaturalist,50c9509d-22c7-4a22-a47d-8c48425ef4a7,CC_BY_NC_4_0,True,True,1,1,4994301970,False,False,,gbif_20260923T091718Z/page_year-2024_offset-000000.json,2026-09-23T09:18:20Z
a98b25fc75257a83,4994303175,2024-12-06,2024-12-06T13:25:00Z,1.0,2024,12,hiver_hivernage,47.465,-0.569,31.0,precise_100m,49007,Angers,49,"Vespa velutina nigrithorax Buysson, 1905",SUBSPECIES,HUMAN_OBSERVATION,iNaturalist,50c9509d-22c7-4a22-a47d-8c48425ef4a7,CC_BY_NC_4_0,True,True,1,1,4994303175,False,False,,gbif_20260923T091718Z/page_year-2024_offset-000000.json,2026-09-23T09:18:20Z
ff32f542cf8c6004,5007027384,2024-12-12,2024-12-12T15:09:00Z,1.0,2024,12,hiver_hivernage,46.605,-1.541,8.0,precise_100m,85211,Sainte-Flaive-des-Loups,85,"Vespa velutina nigrithorax Buysson, 1905",SUBSPECIES,HUMAN_OBSERVATION,iNaturalist,50c9509d-22c7-4a22-a47d-8c48425ef4a7,CC_BY_NC_4_0,True,True,1,1,5007027384,False,False,,gbif_20260923T091718Z/page_year-2024_offset-000000.json,2026-09-23T09:18:20Z
09ce0db07cc6b214,5006969506,2024-12-14,2024-12-14T10:41:00Z,1.0,2024,12,hiver_hivernage,47.486,-0.519,8.0,precise_100m,49007,Angers,49,"Vespa velutina nigrithorax Buysson, 1905",SUBSPECIES,HUMAN_OBSERVATION,iNaturalist,50c9509d-22c7-4a22-a47d-8c48425ef4a7,CC_BY_NC_4_0,True,True,1,1,5006969506,False,False,,gbif_20260923T091718Z/page_year-2024_offset-000000.json,2026-09-23T09:18:20Z
27c726397201c53c,6163180878,2024-12-26,2024-12-26T10:07:17Z,1.0,2024,12,hiver_hivernage,47.246,-1.586,,inconnue,44114,Orvault,44,"Vespa velutina nigrithorax Buysson, 1905",SUBSPECIES,HUMAN_OBSERVATION,iNaturalist,50c9509d-22c7-4a22-a47d-8c48425ef4a7,CC_BY_NC_4_0,True,True,1,1,6163180878,False,False,Q08_incertitude_connue,gbif_20260923T091718Z/page_year-2024_offset-000000.json,2026-09-23T09:18:20Z
9dcb4cd0d2ddfb0c,5008416483,2024-12-31,2024-12-31T09:15:46Z,1.0,2024,12,hiver_hivernage,47.489,-0.521,3.0,precise_100m,49007,Angers,49,"Vespa velutina nigrithorax Buysson, 1905",SUBSPECIES,HUMAN_OBSERVATION,iNaturalist,50c9509d-22c7-4a22-a47d-8c48425ef4a7,CC_BY_NC_4_0,True,True,1,1,5008416483,False,False,,gbif_20260923T091718Z/page_year-2024_offset-000000.json,2026-09-23T09:18:20Z
b3423cafb8814605,5006879860,2025-01-05,2025-01-05T15:36:00Z,1.0,2025,1,hiver_hivernage,47.5,-0.505,31.0,precise_100m,49129,Écouflant,49,"Vespa velutina nigrithorax Buysson, 1905",SUBSPECIES,HUMAN_OBSERVATION,iNaturalist,50c9509d-22c7-4a22-a47d-8c48425ef4a7,CC_BY_NC_4_0,True,True,1,1,5006879860,False,False,,gbif_20260923T091718Z/page_year-2025_offset-000000.json,2026-09-23T09:18:20Z
d90ed9f62bd41cc3,5008820564,2025-01-06,,1.0,2025,1,hiver_hivernage,47.222,-1.518,5.0,precise_100m,44109,Nantes,44,"Vespa velutina nigrithorax Buysson, 1905",SUBSPECIES,HUMAN_OBSERVATION,Observation.org,8a863029-f435-446a-821e-275f4f641165,CC_BY_NC_4_0,True,True,1,1,5008820564,False,False,,gbif_20260923T091718Z/page_year-2025_offset-000000.json,2026-09-23T09:18:20Z
2c98cb24221da2fd,5063314951,2025-01-23,2025-01-23T14:52:44Z,1.0,2025,1,hiver_hivernage,47.4,-0.626,3.0,precise_100m,49035,Bouchemaine,49,"Vespa velutina nigrithorax Buysson, 1905",SUBSPECIES,HUMAN_OBSERVATION,iNaturalist,50c9509d-22c7-4a22-a47d-8c48425ef4a7,CC_BY_NC_4_0,True,True,1,1,5063314951,False,False,,gbif_20260923T091718Z/page_year-2025_offset-000000.json,2026-09-23T09:18:20Z
b3174f3eaeedcac3,5087896490,2025-03-11,2025-03-11T15:31:23Z,1.0,2025,3,printemps_fondatrices,47.238,-1.535,8.0,precise_100m,44109,Nantes,44,"Vespa velutina Lepeletier, 1836",SPECIES,HUMAN_OBSERVATION,iNaturalist,50c9509d-22c7-4a22-a47d-8c48425ef4a7,CC_BY_NC_4_0,True,True,1,1,5087896490,False,False,,gbif_20260923T091718Z/page_year-2025_offset-000000.json,2026-09-23T09:18:20Z
b5e2ba0686766097,5104446960,2025-03-21,2025-03-21T14:49:51Z,1.0,2025,3,printemps_fondatrices,47.328,-2.429,9.0,precise_100m,44069,Guérande,44,"Vespa velutina nigrithorax Buysson, 1905",SUBSPECIES,HUMAN_OBSERVATION,iNaturalist,50c9509d-22c7-4a22-a47d-8c48425ef4a7,CC_BY_NC_4_0,True,True,1,1,5104446960,False,False,,gbif_20260923T091718Z/page_year-2025_offset-000000.json,2026-09-23T09:18:20Z
0f21d2a7d54b6def,5108262691,2025-03-29,2025-03-29T10:48:06Z,1.0,2025,3,printemps_fondatrices,47.402,-0.546,5.0,precise_100m,49223,Mûrs-Erigné,49,"Vespa velutina Lepeletier, 1836",SPECIES,HUMAN_OBSERVATION,iNaturalist,50c9509d-22c7-4a22-a47d-8c48425ef4a7,CC_BY_NC_4_0,True,True,1,1,5108262691,False,False,,gbif_20260923T091718Z/page_year-2025_offset-000000.json,2026-09-23T09:18:20Z
da747d67f35527ad,5134900513,2025-04-10,2025-04-10T06:49:11Z,1.0,2025,4,printemps_fondatrices,47.46,-0.538,180.0,moyenne_1km,49007,Angers,49,"Vespa velutina Lepeletier, 1836",SPECIES,HUMAN_OBSERVATION,iNaturalist,50c9509d-22c7-4a22-a47d-8c48425ef4a7,CC_BY_NC_4_0,True,True,1,1,5134900513,False,False,,gbif_20260923T091718Z/page_year-2025_offset-000000.json,2026-09-23T09:18:20Z
6c1b0403b9188c92,6352696716,2025-04-26,2025-04-26T15:35:41Z,1.0,2025,4,printemps_fondatrices,48.231,-1.036,,inconnue,53123,Juvigné,53,"Vespa velutina Lepeletier, 1836",SPECIES,HUMAN_OBSERVATION,iNaturalist,50c9509d-22c7-4a22-a47d-8c48425ef4a7,CC_BY_NC_4_0,True,True,1,1,6352696716,False,True,Q08_incertitude_connue,gbif_20260923T091718Z/page_year-2025_offset-000000.json,2026-09-23T09:18:20Z
cee3397e2b962e90,5154541325,2025-05-01,2025-05-01T07:23:01Z,1.0,2025,5,printemps_fondatrices,47.174,-1.571,11.0,precise_100m,44020,Bouguenais,44,"Vespa velutina Lepeletier, 1836",SPECIES,HUMAN_OBSERVATION,iNaturalist,50c9509d-22c7-4a22-a47d-8c48425ef4a7,CC_BY_NC_4_0,True,True,1,1,5154541325,False,False,,gbif_20260923T091718Z/page_year-2025_offset-000000.json,2026-09-23T09:18:20Z
6b12009635bac6b8,5153734721,2025-05-07,2025-05-07T14:06:35Z,1.0,2025,5,printemps_fondatrices,47.247,-1.55,6.0,precise_100m,44109,Nantes,44,"Vespa velutina Lepeletier, 1836",SPECIES,HUMAN_OBSERVATION,iNaturalist,50c9509d-22c7-4a22-a47d-8c48425ef4a7,CC_BY_NC_4_0,True,True,1,1,5153734721,False,False,,gbif_20260923T091718Z/page_year-2025_offset-000000.json,2026-09-23T09:18:20Z
70a49ede79052329,5198439628,2025-06-16,2025-06-16T12:55:53Z,1.0,2025,6,ete_ouvrieres,47.225,-1.554,655.0,moyenne_1km,44109,Nantes,44,"Vespa velutina Lepeletier, 1836",SPECIES,HUMAN_OBSERVATION,iNaturalist,50c9509d-22c7-4a22-a47d-8c48425ef4a7,CC0_1_0,False,False,1,1,5198439628,False,False,,gbif_20260923T091718Z/page_year-2025_offset-000000.json,2026-09-23T09:18:20Z
e0607df29d9b6bd3,5206398662,2025-06-23,2025-06-23T07:58:29Z,1.0,2025,6,ete_ouvrieres,48.006,0.209,7.0,precise_100m,72181,Le Mans,72,"Vespa velutina Lepeletier, 1836",SPECIES,HUMAN_OBSERVATION,iNaturalist,50c9509d-22c7-4a22-a47d-8c48425ef4a7,CC0_1_0,False,False,1,1,5206398662,False,False,,gbif_20260923T091718Z/page_year-2025_offset-000000.json,2026-09-23T09:18:20Z
a91f5b9dd1658f77,6129856181,2025-06-29,2025-06-29T10:02:00Z,1.0,2025,6,ete_ouvrieres,47.401,-0.372,3021.0,faible_5km,49029,Blaison-Saint-Sulpice,49,"Vespa velutina Lepeletier, 1836",SPECIES,HUMAN_OBSERVATION,iNaturalist,50c9509d-22c7-4a22-a47d-8c48425ef4a7,CC_BY_NC_4_0,True,True,1,1,6129856181,False,False,,gbif_20260923T091718Z/page_year-2025_offset-000000.json,2026-09-23T09:18:20Z
64851d0095daefaa,5216236894,2025-07-05,2025-07-05T17:34:00Z,1.0,2025,7,ete_ouvrieres,48.054,-0.79,,inconnue,53130,Laval,53,"Vespa velutina nigrithorax Buysson, 1905",SUBSPECIES,HUMAN_OBSERVATION,iNaturalist,50c9509d-22c7-4a22-a47d-8c48425ef4a7,CC_BY_NC_4_0,True,True,1,1,5216236894,False,False,Q08_incertitude_connue,gbif_20260923T091718Z/page_year-2025_offset-000000.json,2026-09-23T09:18:20Z
2571624bb5d963dd,6195341123,2025-07-10,2025-07-10T15:14:41Z,1.0,2025,7,ete_ouvrieres,47.31,-2.43,,inconnue,44069,Guérande,44,"Vespa velutina Lepeletier, 1836",SPECIES,HUMAN_OBSERVATION,iNaturalist,50c9509d-22c7-4a22-a47d-8c48425ef4a7,CC_BY_NC_4_0,True,True,1,1,6195341123,False,False,Q08_incertitude_connue,gbif_20260923T091718Z/page_year-2025_offset-000000.json,2026-09-23T09:18:20Z
7bd0f974f1152107,5230331284,2025-07-10,2025-07-10T10:46:25Z,1.0,2025,7,ete_ouvrieres,46.42,-1.612,6.0,precise_100m,85114,Jard-sur-Mer,85,"Vespa velutina Lepeletier, 1836",SPECIES,HUMAN_OBSERVATION,iNaturalist,50c9509d-22c7-4a22-a47d-8c48425ef4a7,CC_BY_NC_4_0,True,True,1,1,5230331284,False,False,,gbif_20260923T091718Z/page_year-2025_offset-000000.json,2026-09-23T09:18:20Z
f2facd659922ac7c,5231135643,2025-07-10,2025-07-10T18:08:07Z,1.0,2025,7,ete_ouvrieres,47.339,-1.528,,inconnue,44201,Sucé-sur-Erdre,44,"Vespa velutina Lepeletier, 1836",SPECIES,HUMAN_OBSERVATION,iNaturalist,50c9509d-22c7-4a22-a47d-8c48425ef4a7,CC_BY_NC_4_0,True,True,1,1,5231135643,False,False,Q08_incertitude_connue,gbif_20260923T091718Z/page_year-2025_offset-000000.json,2026-09-23T09:18:20Z
706a66bc19227fd4,6195454677,2025-07-16,2025-07-16T12:07:00Z,1.0,2025,7,ete_ouvrieres,47.337,-2.485,15.0,precise_100m,44211,La Turballe,44,"Vespa velutina nigrithorax Buysson, 1905",SUBSPECIES,HUMAN_OBSERVATION,iNaturalist,50c9509d-22c7-4a22-a47d-8c48425ef4a7,CC_BY_NC_4_0,True,True,1,1,6195454677,False,False,,gbif_20260923T091718Z/page_year-2025_offset-000000.json,2026-09-23T09:18:20Z
b1c823319862a665,5282756183,2025-07-25,,1.0,2025,7,ete_ouvrieres,48.417,-0.064,3.0,precise_100m,53246,Saint-Pierre-des-Nids,53,"Vespa velutina Lepeletier, 1836",SPECIES,HUMAN_OBSERVATION,Observation.org,8a863029-f435-446a-821e-275f4f641165,CC_BY_NC_4_0,True,True,1,1,5282756183,False,False,,gbif_20260923T091718Z/page_year-2025_offset-000000.json,2026-09-23T09:18:20Z
c8838c5a158b0963,5237596828,2025-07-28,2025-07-28T14:53:00Z,1.0,2025,7,ete_ouvrieres,47.728,0.583,7.0,precise_100m,72068,La Chartre-sur-le-Loir,72,"Vespa velutina Lepeletier, 1836",SPECIES,HUMAN_OBSERVATION,iNaturalist,50c9509d-22c7-4a22-a47d-8c48425ef4a7,CC_BY_NC_4_0,True,True,4,1,5237596828;5237869796;5238117778;5238442823,False,True,,gbif_20260923T091718Z/page_year-2025_offset-000000.json,2026-09-23T09:18:20Z
d81b96d590eb42c8,5281860633,2025-07-31,2025-07-31T17:58:00Z,1.0,2025,7,ete_ouvrieres,47.381,-1.105,42.0,precise_100m,44163,Vair-sur-Loire,44,"Vespa velutina Lepeletier, 1836",SPECIES,HUMAN_OBSERVATION,iNaturalist,50c9509d-22c7-4a22-a47d-8c48425ef4a7,CC_BY_NC_4_0,True,True,1,1,5281860633,False,True,,gbif_20260923T091718Z/page_year-2025_offset-000000.json,2026-09-23T09:18:20Z
b75077d6ff5823ed,5292772684,2025-08-01,2025-08-01T11:05:00Z,1.0,2025,8,ete_ouvrieres,46.737,-1.988,86.0,precise_100m,85226,Saint-Hilaire-de-Riez,85,"Vespa velutina Lepeletier, 1836",SPECIES,HUMAN_OBSERVATION,iNaturalist,50c9509d-22c7-4a22-a47d-8c48425ef4a7,CC_BY_NC_4_0,True,True,1,1,5292772684,False,True,,gbif_20260923T091718Z/page_year-2025_offset-000000.json,2026-09-23T09:18:20Z
0b5b403abab947bc,5282035525,2025-08-02,2025-08-02T12:55:00Z,1.0,2025,8,ete_ouvrieres,48.086,-0.378,,inconnue,53255,Sainte-Suzanne-et-Chammes,53,"Vespa velutina nigrithorax Buysson, 1905",SUBSPECIES,HUMAN_OBSERVATION,iNaturalist,50c9509d-22c7-4a22-a47d-8c48425ef4a7,CC_BY_NC_4_0,True,True,1,1,5282035525,False,True,Q08_incertitude_connue,gbif_20260923T091718Z/page_year-2025_offset-000000.json,2026-09-23T09:18:20Z
31a916b52c6b5d6b,5281893109,2025-08-02,2025-08-02T07:22:19Z,1.0,2025,8,ete_ouvrieres,47.538,-0.624,8.0,precise_100m,49214,Montreuil-Juigné,49,"Vespa velutina Lepeletier, 1836",SPECIES,HUMAN_OBSERVATION,iNaturalist,50c9509d-22c7-4a22-a47d-8c48425ef4a7,CC_BY_NC_4_0,True,True,1,1,5281893109,False,False,,gbif_20260923T091718Z/page_year-2025_offset-000000.json,2026-09-23T09:18:20Z
8386becab0dbcfea,6133108591,2025-08-02,2025-08-02T08:26:00Z,1.0,2025,8,ete_ouvrieres,47.401,-0.38,2.0,precise_100m,49029,Blaison-Saint-Sulpice,49,"Vespa velutina Lepeletier, 1836",SPECIES,HUMAN_OBSERVATION,iNaturalist,50c9509d-22c7-4a22-a47d-8c48425ef4a7,CC_BY_NC_4_0,True,True,1,1,6133108591,False,False,,gbif_20260923T091718Z/page_year-2025_offset-000000.json,2026-09-23T09:18:20Z
a947a7af0725202e,6183268423,2025-08-02,,1.0,2025,8,ete_ouvrieres,47.218,0.053,4.0,precise_100m,49219,Montsoreau,49,"Vespa velutina Lepeletier, 1836",SPECIES,HUMAN_OBSERVATION,Observation.org,8a863029-f435-446a-821e-275f4f641165,CC_BY_NC_4_0,True,True,1,1,6183268423,False,False,,gbif_20260923T091718Z/page_year-2025_offset-000000.json,2026-09-23T09:18:20Z
0eba5c824db64b3d,6133308910,2025-08-05,2025-08-05T09:34:00Z,1.0,2025,8,ete_ouvrieres,47.402,-0.38,37.0,precise_100m,49029,Blaison-Saint-Sulpice,49,"Vespa velutina Lepeletier, 1836",SPECIES,HUMAN_OBSERVATION,iNaturalist,50c9509d-22c7-4a22-a47d-8c48425ef4a7,CC_BY_NC_4_0,True,True,1,1,6133308910,False,False,,gbif_20260923T091718Z/page_year-2025_offset-000000.json,2026-09-23T09:18:20Z
1e97c34bf64b36f3,5292478606,2025-08-05,2025-08-05T16:41:36Z,1.0,2025,8,ete_ouvrieres,46.518,-0.898,14.0,precise_100m,85110,L'Hermenault,85,"Vespa velutina Lepeletier, 1836",SPECIES,HUMAN_OBSERVATION,iNaturalist,50c9509d-22c7-4a22-a47d-8c48425ef4a7,CC_BY_NC_4_0,True,True,1,1,5292478606,False,False,,gbif_20260923T091718Z/page_year-2025_offset-000000.json,2026-09-23T09:18:20Z
69d2263997b7a4ee,6147601468,2025-08-05,2025-08-05T15:44:00Z,1.0,2025,8,ete_ouvrieres,47.962,-0.652,,inconnue,53143,Maisoncelles-du-Maine,53,"Vespa velutina nigrithorax Buysson, 1905",SUBSPECIES,HUMAN_OBSERVATION,iNaturalist,50c9509d-22c7-4a22-a47d-8c48425ef4a7,CC_BY_NC_4_0,True,True,1,1,6147601468,False,False,Q08_incertitude_connue,gbif_20260923T091718Z/page_year-2025_offset-000000.json,2026-09-23T09:18:20Z
0da71500b4d046f8,5292845400,2025-08-06,2025-08-06T14:20:54Z,1.0,2025,8,ete_ouvrieres,47.225,-1.554,50.0,precise_100m,44109,Nantes,44,"Vespa velutina nigrithorax Buysson, 1905",SUBSPECIES,HUMAN_OBSERVATION,iNaturalist,50c9509d-22c7-4a22-a47d-8c48425ef4a7,CC_BY_NC_4_0,True,True,1,1,5292845400,False,False,,gbif_20260923T091718Z/page_year-2025_offset-000000.json,2026-09-23T09:18:20Z
3eb36b9528879986,5291888485,2025-08-06,2025-08-06T10:57:01Z,1.0,2025,8,ete_ouvrieres,48.416,-0.123,,inconnue,53038,Boulay-les-Ifs,53,"Vespa velutina nigrithorax Buysson, 1905",SUBSPECIES,HUMAN_OBSERVATION,iNaturalist,50c9509d-22c7-4a22-a47d-8c48425ef4a7,CC_BY_NC_4_0,True,True,1,1,5291888485,False,True,Q08_incertitude_connue,gbif_20260923T091718Z/page_year-2025_offset-000000.json,2026-09-23T09:18:20Z
6378a1e92b173ba3,5292071855,2025-08-06,2025-08-06T14:13:25Z,1.0,2025,8,ete_ouvrieres,47.226,-1.555,163.0,moyenne_1km,44109,Nantes,44,"Vespa velutina nigrithorax Buysson, 1905",SUBSPECIES,HUMAN_OBSERVATION,iNaturalist,50c9509d-22c7-4a22-a47d-8c48425ef4a7,CC_BY_NC_4_0,True,True,1,1,5292071855,False,False,,gbif_20260923T091718Z/page_year-2025_offset-000000.json,2026-09-23T09:18:20Z
68d814705b8f7688,5292939770,2025-08-06,2025-08-06T12:54:05Z,1.0,2025,8,ete_ouvrieres,47.195,-1.579,13.0,precise_100m,44143,Rezé,44,"Vespa velutina nigrithorax Buysson, 1905",SUBSPECIES,HUMAN_OBSERVATION,iNaturalist,50c9509d-22c7-4a22-a47d-8c48425ef4a7,CC_BY_NC_4_0,True,True,1,1,5292939770,False,False,,gbif_20260923T091718Z/page_year-2025_offset-000000.json,2026-09-23T09:18:20Z
a7f24df591266486,5292700795,2025-08-08,2025-08-08T12:14:53Z,1.0,2025,8,ete_ouvrieres,48.23,-0.242,,inconnue,53249,Vimartin-sur-Orthe,53,"Vespa velutina Lepeletier, 1836",SPECIES,HUMAN_OBSERVATION,iNaturalist,50c9509d-22c7-4a22-a47d-8c48425ef4a7,CC_BY_NC_4_0,True,True,1,1,5292700795,False,False,Q08_incertitude_connue,gbif_20260923T091718Z/page_year-2025_offset-000000.json,2026-09-23T09:18:20Z
3c43018213a12a14,6159484590,2025-08-09,2025-08-09T12:41:00Z,1.0,2025,8,ete_ouvrieres,48.233,-1.002,,inconnue,53123,Juvigné,53,"Vespa velutina nigrithorax Buysson, 1905",SUBSPECIES,HUMAN_OBSERVATION,iNaturalist,50c9509d-22c7-4a22-a47d-8c48425ef4a7,CC_BY_NC_4_0,True,True,1,1,6159484590,False,False,Q08_incertitude_connue,gbif_20260923T091718Z/page_year-2025_offset-000000.json,2026-09-23T09:18:20Z
38e1eae2b12c9982,6400542390,2025-08-10,2025-08-10T07:48:22Z,1.0,2025,8,ete_ouvrieres,46.592,-1.404,,inconnue,85160,Nesmy,85,"Vespa velutina Lepeletier, 1836",SPECIES,HUMAN_OBSERVATION,iNaturalist,50c9509d-22c7-4a22-a47d-8c48425ef4a7,CC_BY_NC_4_0,True,True,1,1,6400542390,False,True,Q08_incertitude_connue,gbif_20260923T091718Z/page_year-2025_offset-000000.json,2026-09-23T09:18:20Z
2a266a6828d084a0,5292220528,2025-08-11,2025-08-11T14:55:16Z,1.0,2025,8,ete_ouvrieres,48.416,-0.123,13.0,precise_100m,53038,Boulay-les-Ifs,53,"Vespa velutina nigrithorax Buysson, 1905",SUBSPECIES,HUMAN_OBSERVATION,iNaturalist,50c9509d-22c7-4a22-a47d-8c48425ef4a7,CC_BY_NC_4_0,True,True,1,1,5292220528,False,False,,gbif_20260923T091718Z/page_year-2025_offset-000000.json,2026-09-23T09:18:20Z
c3b1a55788013807,5292787183,2025-08-11,2025-08-11T19:20:28Z,1.0,2025,8,ete_ouvrieres,47.021,-1.119,4.0,precise_100m,85293,Tiffauges,85,"Vespa velutina nigrithorax Buysson, 1905",SUBSPECIES,HUMAN_OBSERVATION,iNaturalist,50c9509d-22c7-4a22-a47d-8c48425ef4a7,CC_BY_NC_4_0,True,True,1,1,5292787183,False,True,,gbif_20260923T091718Z/page_year-2025_offset-000000.json,2026-09-23T09:18:20Z
5bf15aae8b1903ab,5288344789,2025-08-12,,1.0,2025,8,ete_ouvrieres,47.213,-1.562,19.0,precise_100m,44109,Nantes,44,"Vespa velutina Lepeletier, 1836",SPECIES,HUMAN_OBSERVATION,Observation.org,8a863029-f435-446a-821e-275f4f641165,CC_BY_NC_4_0,True,True,1,1,5288344789,False,False,,gbif_20260923T091718Z/page_year-2025_offset-000000.json,2026-09-23T09:18:20Z
77a35bfaebc66ea5,6398563013,2025-08-12,2025-08-12T14:22:00Z,1.0,2025,8,ete_ouvrieres,46.5,-1.297,8.0,precise_100m,85050,Le Champ-Saint-Père,85,"Vespa velutina Lepeletier, 1836",SPECIES,HUMAN_OBSERVATION,iNaturalist,50c9509d-22c7-4a22-a47d-8c48425ef4a7,CC_BY_NC_4_0,True,True,1,1,6398563013,False,True,,gbif_20260923T091718Z/page_year-2025_offset-000000.json,2026-09-23T09:18:20Z
7fffbae7c5014a5d,6334606591,2025-08-12,2025-08-12T16:54:00Z,1.0,2025,8,ete_ouvrieres,47.202,-1.572,,inconnue,44109,Nantes,44,"Vespa velutina Lepeletier, 1836",SPECIES,HUMAN_OBSERVATION,iNaturalist,50c9509d-22c7-4a22-a47d-8c48425ef4a7,CC_BY_4_0,True,False,1,1,6334606591,False,False,Q08_incertitude_connue,gbif_20260923T091718Z/page_year-2025_offset-000000.json,2026-09-23T09:18:20Z
38d76ea84dc9ef55,5292107107,2025-08-13,2025-08-13T08:47:33Z,1.0,2025,8,ete_ouvrieres,47.802,-0.949,88.0,precise_100m,53068,Chérancé,53,"Vespa velutina Lepeletier, 1836",SPECIES,HUMAN_OBSERVATION,iNaturalist,50c9509d-22c7-4a22-a47d-8c48425ef4a7,CC_BY_NC_4_0,True,True,1,1,5292107107,False,True,,gbif_20260923T091718Z/page_year-2025_offset-000000.json,2026-09-23T09:18:20Z
2dda579e5c29f8bf,5293324032,2025-08-14,2025-08-14T18:25:47Z,1.0,2025,8,ete_ouvrieres,47.699,-0.082,10.0,precise_100m,72154,La Flèche,72,"Vespa velutina Lepeletier, 1836",SPECIES,HUMAN_OBSERVATION,iNaturalist,50c9509d-22c7-4a22-a47d-8c48425ef4a7,CC_BY_NC_4_0,True,True,1,1,5293324032,False,False,,gbif_20260923T091718Z/page_year-2025_offset-000000.json,2026-09-23T09:18:20Z
53fc267bd033961d,5292985292,2025-08-15,2025-08-15T18:03:57Z,1.0,2025,8,ete_ouvrieres,47.459,-0.559,15.0,precise_100m,49007,Angers,49,"Vespa velutina Lepeletier, 1836",SPECIES,HUMAN_OBSERVATION,iNaturalist,50c9509d-22c7-4a22-a47d-8c48425ef4a7,CC_BY_NC_4_0,True,True,1,1,5292985292,False,False,,gbif_20260923T091718Z/page_year-2025_offset-000000.json,2026-09-23T09:18:20Z
a4b7ed2970ed7bca,5292052331,2025-08-15,2025-08-15T18:27:49Z,1.0,2025,8,ete_ouvrieres,46.521,-0.898,24.0,precise_100m,85110,L'Hermenault,85,"Vespa velutina Lepeletier, 1836",SPECIES,HUMAN_OBSERVATION,iNaturalist,50c9509d-22c7-4a22-a47d-8c48425ef4a7,CC_BY_NC_4_0,True,True,1,1,5292052331,False,False,,gbif_20260923T091718Z/page_year-2025_offset-000000.json,2026-09-23T09:18:20Z
37de846831a0ef6c,6399663288,2025-08-18,2025-08-18T09:45:00Z,1.0,2025,8,ete_ouvrieres,46.714,-1.35,4.0,precise_100m,85089,La Ferrière,85,"Vespa velutina Lepeletier, 1836",SPECIES,HUMAN_OBSERVATION,iNaturalist,50c9509d-22c7-4a22-a47d-8c48425ef4a7,CC_BY_NC_4_0,True,True,1,1,6399663288,False,False,,gbif_20260923T091718Z/page_year-2025_offset-000000.json,2026-09-23T09:18:20Z
f842a0e55ab092bd,5293036811,2025-08-18,2025-08-18T17:57:49Z,1.0,2025,8,ete_ouvrieres,47.717,-0.069,13.0,precise_100m,72154,La Flèche,72,"Vespa velutina Lepeletier, 1836",SPECIES,HUMAN_OBSERVATION,iNaturalist,50c9509d-22c7-4a22-a47d-8c48425ef4a7,CC_BY_NC_4_0,True,True,1,1,5293036811,False,False,,gbif_20260923T091718Z/page_year-2025_offset-000000.json,2026-09-23T09:18:20Z
809b35319a20e75c,5287853933,2025-08-19,,1.0,2025,8,ete_ouvrieres,47.257,-0.073,2.0,precise_100m,49328,Saumur,49,"Vespa velutina Lepeletier, 1836",SPECIES,HUMAN_OBSERVATION,Observation.org,8a863029-f435-446a-821e-275f4f641165,CC_BY_NC_4_0,True,True,1,1,5287853933,False,False,,gbif_20260923T091718Z/page_year-2025_offset-000000.json,2026-09-23T09:18:20Z
99594d86dd8b6c64,5759561988,2025-08-21,2025-08-21T11:22:00Z,1.0,2025,8,ete_ouvrieres,47.502,-0.571,,inconnue,49007,Angers,49,"Vespa velutina Lepeletier, 1836",SPECIES,HUMAN_OBSERVATION,iNaturalist,50c9509d-22c7-4a22-a47d-8c48425ef4a7,CC_BY_NC_4_0,True,True,1,1,5759561988,False,False,Q08_incertitude_connue,gbif_20260923T091718Z/page_year-2025_offset-000000.json,2026-09-23T09:18:20Z
ff85feec4288d8b2,5828900631,2025-08-22,2025-08-22T12:50:00Z,1.0,2025,8,ete_ouvrieres,48.019,-0.874,,inconnue,53001,Ahuillé,53,"Vespa velutina nigrithorax Buysson, 1905",SUBSPECIES,HUMAN_OBSERVATION,iNaturalist,50c9509d-22c7-4a22-a47d-8c48425ef4a7,CC_BY_NC_4_0,True,True,1,1,5828900631,False,True,Q08_incertitude_connue,gbif_20260923T091718Z/page_year-2025_offset-000000.json,2026-09-23T09:18:20Z
0a650aa410aef9c8,5761167337,2025-08-25,2025-08-25T18:31:59Z,1.0,2025,8,ete_ouvrieres,48.083,0.295,,inconnue,72329,Savigné-l'Évêque,72,"Vespa velutina Lepeletier, 1836",SPECIES,HUMAN_OBSERVATION,iNaturalist,50c9509d-22c7-4a22-a47d-8c48425ef4a7,CC_BY_NC_4_0,True,True,1,1,5761167337,False,True,Q08_incertitude_connue,gbif_20260923T091718Z/page_year-2025_offset-000000.json,2026-09-23T09:18:20Z
0c9339556baca128,5760927244,2025-08-25,2025-08-25T15:59:28Z,1.0,2025,8,ete_ouvrieres,46.674,-0.886,288.0,moyenne_1km,85154,Mouilleron-Saint-Germain,85,"Vespa velutina Lepeletier, 1836",SPECIES,HUMAN_OBSERVATION,iNaturalist,50c9509d-22c7-4a22-a47d-8c48425ef4a7,CC_BY_NC_4_0,True,True,1,1,5760927244,False,False,,gbif_20260923T091718Z/page_year-2025_offset-000000.json,2026-09-23T09:18:20Z
c60116bbf4688c15,5760209528,2025-08-26,2025-08-26T13:18:58Z,1.0,2025,8,ete_ouvrieres,46.944,-1.065,68.0,precise_100m,85097,La Gaubretière,85,"Vespa velutina Lepeletier, 1836",SPECIES,HUMAN_OBSERVATION,iNaturalist,50c9509d-22c7-4a22-a47d-8c48425ef4a7,CC_BY_NC_4_0,True,True,1,1,5760209528,False,False,,gbif_20260923T091718Z/page_year-2025_offset-000000.json,2026-09-23T09:18:20Z
8ae352d94a5c129a,5828070664,2025-08-28,2025-08-28T15:36:00Z,1.0,2025,8,ete_ouvrieres,47.221,-1.543,,inconnue,44109,Nantes,44,"Vespa velutina Lepeletier, 1836",SPECIES,HUMAN_OBSERVATION,iNaturalist,50c9509d-22c7-4a22-a47d-8c48425ef4a7,CC_BY_NC_4_0,True,True,1,1,5828070664,False,False,Q08_incertitude_connue,gbif_20260923T091718Z/page_year-2025_offset-000000.json,2026-09-23T09:18:20Z
55787e84446fe4fc,5760698863,2025-08-30,2025-08-30T13:38:45Z,1.0,2025,8,ete_ouvrieres,47.523,-0.189,4.0,precise_100m,49018,Baugé-en-Anjou,49,"Vespa velutina Lepeletier, 1836",SPECIES,HUMAN_OBSERVATION,iNaturalist,50c9509d-22c7-4a22-a47d-8c48425ef4a7,CC_BY_NC_4_0,True,True,1,1,5760698863,False,False,,gbif_20260923T091718Z/page_year-2025_offset-000000.json,2026-09-23T09:18:20Z
bd46f372c565bc72,5760945385,2025-08-30,2025-08-30T16:19:38Z,1.0,2025,8,ete_ouvrieres,46.766,-1.764,227.0,moyenne_1km,85006,Apremont,85,"Vespa velutina nigrithorax Buysson, 1905",SUBSPECIES,HUMAN_OBSERVATION,iNaturalist,50c9509d-22c7-4a22-a47d-8c48425ef4a7,CC_BY_NC_4_0,True,True,1,1,5760945385,False,False,,gbif_20260923T091718Z/page_year-2025_offset-000000.json,2026-09-23T09:18:20Z
712b1773400aa3ca,5828071499,2025-09-02,2025-09-02T14:40:49Z,1.0,2025,9,automne_reproduction,47.216,-1.55,,inconnue,44109,Nantes,44,"Vespa velutina nigrithorax Buysson, 1905",SUBSPECIES,HUMAN_OBSERVATION,iNaturalist,50c9509d-22c7-4a22-a47d-8c48425ef4a7,CC0_1_0,False,False,2,1,5828071499;5828329713,False,False,Q08_incertitude_connue,gbif_20260923T091718Z/page_year-2025_offset-000000.json,2026-09-23T09:18:20Z
a0efd48b1dab6057,5827771419,2025-09-02,2025-09-02T14:54:19Z,1.0,2025,9,automne_reproduction,47.217,-1.55,,inconnue,44109,Nantes,44,"Vespa velutina nigrithorax Buysson, 1905",SUBSPECIES,HUMAN_OBSERVATION,iNaturalist,50c9509d-22c7-4a22-a47d-8c48425ef4a7,CC0_1_0,False,False,1,1,5827771419,False,False,Q08_incertitude_connue,gbif_20260923T091718Z/page_year-2025_offset-000000.json,2026-09-23T09:18:20Z
d031f024e6726b8b,5760367336,2025-09-02,2025-09-02T11:22:07Z,1.0,2025,9,automne_reproduction,47.196,-1.567,,inconnue,44143,Rezé,44,"Vespa velutina nigrithorax Buysson, 1905",SUBSPECIES,HUMAN_OBSERVATION,iNaturalist,50c9509d-22c7-4a22-a47d-8c48425ef4a7,CC0_1_0,False,False,1,1,5760367336,False,False,Q08_incertitude_connue,gbif_20260923T091718Z/page_year-2025_offset-000000.json,2026-09-23T09:18:20Z
96b6ba503a892857,5827801029,2025-09-04,2025-09-04T10:09:27Z,1.0,2025,9,automne_reproduction,47.453,-0.562,20.0,precise_100m,49007,Angers,49,"Vespa velutina Lepeletier, 1836",SPECIES,HUMAN_OBSERVATION,iNaturalist,50c9509d-22c7-4a22-a47d-8c48425ef4a7,CC_BY_NC_4_0,True,True,1,1,5827801029,False,False,,gbif_20260923T091718Z/page_year-2025_offset-000000.json,2026-09-23T09:18:20Z
a0548396026b13cf,5827832629,2025-09-05,2025-09-05T09:38:16Z,1.0,2025,9,automne_reproduction,47.191,-1.571,,inconnue,44143,Rezé,44,"Vespa velutina Lepeletier, 1836",SPECIES,HUMAN_OBSERVATION,iNaturalist,50c9509d-22c7-4a22-a47d-8c48425ef4a7,CC0_1_0,False,False,1,1,5827832629,False,False,Q08_incertitude_connue,gbif_20260923T091718Z/page_year-2025_offset-000000.json,2026-09-23T09:18:20Z
a7b5a201321d3a53,5827633976,2025-09-06,2025-09-06T11:58:47Z,1.0,2025,9,automne_reproduction,46.495,-0.761,,inconnue,85256,Saint-Michel-le-Cloucq,85,"Vespa velutina nigrithorax Buysson, 1905",SUBSPECIES,HUMAN_OBSERVATION,iNaturalist,50c9509d-22c7-4a22-a47d-8c48425ef4a7,CC_BY_NC_4_0,True,True,1,1,5827633976,False,False,Q08_incertitude_connue,gbif_20260923T091718Z/page_year-2025_offset-000000.json,2026-09-23T09:18:20Z
1843fec28a72517a,5903946175,2025-09-14,2025-09-14T18:11:35Z,1.0,2025,9,automne_reproduction,47.723,-1.49,,inconnue,44153,Saint-Aubin-des-Châteaux,44,"Vespa velutina nigrithorax Buysson, 1905",SUBSPECIES,HUMAN_OBSERVATION,iNaturalist,50c9509d-22c7-4a22-a47d-8c48425ef4a7,CC_BY_NC_4_0,True,True,1,1,5903946175,False,True,Q08_incertitude_connue,gbif_20260923T091718Z/page_year-2025_offset-000000.json,2026-09-23T09:18:20Z
87791ee1f4369f0f,6252074904,2025-09-17,2025-09-17T15:00:00Z,1.0,2025,9,automne_reproduction,48.057,-0.787,,inconnue,53130,Laval,53,"Vespa velutina nigrithorax Buysson, 1905",SUBSPECIES,HUMAN_OBSERVATION,iNaturalist,50c9509d-22c7-4a22-a47d-8c48425ef4a7,CC_BY_NC_4_0,True,True,1,1,6252074904,False,False,Q08_incertitude_connue,gbif_20260923T091718Z/page_year-2025_offset-000000.json,2026-09-23T09:18:20Z
01a7e77cff7721e8,5867769266,2025-09-20,2025-09-20T09:55:00Z,1.0,2025,9,automne_reproduction,47.91,-0.718,,inconnue,53136,La Roche-Neuville,53,"Vespa velutina nigrithorax Buysson, 1905",SUBSPECIES,HUMAN_OBSERVATION,iNaturalist,50c9509d-22c7-4a22-a47d-8c48425ef4a7,CC_BY_NC_4_0,True,True,2,1,5867769266;5889870215,False,True,Q08_incertitude_connue,gbif_20260923T091718Z/page_year-2025_offset-000000.json,2026-09-23T09:18:20Z
18f62ced4db6509e,5830427873,2025-09-21,2025-09-21T17:48:16Z,1.0,2025,9,automne_reproduction,46.534,-1.224,1261.0,faible_5km,85135,Mareuil-sur-Lay-Dissais,85,"Vespa velutina Lepeletier, 1836",SPECIES,HUMAN_OBSERVATION,iNaturalist,50c9509d-22c7-4a22-a47d-8c48425ef4a7,CC_BY_NC_4_0,True,True,1,1,5830427873,False,True,,gbif_20260923T091718Z/page_year-2025_offset-000000.json,2026-09-23T09:18:20Z
4c039402064db309,5837914646,2025-09-22,2025-09-22T10:07:00Z,1.0,2025,9,automne_reproduction,47.239,-1.555,,inconnue,44109,Nantes,44,"Vespa velutina Lepeletier, 1836",SPECIES,HUMAN_OBSERVATION,iNaturalist,50c9509d-22c7-4a22-a47d-8c48425ef4a7,CC_BY_NC_4_0,True,True,1,1,5837914646,False,False,Q08_incertitude_connue,gbif_20260923T091718Z/page_year-2025_offset-000000.json,2026-09-23T09:18:20Z
27e17f53c907d247,5839863086,2025-09-25,2025-09-25T06:35:00Z,1.0,2025,9,automne_reproduction,47.354,-0.448,2.0,precise_100m,49050,Brissac Loire Aubance,49,"Vespa velutina Lepeletier, 1836",SPECIES,HUMAN_OBSERVATION,iNaturalist,50c9509d-22c7-4a22-a47d-8c48425ef4a7,CC_BY_4_0,True,False,1,1,5839863086,False,False,,gbif_20260923T091718Z/page_year-2025_offset-000000.json,2026-09-23T09:18:20Z
cebcf9d096b1177c,5839920869,2025-10-03,2025-10-03T09:59:13Z,1.0,2025,10,automne_reproduction,47.246,-1.552,5.0,precise_100m,44109,Nantes,44,"Vespa velutina nigrithorax Buysson, 1905",SUBSPECIES,HUMAN_OBSERVATION,iNaturalist,50c9509d-22c7-4a22-a47d-8c48425ef4a7,CC_BY_NC_4_0,True,True,1,1,5839920869,False,False,,gbif_20260923T091718Z/page_year-2025_offset-000000.json,2026-09-23T09:18:20Z
58d7fac8a629b9a8,5844130905,2025-10-09,2025-10-09T12:32:30Z,1.0,2025,10,automne_reproduction,47.47,-0.56,3.0,precise_100m,49007,Angers,49,"Vespa velutina nigrithorax Buysson, 1905",SUBSPECIES,HUMAN_OBSERVATION,iNaturalist,50c9509d-22c7-4a22-a47d-8c48425ef4a7,CC_BY_NC_4_0,True,True,1,1,5844130905,False,False,,gbif_20260923T091718Z/page_year-2025_offset-000000.json,2026-09-23T09:18:20Z
3ba8708a8a88c39d,6352284975,2025-10-10,2025-10-10T10:59:00Z,1.0,2025,10,automne_reproduction,48.054,-0.79,,inconnue,53130,Laval,53,"Vespa velutina nigrithorax Buysson, 1905",SUBSPECIES,HUMAN_OBSERVATION,iNaturalist,50c9509d-22c7-4a22-a47d-8c48425ef4a7,CC_BY_NC_4_0,True,True,1,1,6352284975,False,False,Q08_incertitude_connue,gbif_20260923T091718Z/page_year-2025_offset-000000.json,2026-09-23T09:18:20Z
a5e1d63567e9d9d9,5844279918,2025-10-11,2025-10-11T01:34:05Z,1.0,2025,10,automne_reproduction,46.534,-1.224,1261.0,faible_5km,85135,Mareuil-sur-Lay-Dissais,85,"Vespa velutina Lepeletier, 1836",SPECIES,HUMAN_OBSERVATION,iNaturalist,50c9509d-22c7-4a22-a47d-8c48425ef4a7,CC_BY_NC_4_0,True,True,1,1,5844279918,False,False,,gbif_20260923T091718Z/page_year-2025_offset-000000.json,2026-09-23T09:18:20Z
a9347494adb28948,5844345404,2025-10-11,2025-10-11T13:59:00Z,1.0,2025,10,automne_reproduction,48.395,-0.109,2.0,precise_100m,53246,Saint-Pierre-des-Nids,53,"Vespa velutina nigrithorax Buysson, 1905",SUBSPECIES,HUMAN_OBSERVATION,iNaturalist,50c9509d-22c7-4a22-a47d-8c48425ef4a7,CC_BY_4_0,True,False,1,1,5844345404,False,False,,gbif_20260923T091718Z/page_year-2025_offset-000000.json,2026-09-23T09:18:20Z
fd0b159ec08f700c,5908814176,2025-10-18,2025-10-18T14:03:11Z,1.0,2025,10,automne_reproduction,47.206,-1.506,,inconnue,44190,Saint-Sébastien-sur-Loire,44,"Vespa velutina Lepeletier, 1836",SPECIES,HUMAN_OBSERVATION,iNaturalist,50c9509d-22c7-4a22-a47d-8c48425ef4a7,CC_BY_NC_4_0,True,True,1,1,5908814176,False,False,Q08_incertitude_connue,gbif_20260923T091718Z/page_year-2025_offset-000000.json,2026-09-23T09:18:20Z
eaed974576424cc3,6441416723,2025-10-25,2025-10-25T13:43:45Z,1.0,2025,10,automne_reproduction,46.951,-1.282,,inconnue,85146,Montaigu-Vendée,85,"Vespa velutina Lepeletier, 1836",SPECIES,HUMAN_OBSERVATION,iNaturalist,50c9509d-22c7-4a22-a47d-8c48425ef4a7,CC_BY_NC_4_0,True,True,1,1,6441416723,False,False,Q08_incertitude_connue,gbif_20260923T091718Z/page_year-2025_offset-000000.json,2026-09-23T09:18:20Z
58a0169b07b74ae5,5889772054,2025-10-26,2025-10-26T13:55:33Z,1.0,2025,10,automne_reproduction,46.479,-1.283,4.0,precise_100m,85036,La Bretonnière-la-Claye,85,"Vespa velutina nigrithorax Buysson, 1905",SUBSPECIES,HUMAN_OBSERVATION,iNaturalist,50c9509d-22c7-4a22-a47d-8c48425ef4a7,CC_BY_NC_4_0,True,True,1,1,5889772054,False,True,,gbif_20260923T091718Z/page_year-2025_offset-000000.json,2026-09-23T09:18:20Z
c9ab35a044ff179a,5889821815,2025-10-26,2025-10-26T14:24:00Z,1.0,2025,10,automne_reproduction,48.115,0.517,,inconnue,72363,Tuffé Val de la Chéronne,72,"Vespa velutina Lepeletier, 1836",SPECIES,HUMAN_OBSERVATION,iNaturalist,50c9509d-22c7-4a22-a47d-8c48425ef4a7,CC_BY_NC_4_0,True,True,1,1,5889821815,False,True,Q08_incertitude_connue,gbif_20260923T091718Z/page_year-2025_offset-000000.json,2026-09-23T09:18:20Z
e7ef6876d8198127,5889829185,2025-10-27,2025-10-27T10:49:00Z,1.0,2025,10,automne_reproduction,48.416,-0.123,,inconnue,53038,Boulay-les-Ifs,53,"Vespa velutina nigrithorax Buysson, 1905",SUBSPECIES,HUMAN_OBSERVATION,iNaturalist,50c9509d-22c7-4a22-a47d-8c48425ef4a7,CC_BY_NC_4_0,True,True,1,1,5889829185,False,False,Q08_incertitude_connue,gbif_20260923T091718Z/page_year-2025_offset-000000.json,2026-09-23T09:18:20Z
b5a3f2f9b154d8c3,5897497915,2025-10-30,2025-10-30T11:26:50Z,1.0,2025,10,automne_reproduction,47.461,-2.373,181.0,moyenne_1km,44072,Herbignac,44,"Vespa velutina Lepeletier, 1836",SPECIES,HUMAN_OBSERVATION,iNaturalist,50c9509d-22c7-4a22-a47d-8c48425ef4a7,CC_BY_NC_4_0,True,True,1,1,5897497915,False,False,,gbif_20260923T091718Z/page_year-2025_offset-000000.json,2026-09-23T09:18:20Z
86b059fd3b2bcefe,5889608654,2025-10-31,2025-10-31T06:51:00Z,1.0,2025,10,automne_reproduction,47.218,-1.694,15.0,precise_100m,44047,Couëron,44,"Vespa velutina Lepeletier, 1836",SPECIES,HUMAN_OBSERVATION,iNaturalist,50c9509d-22c7-4a22-a47d-8c48425ef4a7,CC_BY_NC_4_0,True,True,1,1,5889608654,False,False,,gbif_20260923T091718Z/page_year-2025_offset-000000.json,2026-09-23T09:18:20Z
c428de1d6cb9e117,5889969371,2025-10-31,2025-10-31T10:48:44Z,1.0,2025,10,automne_reproduction,46.535,-1.347,6.0,precise_100m,85050,Le Champ-Saint-Père,85,"Vespa velutina nigrithorax Buysson, 1905",SUBSPECIES,HUMAN_OBSERVATION,iNaturalist,50c9509d-22c7-4a22-a47d-8c48425ef4a7,CC_BY_NC_4_0,True,True,1,1,5889969371,False,False,,gbif_20260923T091718Z/page_year-2025_offset-000000.json,2026-09-23T09:18:20Z
1303ea04d64a25c5,6399359691,2025-11-01,2025-11-01T09:50:58Z,1.0,2025,11,automne_reproduction,47.0,-2.239,,inconnue,85163,Noirmoutier-en-l'Île,85,"Vespa velutina Lepeletier, 1836",SPECIES,HUMAN_OBSERVATION,iNaturalist,50c9509d-22c7-4a22-a47d-8c48425ef4a7,CC_BY_4_0,True,False,1,1,6399359691,False,False,Q08_incertitude_connue,gbif_20260923T091718Z/page_year-2025_offset-000000.json,2026-09-23T09:18:20Z
314b95f9c06474e2,5935810564,2025-11-09,2025-11-09T14:34:00Z,1.0,2025,11,automne_reproduction,47.089,-1.276,17.0,precise_100m,44043,Clisson,44,"Vespa velutina Lepeletier, 1836",SPECIES,HUMAN_OBSERVATION,iNaturalist,50c9509d-22c7-4a22-a47d-8c48425ef4a7,CC_BY_NC_4_0,True,True,1,1,5935810564,False,False,,gbif_20260923T091718Z/page_year-2025_offset-000000.json,2026-09-23T09:18:20Z
a9d78e55325c85d8,5909056080,2025-11-29,2025-11-29T11:42:00Z,1.0,2025,11,automne_reproduction,48.343,-0.268,4.0,precise_100m,53271,Villaines-la-Juhel,53,"Vespa velutina Lepeletier, 1836",SPECIES,HUMAN_OBSERVATION,iNaturalist,50c9509d-22c7-4a22-a47d-8c48425ef4a7,CC_BY_NC_4_0,True,True,1,1,5909056080,False,False,,gbif_20260923T091718Z/page_year-2025_offset-000000.json,2026-09-23T09:18:20Z
d5f79c593284b86b,5932516088,2025-12-14,2025-12-14T14:02:00Z,1.0,2025,12,hiver_hivernage,47.51,-0.5,31.0,precise_100m,49323,Verrières-en-Anjou,49,"Vespa velutina nigrithorax Buysson, 1905",SUBSPECIES,HUMAN_OBSERVATION,iNaturalist,50c9509d-22c7-4a22-a47d-8c48425ef4a7,CC_BY_NC_4_0,True,True,1,1,5932516088,False,False,,gbif_20260923T091718Z/page_year-2025_offset-000000.json,2026-09-23T09:18:20Z
c110549d97b8a0d5,6130932094,2026-01-24,2026-01-24T12:23:42Z,1.0,2026,1,hiver_hivernage,48.206,-0.428,,inconnue,53153,Mézangers,53,"Vespa velutina nigrithorax Buysson, 1905",SUBSPECIES,HUMAN_OBSERVATION,iNaturalist,50c9509d-22c7-4a22-a47d-8c48425ef4a7,CC_BY_4_0,True,False,1,1,6130932094,False,True,Q08_incertitude_connue,gbif_20260923T091718Z/page_year-2026_offset-000000.json,2026-09-23T09:18:20Z
7bc5e34c8465635b,6133380867,2026-01-28,2026-01-28T16:13:00Z,1.0,2026,1,hiver_hivernage,46.61,-1.539,8.0,precise_100m,85211,Sainte-Flaive-des-Loups,85,"Vespa velutina nigrithorax Buysson, 1905",SUBSPECIES,HUMAN_OBSERVATION,iNaturalist,50c9509d-22c7-4a22-a47d-8c48425ef4a7,CC_BY_NC_4_0,True,True,1,1,6133380867,False,False,,gbif_20260923T091718Z/page_year-2026_offset-000000.json,2026-09-23T09:18:20Z
b80f5c081dabd203,6147387603,2026-02-07,2026-02-07T15:03:00Z,1.0,2026,2,printemps_fondatrices,47.919,0.163,2.0,precise_100m,72344,Spay,72,"Vespa velutina Lepeletier, 1836",SPECIES,HUMAN_OBSERVATION,iNaturalist,50c9509d-22c7-4a22-a47d-8c48425ef4a7,CC_BY_NC_4_0,True,True,1,1,6147387603,False,False,,gbif_20260923T091718Z/page_year-2026_offset-000000.json,2026-09-23T09:18:20Z
84c12119a4e29bb8,6159493563,2026-02-14,2026-02-14T17:21:00Z,1.0,2026,2,printemps_fondatrices,46.566,-1.55,8.0,precise_100m,85161,Nieul-le-Dolent,85,"Vespa velutina nigrithorax Buysson, 1905",SUBSPECIES,HUMAN_OBSERVATION,iNaturalist,50c9509d-22c7-4a22-a47d-8c48425ef4a7,CC_BY_NC_4_0,True,True,1,1,6159493563,False,False,,gbif_20260923T091718Z/page_year-2026_offset-000000.json,2026-09-23T09:18:20Z
0838cfe2d8d1c729,6171040374,2026-02-25,2026-02-25T11:33:05Z,1.0,2026,2,printemps_fondatrices,47.126,-1.933,26.0,precise_100m,44005,Chaumes-en-Retz,44,"Vespa velutina Lepeletier, 1836",SPECIES,HUMAN_OBSERVATION,iNaturalist,50c9509d-22c7-4a22-a47d-8c48425ef4a7,CC_BY_NC_4_0,True,True,1,1,6171040374,False,False,,gbif_20260923T091718Z/page_year-2026_offset-000000.json,2026-09-23T09:18:20Z
4d131f1a40e77937,6184980135,2026-03-20,2026-03-20T14:38:53Z,1.0,2026,3,printemps_fondatrices,47.235,-0.461,24.0,precise_100m,49086,Terranjou,49,"Vespa velutina Lepeletier, 1836",SPECIES,HUMAN_OBSERVATION,iNaturalist,50c9509d-22c7-4a22-a47d-8c48425ef4a7,CC_BY_NC_4_0,True,True,1,1,6184980135,False,False,,gbif_20260923T091718Z/page_year-2026_offset-000000.json,2026-09-23T09:18:20Z
493f0559bf4813f1,6441060059,2026-04-01,2026-04-01T05:48:00Z,1.0,2026,4,printemps_fondatrices,47.294,-2.219,15.0,precise_100m,44184,Saint-Nazaire,44,"Vespa velutina nigrithorax Buysson, 1905",SUBSPECIES,HUMAN_OBSERVATION,iNaturalist,50c9509d-22c7-4a22-a47d-8c48425ef4a7,CC_BY_NC_4_0,True,True,1,1,6441060059,False,False,,gbif_20260923T091718Z/page_year-2026_offset-000000.json,2026-09-23T09:18:20Z
aa82e506fc6fd8d2,6195883697,2026-04-06,2026-04-06T08:23:00Z,1.0,2026,4,printemps_fondatrices,48.207,-0.43,,inconnue,53153,Mézangers,53,"Vespa velutina Lepeletier, 1836",SPECIES,HUMAN_OBSERVATION,iNaturalist,50c9509d-22c7-4a22-a47d-8c48425ef4a7,CC_BY_NC_4_0,True,True,1,1,6195883697,False,False,Q08_incertitude_connue,gbif_20260923T091718Z/page_year-2026_offset-000000.json,2026-09-23T09:18:20Z
c82d660d0a0e602e,6400177628,2026-04-11,2026-04-11T06:34:00Z,1.0,2026,4,printemps_fondatrices,48.231,-1.047,285.0,moyenne_1km,53123,Juvigné,53,"Vespa velutina Lepeletier, 1836",SPECIES,HUMAN_OBSERVATION,iNaturalist,50c9509d-22c7-4a22-a47d-8c48425ef4a7,CC_BY_NC_4_0,True,True,1,1,6400177628,False,False,,gbif_20260923T091718Z/page_year-2026_offset-000000.json,2026-09-23T09:18:20Z
4e5f11f95d1931ed,6234509867,2026-04-16,2026-04-16T16:23:00Z,1.0,2026,4,printemps_fondatrices,46.896,-0.931,,inconnue,85082,Les Epesses,85,"Vespa velutina Lepeletier, 1836",SPECIES,HUMAN_OBSERVATION,iNaturalist,50c9509d-22c7-4a22-a47d-8c48425ef4a7,CC_BY_NC_4_0,True,True,1,1,6234509867,False,True,Q08_incertitude_connue,gbif_20260923T091718Z/page_year-2026_offset-000000.json,2026-09-23T09:18:20Z
34a0af87335c63ab,6234869267,2026-04-17,2026-04-17T16:06:19Z,1.0,2026,4,printemps_fondatrices,47.487,-0.519,6.0,precise_100m,49007,Angers,49,"Vespa velutina Lepeletier, 1836",SPECIES,HUMAN_OBSERVATION,iNaturalist,50c9509d-22c7-4a22-a47d-8c48425ef4a7,CC_BY_NC_4_0,True,True,1,1,6234869267,False,False,,gbif_20260923T091718Z/page_year-2026_offset-000000.json,2026-09-23T09:18:20Z
5c1afbee1be20cd0,6234862821,2026-04-17,2026-04-17T11:25:41Z,1.0,2026,4,printemps_fondatrices,48.443,-0.931,,inconnue,53093,La Dorée,53,"Vespa velutina nigrithorax Buysson, 1905",SUBSPECIES,HUMAN_OBSERVATION,iNaturalist,50c9509d-22c7-4a22-a47d-8c48425ef4a7,CC_BY_NC_4_0,True,True,1,1,6234862821,False,True,Q08_incertitude_connue,gbif_20260923T091718Z/page_year-2026_offset-000000.json,2026-09-23T09:18:20Z
ef260bfcedbdb47f,6441483772,2026-04-18,2026-04-18T08:53:00Z,1.0,2026,4,printemps_fondatrices,47.401,-0.372,3021.0,faible_5km,49029,Blaison-Saint-Sulpice,49,"Vespa velutina Lepeletier, 1836",SPECIES,HUMAN_OBSERVATION,iNaturalist,50c9509d-22c7-4a22-a47d-8c48425ef4a7,CC_BY_NC_4_0,True,True,1,1,6441483772,False,False,,gbif_20260923T091718Z/page_year-2026_offset-000000.json,2026-09-23T09:18:20Z
46489ac175e1a3c3,6234863009,2026-04-24,2026-04-24T12:55:25Z,1.0,2026,4,printemps_fondatrices,47.449,-0.554,9.0,precise_100m,49007,Angers,49,"Vespa velutina Lepeletier, 1836",SPECIES,HUMAN_OBSERVATION,iNaturalist,50c9509d-22c7-4a22-a47d-8c48425ef4a7,CC_BY_NC_4_0,True,True,1,1,6234863009,False,False,,gbif_20260923T091718Z/page_year-2026_offset-000000.json,2026-09-23T09:18:20Z
4ee809bff7191825,6234283772,2026-04-25,2026-04-25T07:27:21Z,1.0,2026,4,printemps_fondatrices,48.395,-0.109,4.0,precise_100m,53246,Saint-Pierre-des-Nids,53,"Vespa velutina Lepeletier, 1836",SPECIES,HUMAN_OBSERVATION,iNaturalist,50c9509d-22c7-4a22-a47d-8c48425ef4a7,CC_BY_4_0,True,False,1,1,6234283772,False,False,,gbif_20260923T091718Z/page_year-2026_offset-000000.json,2026-09-23T09:18:20Z
2d8c92e116d1252d,6234281023,2026-04-27,2026-04-27T09:05:10Z,1.0,2026,4,printemps_fondatrices,47.997,0.255,5.0,precise_100m,72386,Yvré-l'Évêque,72,"Vespa velutina Lepeletier, 1836",SPECIES,HUMAN_OBSERVATION,iNaturalist,50c9509d-22c7-4a22-a47d-8c48425ef4a7,CC_BY_NC_4_0,True,True,1,1,6234281023,False,False,,gbif_20260923T091718Z/page_year-2026_offset-000000.json,2026-09-23T09:18:20Z
53ae571d13ab5a7f,6253205557,2026-04-28,2026-04-28T17:32:00Z,1.0,2026,4,printemps_fondatrices,47.47,-0.519,23.0,precise_100m,49267,Saint-Barthélemy-d'Anjou,49,"Vespa velutina nigrithorax Buysson, 1905",SUBSPECIES,HUMAN_OBSERVATION,iNaturalist,50c9509d-22c7-4a22-a47d-8c48425ef4a7,CC_BY_NC_4_0,True,True,1,1,6253205557,False,False,,gbif_20260923T091718Z/page_year-2026_offset-000000.json,2026-09-23T09:18:20Z
b213109554b62068,6253149180,2026-04-30,2026-04-30T13:05:22Z,1.0,2026,4,printemps_fondatrices,47.249,0.0,12.0,precise_100m,49361,Varennes-sur-Loire,49,"Vespa velutina Lepeletier, 1836",SPECIES,HUMAN_OBSERVATION,iNaturalist,50c9509d-22c7-4a22-a47d-8c48425ef4a7,CC_BY_NC_4_0,True,True,1,1,6253149180,False,False,,gbif_20260923T091718Z/page_year-2026_offset-000000.json,2026-09-23T09:18:20Z
348843176cf88e92,6320805881,2026-05-13,2026-05-13T08:15:56Z,1.0,2026,5,printemps_fondatrices,47.308,-2.432,,inconnue,44069,Guérande,44,"Vespa velutina Lepeletier, 1836",SPECIES,HUMAN_OBSERVATION,iNaturalist,50c9509d-22c7-4a22-a47d-8c48425ef4a7,CC_BY_4_0,True,False,1,1,6320805881,False,False,Q08_incertitude_connue,gbif_20260923T091718Z/page_year-2026_offset-000000.json,2026-09-23T09:18:20Z
7552e9877cc3bc2c,6320722742,2026-05-17,2026-05-17T16:52:00Z,1.0,2026,5,printemps_fondatrices,47.469,-0.474,61.0,precise_100m,49267,Saint-Barthélemy-d'Anjou,49,"Vespa velutina Lepeletier, 1836",SPECIES,HUMAN_OBSERVATION,iNaturalist,50c9509d-22c7-4a22-a47d-8c48425ef4a7,CC_BY_NC_4_0,True,True,1,1,6320722742,False,False,,gbif_20260923T091718Z/page_year-2026_offset-000000.json,2026-09-23T09:18:20Z
b13ebbb253c349bd,6334047060,2026-05-23,2026-05-23T07:39:14Z,1.0,2026,5,printemps_fondatrices,47.833,0.206,36.0,precise_100m,72306,Saint-Ouen-en-Belin,72,"Vespa velutina Lepeletier, 1836",SPECIES,HUMAN_OBSERVATION,iNaturalist,50c9509d-22c7-4a22-a47d-8c48425ef4a7,CC_BY_NC_4_0,True,True,1,1,6334047060,False,True,,gbif_20260923T091718Z/page_year-2026_offset-000000.json,2026-09-23T09:18:20Z
275f2c71a9f84615,6352506961,2026-05-28,2026-05-28T12:03:06Z,1.0,2026,5,printemps_fondatrices,48.224,0.591,11.0,precise_100m,72062,La Chapelle-du-Bois,72,"Vespa velutina Lepeletier, 1836",SPECIES,HUMAN_OBSERVATION,iNaturalist,50c9509d-22c7-4a22-a47d-8c48425ef4a7,CC_BY_NC_4_0,True,True,1,1,6352506961,False,True,,gbif_20260923T091718Z/page_year-2026_offset-000000.json,2026-09-23T09:18:20Z
aad444793fbb3ee8,6470452555,2026-06-05,2026-06-05T10:16:00Z,1.0,2026,6,ete_ouvrieres,47.401,-0.372,3021.0,faible_5km,49029,Blaison-Saint-Sulpice,49,"Vespa velutina Lepeletier, 1836",SPECIES,HUMAN_OBSERVATION,iNaturalist,50c9509d-22c7-4a22-a47d-8c48425ef4a7,CC_BY_NC_4_0,True,True,1,1,6470452555,False,False,,gbif_20260923T091718Z/page_year-2026_offset-000000.json,2026-09-23T09:18:20Z
3b7835b0ed680826,6422126902,2026-06-23,2026-06-23T07:41:40Z,1.0,2026,6,ete_ouvrieres,47.254,-1.55,19.0,precise_100m,44109,Nantes,44,"Vespa velutina Lepeletier, 1836",SPECIES,HUMAN_OBSERVATION,iNaturalist,50c9509d-22c7-4a22-a47d-8c48425ef4a7,CC_BY_NC_4_0,True,True,1,1,6422126902,False,False,,gbif_20260923T091718Z/page_year-2026_offset-000000.json,2026-09-23T09:18:20Z
a021f52f542edbaa,6422155651,2026-06-28,2026-06-28T12:45:14Z,1.0,2026,6,ete_ouvrieres,47.27,-1.521,3.0,precise_100m,44109,Nantes,44,"Vespa velutina Lepeletier, 1836",SPECIES,HUMAN_OBSERVATION,iNaturalist,50c9509d-22c7-4a22-a47d-8c48425ef4a7,CC_BY_NC_4_0,True,True,1,1,6422155651,False,False,,gbif_20260923T091718Z/page_year-2026_offset-000000.json,2026-09-23T09:18:20Z
f5862d9692283f99,6430776134,2026-06-30,2026-06-30T21:45:00Z,1.0,2026,6,ete_ouvrieres,48.361,-0.72,15.0,precise_100m,53064,Châtillon-sur-Colmont,53,"Vespa velutina nigrithorax Buysson, 1905",SUBSPECIES,HUMAN_OBSERVATION,iNaturalist,50c9509d-22c7-4a22-a47d-8c48425ef4a7,CC_BY_NC_4_0,True,True,1,1,6430776134,False,True,,gbif_20260923T091718Z/page_year-2026_offset-000000.json,2026-09-23T09:18:20Z
8268c48a77ca4fb7,6431396874,2026-07-01,2026-07-01T14:30:13Z,1.0,2026,7,ete_ouvrieres,47.181,-1.576,106.0,moyenne_1km,44020,Bouguenais,44,"Vespa velutina Lepeletier, 1836",SPECIES,HUMAN_OBSERVATION,iNaturalist,50c9509d-22c7-4a22-a47d-8c48425ef4a7,CC_BY_NC_4_0,True,True,1,1,6431396874,False,False,,gbif_20260923T091718Z/page_year-2026_offset-000000.json,2026-09-23T09:18:20Z
7c3b8059ed74b41a,6431707670,2026-07-02,2026-07-02T15:17:19Z,1.0,2026,7,ete_ouvrieres,47.48,-0.602,410.0,moyenne_1km,49007,Angers,49,"Vespa velutina nigrithorax Buysson, 1905",SUBSPECIES,HUMAN_OBSERVATION,iNaturalist,50c9509d-22c7-4a22-a47d-8c48425ef4a7,CC_BY_4_0,True,False,1,1,6431707670,False,False,,gbif_20260923T091718Z/page_year-2026_offset-000000.json,2026-09-23T09:18:20Z
3cb7c4bacfc97e26,6448928409,2026-07-10,,1.0,2026,7,ete_ouvrieres,47.301,-1.557,,inconnue,44035,La Chapelle-sur-Erdre,44,"Vespa velutina Lepeletier, 1836",SPECIES,HUMAN_OBSERVATION,Observation.org,8a863029-f435-446a-821e-275f4f641165,CC_BY_NC_4_0,True,True,1,1,6448928409,False,False,Q08_incertitude_connue,gbif_20260923T091718Z/page_year-2026_offset-000000.json,2026-09-23T09:18:20Z
7d92e9eac5007447,6452063564,2026-07-18,2026-07-18T18:43:00Z,1.0,2026,7,ete_ouvrieres,47.267,-1.454,5.0,precise_100m,44204,Thouaré-sur-Loire,44,"Vespa velutina Lepeletier, 1836",SPECIES,HUMAN_OBSERVATION,iNaturalist,50c9509d-22c7-4a22-a47d-8c48425ef4a7,CC_BY_NC_4_0,True,True,1,1,6452063564,False,False,,gbif_20260923T091718Z/page_year-2026_offset-000000.json,2026-09-23T09:18:20Z
e8a5855b73589791,6451749633,2026-07-18,2026-07-18T14:40:34Z,1.0,2026,7,ete_ouvrieres,47.24,-1.542,24.0,precise_100m,44109,Nantes,44,"Vespa velutina Lepeletier, 1836",SPECIES,HUMAN_OBSERVATION,iNaturalist,50c9509d-22c7-4a22-a47d-8c48425ef4a7,CC_BY_NC_4_0,True,True,1,1,6451749633,False,False,,gbif_20260923T091718Z/page_year-2026_offset-000000.json,2026-09-23T09:18:20Z
ecb36195345cb233,6451891817,2026-07-19,2026-07-19T17:47:21Z,1.0,2026,7,ete_ouvrieres,47.096,-1.284,33.0,precise_100m,44043,Clisson,44,"Vespa velutina Lepeletier, 1836",SPECIES,HUMAN_OBSERVATION,iNaturalist,50c9509d-22c7-4a22-a47d-8c48425ef4a7,CC0_1_0,False,False,1,1,6451891817,False,False,,gbif_20260923T091718Z/page_year-2026_offset-000000.json,2026-09-23T09:18:20Z
983297747aa0c27e,6470066736,2026-07-21,2026-07-21T17:23:29Z,1.0,2026,7,ete_ouvrieres,47.223,-1.611,7.0,precise_100m,44162,Saint-Herblain,44,"Vespa velutina Lepeletier, 1836",SPECIES,HUMAN_OBSERVATION,iNaturalist,50c9509d-22c7-4a22-a47d-8c48425ef4a7,CC_BY_NC_4_0,True,True,1,1,6470066736,False,False,,gbif_20260923T091718Z/page_year-2026_offset-000000.json,2026-09-23T09:18:20Z
4fbd457de920fbc3,6470284716,2026-07-23,2026-07-23T09:33:34Z,1.0,2026,7,ete_ouvrieres,47.275,-2.489,2.0,precise_100m,44010,Batz-sur-Mer,44,"Vespa velutina Lepeletier, 1836",SPECIES,HUMAN_OBSERVATION,iNaturalist,50c9509d-22c7-4a22-a47d-8c48425ef4a7,CC_BY_NC_4_0,True,True,1,1,6470284716,False,False,,gbif_20260923T091718Z/page_year-2026_offset-000000.json,2026-09-23T09:18:20Z
01d4712105a228f3,6486816973,2026-07-27,,1.0,2026,7,ete_ouvrieres,47.215,0.061,1.0,precise_100m,49219,Montsoreau,49,"Vespa velutina nigrithorax Buysson, 1905",SUBSPECIES,HUMAN_OBSERVATION,Observation.org,8a863029-f435-446a-821e-275f4f641165,CC_BY_NC_4_0,True,True,1,1,6486816973,False,False,,gbif_20260923T091718Z/page_year-2026_offset-000000.json,2026-09-23T09:18:20Z
54dc2fd63d00eda0,6480712695,2026-08-08,2026-08-08T10:31:31Z,1.0,2026,8,ete_ouvrieres,46.503,-0.748,4.0,precise_100m,85256,Saint-Michel-le-Cloucq,85,"Vespa velutina Lepeletier, 1836",SPECIES,HUMAN_OBSERVATION,iNaturalist,50c9509d-22c7-4a22-a47d-8c48425ef4a7,CC_BY_NC_4_0,True,True,1,1,6480712695,False,False,,gbif_20260923T091718Z/page_year-2026_offset-000000.json,2026-09-23T09:18:20Z
4fc9724797e5cea0,6500346783,2026-08-12,2026-08-12T14:16:27Z,1.0,2026,8,ete_ouvrieres,47.47,-0.519,296.0,moyenne_1km,49267,Saint-Barthélemy-d'Anjou,49,"Vespa velutina nigrithorax Buysson, 1905",SUBSPECIES,HUMAN_OBSERVATION,iNaturalist,50c9509d-22c7-4a22-a47d-8c48425ef4a7,CC_BY_NC_4_0,True,True,1,1,6500346783,False,False,,gbif_20260923T091718Z/page_year-2026_offset-000000.json,2026-09-23T09:18:20Z
ef8120f466bc497b,6498167503,2026-08-18,2026-08-18T15:40:40Z,1.0,2026,8,ete_ouvrieres,47.457,-0.601,,inconnue,49007,Angers,49,"Vespa velutina Lepeletier, 1836",SPECIES,HUMAN_OBSERVATION,iNaturalist,50c9509d-22c7-4a22-a47d-8c48425ef4a7,CC0_1_0,False,False,1,1,6498167503,False,False,Q08_incertitude_connue,gbif_20260923T091718Z/page_year-2026_offset-000000.json,2026-09-23T09:18:20Z
c8a245c1b9b10b78,6498786595,2026-08-23,2026-08-23T15:15:35Z,1.0,2026,8,ete_ouvrieres,47.47,-0.519,296.0,moyenne_1km,49267,Saint-Barthélemy-d'Anjou,49,"Vespa velutina nigrithorax Buysson, 1905",SUBSPECIES,HUMAN_OBSERVATION,iNaturalist,50c9509d-22c7-4a22-a47d-8c48425ef4a7,CC_BY_NC_4_0,True,True,1,1,6498786595,False,False,,gbif_20260923T091718Z/page_year-2026_offset-000000.json,2026-09-23T09:18:20Z
f2e745d8f2ba7cbd,6519036483,2026-08-25,2026-08-25T10:33:25Z,1.0,2026,8,ete_ouvrieres,47.47,-0.519,296.0,moyenne_1km,49267,Saint-Barthélemy-d'Anjou,49,"Vespa velutina nigrithorax Buysson, 1905",SUBSPECIES,HUMAN_OBSERVATION,iNaturalist,50c9509d-22c7-4a22-a47d-8c48425ef4a7,CC_BY_NC_4_0,True,True,1,1,6519036483,False,False,,gbif_20260923T091718Z/page_year-2026_offset-000000.json,2026-09-23T09:18:20Z
8aa446831c0e2f37,6520305234,2026-08-28,2026-08-28T11:52:03Z,1.0,2026,8,ete_ouvrieres,47.47,-0.519,296.0,moyenne_1km,49267,Saint-Barthélemy-d'Anjou,49,"Vespa velutina nigrithorax Buysson, 1905",SUBSPECIES,HUMAN_OBSERVATION,iNaturalist,50c9509d-22c7-4a22-a47d-8c48425ef4a7,CC_BY_NC_4_0,True,True,1,1,6520305234,False,False,,gbif_20260923T091718Z/page_year-2026_offset-000000.json,2026-09-23T09:18:20Z
3e3d166ece4115ad,6518741864,2026-09-02,2026-09-02T09:34:00Z,1.0,2026,9,automne_reproduction,46.659,-1.048,488.0,moyenne_1km,85051,Chantonnay,85,"Vespa velutina nigrithorax Buysson, 1905",SUBSPECIES,HUMAN_OBSERVATION,iNaturalist,50c9509d-22c7-4a22-a47d-8c48425ef4a7,CC_BY_NC_4_0,True,True,1,1,6518741864,False,False,,gbif_20260923T091718Z/page_year-2026_offset-000000.json,2026-09-23T09:18:20Z
272109001a169e76,6520198857,2026-09-04,2026-09-04T16:11:00Z,1.0,2026,9,automne_reproduction,47.483,-0.599,2.0,precise_100m,49007,Angers,49,"Vespa velutina nigrithorax Buysson, 1905",SUBSPECIES,HUMAN_OBSERVATION,iNaturalist,50c9509d-22c7-4a22-a47d-8c48425ef4a7,CC_BY_NC_4_0,True,True,1,1,6520198857,False,False,,gbif_20260923T091718Z/page_year-2026_offset-000000.json,2026-09-23T09:18:20Z
af776c571035303e,6519011824,2026-09-04,2026-09-04T14:57:00Z,1.0,2026,9,automne_reproduction,47.48,-0.598,4.0,precise_100m,49007,Angers,49,"Vespa velutina nigrithorax Buysson, 1905",SUBSPECIES,HUMAN_OBSERVATION,iNaturalist,50c9509d-22c7-4a22-a47d-8c48425ef4a7,CC_BY_NC_4_0,True,True,1,1,6519011824,False,False,,gbif_20260923T091718Z/page_year-2026_offset-000000.json,2026-09-23T09:18:20Z
